[2022-11-01 11:07:24] [WARNING ] discord.client: PyNaCl is not installed, voice will NOT be supported
[2022-11-01 11:07:24] [INFO    ] discord.client: logging in using static token
[2022-11-01 11:07:25] [INFO    ] discord.gateway: Shard ID None has connected to Gateway (Session ID: 86fcf605e1a4e0e80614001bb2edff1f).
[2022-11-01 11:09:32] [WARNING ] discord.client: PyNaCl is not installed, voice will NOT be supported
[2022-11-01 11:09:32] [INFO    ] discord.client: logging in using static token
[2022-11-01 11:09:33] [INFO    ] discord.gateway: Shard ID None has connected to Gateway (Session ID: 6f5e5e9a900c27bf508ad7d93c5769ff).
[2022-11-01 11:09:35] [INFO    ] discord: -----------------------------------
Bot Name: ModMail | DeadShot#5510
Entwickler: Luca♛#7857

Startzeit: Tuesday 01.11.2022
           11:09:35
-----------------------------------
[2022-11-01 12:37:35] [WARNING ] discord.client: PyNaCl is not installed, voice will NOT be supported
[2022-11-01 12:37:35] [INFO    ] discord.client: logging in using static token
[2022-11-01 12:38:52] [WARNING ] discord.client: PyNaCl is not installed, voice will NOT be supported
[2022-11-01 12:38:52] [INFO    ] discord.client: logging in using static token
[2022-11-01 12:39:24] [WARNING ] discord.client: PyNaCl is not installed, voice will NOT be supported
[2022-11-01 12:39:24] [INFO    ] discord.client: logging in using static token
[2022-11-01 12:39:25] [INFO    ] discord.gateway: Shard ID None has connected to Gateway (Session ID: fb84a776d913c6e3e228bf2a5908971a).
[2022-11-01 12:44:28] [INFO    ] discord: Reloaded 'info' | Ausgeführt von Luca♛#7857
[2022-11-01 12:44:33] [ERROR   ] discord.app_commands.tree: Ignoring exception in command 'bestenliste'
Traceback (most recent call last):
  File "D:\pythonProject\Deadshot - ModMail\venv\lib\site-packages\discord\app_commands\commands.py", line 850, in _do_call
    return await self._callback(self.binding, interaction, **params)  # type: ignore
  File "D:\pythonProject\Deadshot - ModMail\cogs\info.py", line 408, in bestenliste
    if lala[0] in liste:
TypeError: 'int' object is not subscriptable

The above exception was the direct cause of the following exception:

Traceback (most recent call last):
  File "D:\pythonProject\Deadshot - ModMail\venv\lib\site-packages\discord\app_commands\tree.py", line 1240, in _call
    await command._invoke_with_namespace(interaction, namespace)
  File "D:\pythonProject\Deadshot - ModMail\venv\lib\site-packages\discord\app_commands\commands.py", line 876, in _invoke_with_namespace
    return await self._do_call(interaction, transformed_values)
  File "D:\pythonProject\Deadshot - ModMail\venv\lib\site-packages\discord\app_commands\commands.py", line 865, in _do_call
    raise CommandInvokeError(self, e) from e
discord.app_commands.errors.CommandInvokeError: Command 'bestenliste' raised an exception: TypeError: 'int' object is not subscriptable
[2022-11-01 12:47:27] [INFO    ] discord: Reloaded 'info' | Ausgeführt von Luca♛#7857
[2022-11-01 12:47:30] [ERROR   ] discord.app_commands.tree: Ignoring exception in command 'bestenliste'
Traceback (most recent call last):
  File "D:\pythonProject\Deadshot - ModMail\venv\lib\site-packages\discord\app_commands\commands.py", line 850, in _do_call
    return await self._callback(self.binding, interaction, **params)  # type: ignore
  File "D:\pythonProject\Deadshot - ModMail\cogs\info.py", line 410, in bestenliste
    if lala[1] in liste:
TypeError: 'int' object is not subscriptable

The above exception was the direct cause of the following exception:

Traceback (most recent call last):
  File "D:\pythonProject\Deadshot - ModMail\venv\lib\site-packages\discord\app_commands\tree.py", line 1240, in _call
    await command._invoke_with_namespace(interaction, namespace)
  File "D:\pythonProject\Deadshot - ModMail\venv\lib\site-packages\discord\app_commands\commands.py", line 876, in _invoke_with_namespace
    return await self._do_call(interaction, transformed_values)
  File "D:\pythonProject\Deadshot - ModMail\venv\lib\site-packages\discord\app_commands\commands.py", line 865, in _do_call
    raise CommandInvokeError(self, e) from e
discord.app_commands.errors.CommandInvokeError: Command 'bestenliste' raised an exception: TypeError: 'int' object is not subscriptable
[2022-11-01 12:49:09] [INFO    ] discord: Reloaded 'info' | Ausgeführt von Luca♛#7857
[2022-11-01 12:49:13] [ERROR   ] discord.app_commands.tree: Ignoring exception in command 'bestenliste'
Traceback (most recent call last):
  File "D:\pythonProject\Deadshot - ModMail\venv\lib\site-packages\discord\app_commands\commands.py", line 850, in _do_call
    return await self._callback(self.binding, interaction, **params)  # type: ignore
  File "D:\pythonProject\Deadshot - ModMail\cogs\info.py", line 403, in bestenliste
    leader_board.append(daten2_guild, guild_tickets)
TypeError: list.append() takes exactly one argument (2 given)

The above exception was the direct cause of the following exception:

Traceback (most recent call last):
  File "D:\pythonProject\Deadshot - ModMail\venv\lib\site-packages\discord\app_commands\tree.py", line 1240, in _call
    await command._invoke_with_namespace(interaction, namespace)
  File "D:\pythonProject\Deadshot - ModMail\venv\lib\site-packages\discord\app_commands\commands.py", line 876, in _invoke_with_namespace
    return await self._do_call(interaction, transformed_values)
  File "D:\pythonProject\Deadshot - ModMail\venv\lib\site-packages\discord\app_commands\commands.py", line 865, in _do_call
    raise CommandInvokeError(self, e) from e
discord.app_commands.errors.CommandInvokeError: Command 'bestenliste' raised an exception: TypeError: list.append() takes exactly one argument (2 given)
[2022-11-01 12:49:34] [INFO    ] discord: Reloaded 'info' | Ausgeführt von Luca♛#7857
[2022-11-01 12:49:38] [ERROR   ] discord.app_commands.tree: Ignoring exception in command 'bestenliste'
Traceback (most recent call last):
  File "D:\pythonProject\Deadshot - ModMail\venv\lib\site-packages\discord\app_commands\commands.py", line 850, in _do_call
    return await self._callback(self.binding, interaction, **params)  # type: ignore
  File "D:\pythonProject\Deadshot - ModMail\cogs\info.py", line 410, in bestenliste
    if lala[1] in liste:
TypeError: 'int' object is not subscriptable

The above exception was the direct cause of the following exception:

Traceback (most recent call last):
  File "D:\pythonProject\Deadshot - ModMail\venv\lib\site-packages\discord\app_commands\tree.py", line 1240, in _call
    await command._invoke_with_namespace(interaction, namespace)
  File "D:\pythonProject\Deadshot - ModMail\venv\lib\site-packages\discord\app_commands\commands.py", line 876, in _invoke_with_namespace
    return await self._do_call(interaction, transformed_values)
  File "D:\pythonProject\Deadshot - ModMail\venv\lib\site-packages\discord\app_commands\commands.py", line 865, in _do_call
    raise CommandInvokeError(self, e) from e
discord.app_commands.errors.CommandInvokeError: Command 'bestenliste' raised an exception: TypeError: 'int' object is not subscriptable
[2022-11-01 12:51:00] [INFO    ] discord: Reloaded 'info' | Ausgeführt von Luca♛#7857
[2022-11-01 12:51:03] [ERROR   ] discord.app_commands.tree: Ignoring exception in command 'bestenliste'
Traceback (most recent call last):
  File "D:\pythonProject\Deadshot - ModMail\venv\lib\site-packages\discord\app_commands\commands.py", line 850, in _do_call
    return await self._callback(self.binding, interaction, **params)  # type: ignore
  File "D:\pythonProject\Deadshot - ModMail\cogs\info.py", line 410, in bestenliste
    if lala[1] in liste:
TypeError: 'int' object is not subscriptable

The above exception was the direct cause of the following exception:

Traceback (most recent call last):
  File "D:\pythonProject\Deadshot - ModMail\venv\lib\site-packages\discord\app_commands\tree.py", line 1240, in _call
    await command._invoke_with_namespace(interaction, namespace)
  File "D:\pythonProject\Deadshot - ModMail\venv\lib\site-packages\discord\app_commands\commands.py", line 876, in _invoke_with_namespace
    return await self._do_call(interaction, transformed_values)
  File "D:\pythonProject\Deadshot - ModMail\venv\lib\site-packages\discord\app_commands\commands.py", line 865, in _do_call
    raise CommandInvokeError(self, e) from e
discord.app_commands.errors.CommandInvokeError: Command 'bestenliste' raised an exception: TypeError: 'int' object is not subscriptable
[2022-11-01 12:52:20] [INFO    ] discord: Reloaded 'info' | Ausgeführt von Luca♛#7857
[2022-11-01 12:53:35] [INFO    ] discord: Reloaded 'info' | Ausgeführt von Luca♛#7857
[2022-11-01 12:53:39] [ERROR   ] discord.app_commands.tree: Ignoring exception in command 'bestenliste'
Traceback (most recent call last):
  File "D:\pythonProject\Deadshot - ModMail\venv\lib\site-packages\discord\app_commands\commands.py", line 850, in _do_call
    return await self._callback(self.binding, interaction, **params)  # type: ignore
  File "D:\pythonProject\Deadshot - ModMail\cogs\info.py", line 439, in bestenliste
    member_id, tickets = pos
TypeError: cannot unpack non-iterable int object

The above exception was the direct cause of the following exception:

Traceback (most recent call last):
  File "D:\pythonProject\Deadshot - ModMail\venv\lib\site-packages\discord\app_commands\tree.py", line 1240, in _call
    await command._invoke_with_namespace(interaction, namespace)
  File "D:\pythonProject\Deadshot - ModMail\venv\lib\site-packages\discord\app_commands\commands.py", line 876, in _invoke_with_namespace
    return await self._do_call(interaction, transformed_values)
  File "D:\pythonProject\Deadshot - ModMail\venv\lib\site-packages\discord\app_commands\commands.py", line 865, in _do_call
    raise CommandInvokeError(self, e) from e
discord.app_commands.errors.CommandInvokeError: Command 'bestenliste' raised an exception: TypeError: cannot unpack non-iterable int object
[2022-11-01 13:00:26] [INFO    ] discord: Reloaded 'info' | Ausgeführt von Luca♛#7857
[2022-11-01 13:00:29] [ERROR   ] discord.app_commands.tree: Ignoring exception in command 'bestenliste'
Traceback (most recent call last):
  File "D:\pythonProject\Deadshot - ModMail\venv\lib\site-packages\discord\app_commands\commands.py", line 850, in _do_call
    return await self._callback(self.binding, interaction, **params)  # type: ignore
  File "D:\pythonProject\Deadshot - ModMail\cogs\info.py", line 441, in bestenliste
    liste[str(data[1])] += data[1]
KeyError: '2'

The above exception was the direct cause of the following exception:

Traceback (most recent call last):
  File "D:\pythonProject\Deadshot - ModMail\venv\lib\site-packages\discord\app_commands\tree.py", line 1240, in _call
    await command._invoke_with_namespace(interaction, namespace)
  File "D:\pythonProject\Deadshot - ModMail\venv\lib\site-packages\discord\app_commands\commands.py", line 876, in _invoke_with_namespace
    return await self._do_call(interaction, transformed_values)
  File "D:\pythonProject\Deadshot - ModMail\venv\lib\site-packages\discord\app_commands\commands.py", line 869, in _do_call
    raise CommandInvokeError(self, e) from e
discord.app_commands.errors.CommandInvokeError: Command 'bestenliste' raised an exception: KeyError: '2'
[2022-11-01 13:01:03] [INFO    ] discord: Reloaded 'info' | Ausgeführt von Luca♛#7857
[2022-11-01 13:01:07] [ERROR   ] discord.app_commands.tree: Ignoring exception in command 'bestenliste'
Traceback (most recent call last):
  File "D:\pythonProject\Deadshot - ModMail\venv\lib\site-packages\discord\app_commands\commands.py", line 850, in _do_call
    return await self._callback(self.binding, interaction, **params)  # type: ignore
  File "D:\pythonProject\Deadshot - ModMail\cogs\info.py", line 442, in bestenliste
    liste[str(data[1])] += data[1]
KeyError: '2'

The above exception was the direct cause of the following exception:

Traceback (most recent call last):
  File "D:\pythonProject\Deadshot - ModMail\venv\lib\site-packages\discord\app_commands\tree.py", line 1240, in _call
    await command._invoke_with_namespace(interaction, namespace)
  File "D:\pythonProject\Deadshot - ModMail\venv\lib\site-packages\discord\app_commands\commands.py", line 876, in _invoke_with_namespace
    return await self._do_call(interaction, transformed_values)
  File "D:\pythonProject\Deadshot - ModMail\venv\lib\site-packages\discord\app_commands\commands.py", line 869, in _do_call
    raise CommandInvokeError(self, e) from e
discord.app_commands.errors.CommandInvokeError: Command 'bestenliste' raised an exception: KeyError: '2'
[2022-11-01 13:01:58] [INFO    ] discord: Reloaded 'info' | Ausgeführt von Luca♛#7857
[2022-11-01 13:02:08] [INFO    ] discord: Es wurden 15 Befehle synchronisiert. | Ausgeführt von Luca♛#7857
[2022-11-01 13:02:13] [ERROR   ] discord.app_commands.tree: Ignoring exception in command 'bestenliste'
Traceback (most recent call last):
  File "D:\pythonProject\Deadshot - ModMail\venv\lib\site-packages\discord\app_commands\commands.py", line 850, in _do_call
    return await self._callback(self.binding, interaction, **params)  # type: ignore
  File "D:\pythonProject\Deadshot - ModMail\cogs\info.py", line 442, in bestenliste
    liste[str(data[1])] += data[1]
KeyError: '2'

The above exception was the direct cause of the following exception:

Traceback (most recent call last):
  File "D:\pythonProject\Deadshot - ModMail\venv\lib\site-packages\discord\app_commands\tree.py", line 1240, in _call
    await command._invoke_with_namespace(interaction, namespace)
  File "D:\pythonProject\Deadshot - ModMail\venv\lib\site-packages\discord\app_commands\commands.py", line 876, in _invoke_with_namespace
    return await self._do_call(interaction, transformed_values)
  File "D:\pythonProject\Deadshot - ModMail\venv\lib\site-packages\discord\app_commands\commands.py", line 869, in _do_call
    raise CommandInvokeError(self, e) from e
discord.app_commands.errors.CommandInvokeError: Command 'bestenliste' raised an exception: KeyError: '2'
[2022-11-01 13:02:57] [INFO    ] discord: Reloaded 'info' | Ausgeführt von Luca♛#7857
[2022-11-01 13:03:01] [ERROR   ] discord.app_commands.tree: Ignoring exception in command 'bestenliste'
Traceback (most recent call last):
  File "D:\pythonProject\Deadshot - ModMail\venv\lib\site-packages\discord\app_commands\commands.py", line 850, in _do_call
    return await self._callback(self.binding, interaction, **params)  # type: ignore
  File "D:\pythonProject\Deadshot - ModMail\cogs\info.py", line 444, in bestenliste
    liste[str(data[1])] += data[1]
KeyError: '2'

The above exception was the direct cause of the following exception:

Traceback (most recent call last):
  File "D:\pythonProject\Deadshot - ModMail\venv\lib\site-packages\discord\app_commands\tree.py", line 1240, in _call
    await command._invoke_with_namespace(interaction, namespace)
  File "D:\pythonProject\Deadshot - ModMail\venv\lib\site-packages\discord\app_commands\commands.py", line 876, in _invoke_with_namespace
    return await self._do_call(interaction, transformed_values)
  File "D:\pythonProject\Deadshot - ModMail\venv\lib\site-packages\discord\app_commands\commands.py", line 869, in _do_call
    raise CommandInvokeError(self, e) from e
discord.app_commands.errors.CommandInvokeError: Command 'bestenliste' raised an exception: KeyError: '2'
[2022-11-01 13:03:23] [INFO    ] discord: Reloaded 'info' | Ausgeführt von Luca♛#7857
[2022-11-01 13:03:29] [ERROR   ] discord.app_commands.tree: Ignoring exception in command 'bestenliste'
Traceback (most recent call last):
  File "D:\pythonProject\Deadshot - ModMail\venv\lib\site-packages\discord\app_commands\commands.py", line 850, in _do_call
    return await self._callback(self.binding, interaction, **params)  # type: ignore
  File "D:\pythonProject\Deadshot - ModMail\cogs\info.py", line 444, in bestenliste
    liste[str(data[1])] += data[1]
KeyError: '2'

The above exception was the direct cause of the following exception:

Traceback (most recent call last):
  File "D:\pythonProject\Deadshot - ModMail\venv\lib\site-packages\discord\app_commands\tree.py", line 1240, in _call
    await command._invoke_with_namespace(interaction, namespace)
  File "D:\pythonProject\Deadshot - ModMail\venv\lib\site-packages\discord\app_commands\commands.py", line 876, in _invoke_with_namespace
    return await self._do_call(interaction, transformed_values)
  File "D:\pythonProject\Deadshot - ModMail\venv\lib\site-packages\discord\app_commands\commands.py", line 869, in _do_call
    raise CommandInvokeError(self, e) from e
discord.app_commands.errors.CommandInvokeError: Command 'bestenliste' raised an exception: KeyError: '2'
[2022-11-01 13:03:56] [INFO    ] discord: Reloaded 'info' | Ausgeführt von Luca♛#7857
[2022-11-01 13:04:19] [INFO    ] discord: Reloaded 'info' | Ausgeführt von Luca♛#7857
[2022-11-01 13:05:59] [INFO    ] discord: Reloaded 'info' | Ausgeführt von Luca♛#7857
[2022-11-01 13:06:57] [INFO    ] discord: Reloaded 'info' | Ausgeführt von Luca♛#7857
[2022-11-01 13:08:30] [INFO    ] discord: Reloaded 'info' | Ausgeführt von Luca♛#7857
[2022-11-01 13:08:34] [ERROR   ] discord.app_commands.tree: Ignoring exception in command 'bestenliste'
Traceback (most recent call last):
  File "D:\pythonProject\Deadshot - ModMail\venv\lib\site-packages\discord\app_commands\commands.py", line 850, in _do_call
    return await self._callback(self.binding, interaction, **params)  # type: ignore
  File "D:\pythonProject\Deadshot - ModMail\cogs\info.py", line 441, in bestenliste
    if data[0] in liste[str(data[0])]:
KeyError: '714361420409733171'

The above exception was the direct cause of the following exception:

Traceback (most recent call last):
  File "D:\pythonProject\Deadshot - ModMail\venv\lib\site-packages\discord\app_commands\tree.py", line 1240, in _call
    await command._invoke_with_namespace(interaction, namespace)
  File "D:\pythonProject\Deadshot - ModMail\venv\lib\site-packages\discord\app_commands\commands.py", line 876, in _invoke_with_namespace
    return await self._do_call(interaction, transformed_values)
  File "D:\pythonProject\Deadshot - ModMail\venv\lib\site-packages\discord\app_commands\commands.py", line 869, in _do_call
    raise CommandInvokeError(self, e) from e
discord.app_commands.errors.CommandInvokeError: Command 'bestenliste' raised an exception: KeyError: '714361420409733171'
[2022-11-01 13:10:59] [INFO    ] discord: Reloaded 'info' | Ausgeführt von Luca♛#7857
[2022-11-01 13:11:03] [ERROR   ] discord.app_commands.tree: Ignoring exception in command 'bestenliste'
Traceback (most recent call last):
  File "D:\pythonProject\Deadshot - ModMail\venv\lib\site-packages\discord\app_commands\commands.py", line 850, in _do_call
    return await self._callback(self.binding, interaction, **params)  # type: ignore
  File "D:\pythonProject\Deadshot - ModMail\cogs\info.py", line 441, in bestenliste
    if data[0] in liste[str(data[0])]:
KeyError: '714361420409733171'

The above exception was the direct cause of the following exception:

Traceback (most recent call last):
  File "D:\pythonProject\Deadshot - ModMail\venv\lib\site-packages\discord\app_commands\tree.py", line 1240, in _call
    await command._invoke_with_namespace(interaction, namespace)
  File "D:\pythonProject\Deadshot - ModMail\venv\lib\site-packages\discord\app_commands\commands.py", line 876, in _invoke_with_namespace
    return await self._do_call(interaction, transformed_values)
  File "D:\pythonProject\Deadshot - ModMail\venv\lib\site-packages\discord\app_commands\commands.py", line 869, in _do_call
    raise CommandInvokeError(self, e) from e
discord.app_commands.errors.CommandInvokeError: Command 'bestenliste' raised an exception: KeyError: '714361420409733171'
[2022-11-01 13:12:48] [INFO    ] discord: Reloaded 'info' | Ausgeführt von Luca♛#7857
[2022-11-01 13:12:51] [ERROR   ] discord.app_commands.tree: Ignoring exception in command 'bestenliste'
Traceback (most recent call last):
  File "D:\pythonProject\Deadshot - ModMail\venv\lib\site-packages\discord\app_commands\commands.py", line 850, in _do_call
    return await self._callback(self.binding, interaction, **params)  # type: ignore
  File "D:\pythonProject\Deadshot - ModMail\cogs\info.py", line 438, in bestenliste
    liste = {data: ""}
UnboundLocalError: local variable 'data' referenced before assignment

The above exception was the direct cause of the following exception:

Traceback (most recent call last):
  File "D:\pythonProject\Deadshot - ModMail\venv\lib\site-packages\discord\app_commands\tree.py", line 1240, in _call
    await command._invoke_with_namespace(interaction, namespace)
  File "D:\pythonProject\Deadshot - ModMail\venv\lib\site-packages\discord\app_commands\commands.py", line 876, in _invoke_with_namespace
    return await self._do_call(interaction, transformed_values)
  File "D:\pythonProject\Deadshot - ModMail\venv\lib\site-packages\discord\app_commands\commands.py", line 869, in _do_call
    raise CommandInvokeError(self, e) from e
discord.app_commands.errors.CommandInvokeError: Command 'bestenliste' raised an exception: UnboundLocalError: local variable 'data' referenced before assignment
[2022-11-01 16:15:57] [WARNING ] discord.client: PyNaCl is not installed, voice will NOT be supported
[2022-11-01 16:15:57] [INFO    ] discord.client: logging in using static token
[2022-11-01 16:15:58] [INFO    ] discord.gateway: Shard ID None has connected to Gateway (Session ID: e2cee31166c0021cd9446e900875e8a3).
[2022-11-01 16:51:30] [ERROR   ] discord.app_commands.tree: Ignoring exception in command 'bestenliste'
Traceback (most recent call last):
  File "D:\pythonProject\Deadshot - ModMail\venv\lib\site-packages\discord\app_commands\commands.py", line 850, in _do_call
    return await self._callback(self.binding, interaction, **params)  # type: ignore
  File "D:\pythonProject\Deadshot - ModMail\cogs\info.py", line 468, in bestenliste
    await interaction.response.send_message(embed=embed, view=view)
  File "D:\pythonProject\Deadshot - ModMail\venv\lib\site-packages\discord\interactions.py", line 718, in send_message
    await adapter.create_interaction_response(
  File "D:\pythonProject\Deadshot - ModMail\venv\lib\site-packages\discord\webhook\async_.py", line 219, in request
    raise NotFound(response, data)
discord.errors.NotFound: 404 Not Found (error code: 10062): Unknown interaction

The above exception was the direct cause of the following exception:

Traceback (most recent call last):
  File "D:\pythonProject\Deadshot - ModMail\venv\lib\site-packages\discord\app_commands\tree.py", line 1240, in _call
    await command._invoke_with_namespace(interaction, namespace)
  File "D:\pythonProject\Deadshot - ModMail\venv\lib\site-packages\discord\app_commands\commands.py", line 876, in _invoke_with_namespace
    return await self._do_call(interaction, transformed_values)
  File "D:\pythonProject\Deadshot - ModMail\venv\lib\site-packages\discord\app_commands\commands.py", line 869, in _do_call
    raise CommandInvokeError(self, e) from e
discord.app_commands.errors.CommandInvokeError: Command 'bestenliste' raised an exception: NotFound: 404 Not Found (error code: 10062): Unknown interaction
[2022-11-01 16:51:51] [INFO    ] discord: Reloaded 'info' | Ausgeführt von Luca♛#7857
[2022-11-01 16:51:54] [ERROR   ] discord.app_commands.tree: Ignoring exception in command 'bestenliste'
Traceback (most recent call last):
  File "D:\pythonProject\Deadshot - ModMail\venv\lib\site-packages\discord\app_commands\commands.py", line 850, in _do_call
    return await self._callback(self.binding, interaction, **params)  # type: ignore
  File "D:\pythonProject\Deadshot - ModMail\cogs\info.py", line 441, in bestenliste
    embed = discord.Embed(description=data,
UnboundLocalError: local variable 'data' referenced before assignment

The above exception was the direct cause of the following exception:

Traceback (most recent call last):
  File "D:\pythonProject\Deadshot - ModMail\venv\lib\site-packages\discord\app_commands\tree.py", line 1240, in _call
    await command._invoke_with_namespace(interaction, namespace)
  File "D:\pythonProject\Deadshot - ModMail\venv\lib\site-packages\discord\app_commands\commands.py", line 876, in _invoke_with_namespace
    return await self._do_call(interaction, transformed_values)
  File "D:\pythonProject\Deadshot - ModMail\venv\lib\site-packages\discord\app_commands\commands.py", line 869, in _do_call
    raise CommandInvokeError(self, e) from e
discord.app_commands.errors.CommandInvokeError: Command 'bestenliste' raised an exception: UnboundLocalError: local variable 'data' referenced before assignment
[2022-11-01 16:53:38] [INFO    ] discord: Reloaded 'info' | Ausgeführt von Luca♛#7857
[2022-11-01 16:53:39] [ERROR   ] discord.app_commands.tree: Ignoring exception in command 'bestenliste'
Traceback (most recent call last):
  File "D:\pythonProject\Deadshot - ModMail\venv\lib\site-packages\discord\app_commands\commands.py", line 850, in _do_call
    return await self._callback(self.binding, interaction, **params)  # type: ignore
  File "D:\pythonProject\Deadshot - ModMail\cogs\info.py", line 441, in bestenliste
    embed = discord.Embed(description=data,
UnboundLocalError: local variable 'data' referenced before assignment

The above exception was the direct cause of the following exception:

Traceback (most recent call last):
  File "D:\pythonProject\Deadshot - ModMail\venv\lib\site-packages\discord\app_commands\tree.py", line 1240, in _call
    await command._invoke_with_namespace(interaction, namespace)
  File "D:\pythonProject\Deadshot - ModMail\venv\lib\site-packages\discord\app_commands\commands.py", line 876, in _invoke_with_namespace
    return await self._do_call(interaction, transformed_values)
  File "D:\pythonProject\Deadshot - ModMail\venv\lib\site-packages\discord\app_commands\commands.py", line 869, in _do_call
    raise CommandInvokeError(self, e) from e
discord.app_commands.errors.CommandInvokeError: Command 'bestenliste' raised an exception: UnboundLocalError: local variable 'data' referenced before assignment
[2022-11-01 17:06:47] [INFO    ] discord: Reloaded 'info' | Ausgeführt von Luca♛#7857
[2022-11-01 17:06:50] [ERROR   ] discord.app_commands.tree: Ignoring exception in command 'bestenliste'
Traceback (most recent call last):
  File "D:\pythonProject\Deadshot - ModMail\venv\lib\site-packages\discord\app_commands\commands.py", line 850, in _do_call
    return await self._callback(self.binding, interaction, **params)  # type: ignore
  File "D:\pythonProject\Deadshot - ModMail\cogs\info.py", line 396, in bestenliste
    await cur.execute(f"SELECT userID, closed_tickets FROM teamm_tickets ORDER BY closed_tickets DESC")
  File "D:\pythonProject\Deadshot - ModMail\venv\lib\site-packages\aiomysql\cursors.py", line 239, in execute
    await self._query(query)
  File "D:\pythonProject\Deadshot - ModMail\venv\lib\site-packages\aiomysql\cursors.py", line 457, in _query
    await conn.query(q)
  File "D:\pythonProject\Deadshot - ModMail\venv\lib\site-packages\aiomysql\connection.py", line 469, in query
    await self._read_query_result(unbuffered=unbuffered)
  File "D:\pythonProject\Deadshot - ModMail\venv\lib\site-packages\aiomysql\connection.py", line 672, in _read_query_result
    await result.read()
  File "D:\pythonProject\Deadshot - ModMail\venv\lib\site-packages\aiomysql\connection.py", line 1153, in read
    first_packet = await self.connection._read_packet()
  File "D:\pythonProject\Deadshot - ModMail\venv\lib\site-packages\aiomysql\connection.py", line 641, in _read_packet
    packet.raise_for_error()
  File "D:\pythonProject\Deadshot - ModMail\venv\lib\site-packages\pymysql\protocol.py", line 221, in raise_for_error
    err.raise_mysql_exception(self._data)
  File "D:\pythonProject\Deadshot - ModMail\venv\lib\site-packages\pymysql\err.py", line 143, in raise_mysql_exception
    raise errorclass(errno, errval)
pymysql.err.ProgrammingError: (1146, "Table 's210_DeadShot.teamm_tickets' doesn't exist")

The above exception was the direct cause of the following exception:

Traceback (most recent call last):
  File "D:\pythonProject\Deadshot - ModMail\venv\lib\site-packages\discord\app_commands\tree.py", line 1240, in _call
    await command._invoke_with_namespace(interaction, namespace)
  File "D:\pythonProject\Deadshot - ModMail\venv\lib\site-packages\discord\app_commands\commands.py", line 876, in _invoke_with_namespace
    return await self._do_call(interaction, transformed_values)
  File "D:\pythonProject\Deadshot - ModMail\venv\lib\site-packages\discord\app_commands\commands.py", line 869, in _do_call
    raise CommandInvokeError(self, e) from e
discord.app_commands.errors.CommandInvokeError: Command 'bestenliste' raised an exception: ProgrammingError: (1146, "Table 's210_DeadShot.teamm_tickets' doesn't exist")
[2022-11-01 17:07:14] [INFO    ] discord: Reloaded 'info' | Ausgeführt von Luca♛#7857
[2022-11-01 17:07:19] [ERROR   ] discord.app_commands.tree: Ignoring exception in command 'bestenliste'
Traceback (most recent call last):
  File "D:\pythonProject\Deadshot - ModMail\venv\lib\site-packages\discord\app_commands\commands.py", line 850, in _do_call
    return await self._callback(self.binding, interaction, **params)  # type: ignore
  File "D:\pythonProject\Deadshot - ModMail\cogs\info.py", line 396, in bestenliste
    await cur.execute(f"SELECT userID, closed_tickets FROM teamm_tickets ORDER BY closed_tickets DESC")
  File "D:\pythonProject\Deadshot - ModMail\venv\lib\site-packages\aiomysql\cursors.py", line 239, in execute
    await self._query(query)
  File "D:\pythonProject\Deadshot - ModMail\venv\lib\site-packages\aiomysql\cursors.py", line 457, in _query
    await conn.query(q)
  File "D:\pythonProject\Deadshot - ModMail\venv\lib\site-packages\aiomysql\connection.py", line 469, in query
    await self._read_query_result(unbuffered=unbuffered)
  File "D:\pythonProject\Deadshot - ModMail\venv\lib\site-packages\aiomysql\connection.py", line 672, in _read_query_result
    await result.read()
  File "D:\pythonProject\Deadshot - ModMail\venv\lib\site-packages\aiomysql\connection.py", line 1153, in read
    first_packet = await self.connection._read_packet()
  File "D:\pythonProject\Deadshot - ModMail\venv\lib\site-packages\aiomysql\connection.py", line 641, in _read_packet
    packet.raise_for_error()
  File "D:\pythonProject\Deadshot - ModMail\venv\lib\site-packages\pymysql\protocol.py", line 221, in raise_for_error
    err.raise_mysql_exception(self._data)
  File "D:\pythonProject\Deadshot - ModMail\venv\lib\site-packages\pymysql\err.py", line 143, in raise_mysql_exception
    raise errorclass(errno, errval)
pymysql.err.ProgrammingError: (1146, "Table 's210_DeadShot.teamm_tickets' doesn't exist")

The above exception was the direct cause of the following exception:

Traceback (most recent call last):
  File "D:\pythonProject\Deadshot - ModMail\venv\lib\site-packages\discord\app_commands\tree.py", line 1240, in _call
    await command._invoke_with_namespace(interaction, namespace)
  File "D:\pythonProject\Deadshot - ModMail\venv\lib\site-packages\discord\app_commands\commands.py", line 876, in _invoke_with_namespace
    return await self._do_call(interaction, transformed_values)
  File "D:\pythonProject\Deadshot - ModMail\venv\lib\site-packages\discord\app_commands\commands.py", line 869, in _do_call
    raise CommandInvokeError(self, e) from e
discord.app_commands.errors.CommandInvokeError: Command 'bestenliste' raised an exception: ProgrammingError: (1146, "Table 's210_DeadShot.teamm_tickets' doesn't exist")
[2022-11-01 17:08:12] [WARNING ] discord.client: PyNaCl is not installed, voice will NOT be supported
[2022-11-01 17:08:12] [INFO    ] discord.client: logging in using static token
[2022-11-01 17:08:13] [INFO    ] discord.gateway: Shard ID None has connected to Gateway (Session ID: 1a2f304f809f7ba4343cc33afc7987c3).
[2022-11-01 17:08:23] [ERROR   ] discord.app_commands.tree: Ignoring exception in command 'bestenliste'
Traceback (most recent call last):
  File "D:\pythonProject\Deadshot - ModMail\venv\lib\site-packages\discord\app_commands\commands.py", line 850, in _do_call
    return await self._callback(self.binding, interaction, **params)  # type: ignore
  File "D:\pythonProject\Deadshot - ModMail\cogs\info.py", line 396, in bestenliste
    await cur.execute(f"SELECT userID, closed_tickets FROM teamm_tickets ORDER BY closed_tickets DESC")
  File "D:\pythonProject\Deadshot - ModMail\venv\lib\site-packages\aiomysql\cursors.py", line 239, in execute
    await self._query(query)
  File "D:\pythonProject\Deadshot - ModMail\venv\lib\site-packages\aiomysql\cursors.py", line 457, in _query
    await conn.query(q)
  File "D:\pythonProject\Deadshot - ModMail\venv\lib\site-packages\aiomysql\connection.py", line 469, in query
    await self._read_query_result(unbuffered=unbuffered)
  File "D:\pythonProject\Deadshot - ModMail\venv\lib\site-packages\aiomysql\connection.py", line 672, in _read_query_result
    await result.read()
  File "D:\pythonProject\Deadshot - ModMail\venv\lib\site-packages\aiomysql\connection.py", line 1153, in read
    first_packet = await self.connection._read_packet()
  File "D:\pythonProject\Deadshot - ModMail\venv\lib\site-packages\aiomysql\connection.py", line 641, in _read_packet
    packet.raise_for_error()
  File "D:\pythonProject\Deadshot - ModMail\venv\lib\site-packages\pymysql\protocol.py", line 221, in raise_for_error
    err.raise_mysql_exception(self._data)
  File "D:\pythonProject\Deadshot - ModMail\venv\lib\site-packages\pymysql\err.py", line 143, in raise_mysql_exception
    raise errorclass(errno, errval)
pymysql.err.ProgrammingError: (1146, "Table 's210_DeadShot.teamm_tickets' doesn't exist")

The above exception was the direct cause of the following exception:

Traceback (most recent call last):
  File "D:\pythonProject\Deadshot - ModMail\venv\lib\site-packages\discord\app_commands\tree.py", line 1240, in _call
    await command._invoke_with_namespace(interaction, namespace)
  File "D:\pythonProject\Deadshot - ModMail\venv\lib\site-packages\discord\app_commands\commands.py", line 876, in _invoke_with_namespace
    return await self._do_call(interaction, transformed_values)
  File "D:\pythonProject\Deadshot - ModMail\venv\lib\site-packages\discord\app_commands\commands.py", line 869, in _do_call
    raise CommandInvokeError(self, e) from e
discord.app_commands.errors.CommandInvokeError: Command 'bestenliste' raised an exception: ProgrammingError: (1146, "Table 's210_DeadShot.teamm_tickets' doesn't exist")
[2022-11-01 17:08:37] [INFO    ] discord: Reloaded 'info' | Ausgeführt von Luca♛#7857
[2022-11-01 17:08:40] [ERROR   ] discord.app_commands.tree: Ignoring exception in command 'bestenliste'
Traceback (most recent call last):
  File "D:\pythonProject\Deadshot - ModMail\venv\lib\site-packages\discord\app_commands\commands.py", line 850, in _do_call
    return await self._callback(self.binding, interaction, **params)  # type: ignore
  File "D:\pythonProject\Deadshot - ModMail\cogs\info.py", line 396, in bestenliste
    await cur.execute(f"SELECT userID, closed_tickets FROM teamm_tickets ORDER BY closed_tickets DESC")
  File "D:\pythonProject\Deadshot - ModMail\venv\lib\site-packages\aiomysql\cursors.py", line 239, in execute
    await self._query(query)
  File "D:\pythonProject\Deadshot - ModMail\venv\lib\site-packages\aiomysql\cursors.py", line 457, in _query
    await conn.query(q)
  File "D:\pythonProject\Deadshot - ModMail\venv\lib\site-packages\aiomysql\connection.py", line 469, in query
    await self._read_query_result(unbuffered=unbuffered)
  File "D:\pythonProject\Deadshot - ModMail\venv\lib\site-packages\aiomysql\connection.py", line 672, in _read_query_result
    await result.read()
  File "D:\pythonProject\Deadshot - ModMail\venv\lib\site-packages\aiomysql\connection.py", line 1153, in read
    first_packet = await self.connection._read_packet()
  File "D:\pythonProject\Deadshot - ModMail\venv\lib\site-packages\aiomysql\connection.py", line 641, in _read_packet
    packet.raise_for_error()
  File "D:\pythonProject\Deadshot - ModMail\venv\lib\site-packages\pymysql\protocol.py", line 221, in raise_for_error
    err.raise_mysql_exception(self._data)
  File "D:\pythonProject\Deadshot - ModMail\venv\lib\site-packages\pymysql\err.py", line 143, in raise_mysql_exception
    raise errorclass(errno, errval)
pymysql.err.ProgrammingError: (1146, "Table 's210_DeadShot.teamm_tickets' doesn't exist")

The above exception was the direct cause of the following exception:

Traceback (most recent call last):
  File "D:\pythonProject\Deadshot - ModMail\venv\lib\site-packages\discord\app_commands\tree.py", line 1240, in _call
    await command._invoke_with_namespace(interaction, namespace)
  File "D:\pythonProject\Deadshot - ModMail\venv\lib\site-packages\discord\app_commands\commands.py", line 876, in _invoke_with_namespace
    return await self._do_call(interaction, transformed_values)
  File "D:\pythonProject\Deadshot - ModMail\venv\lib\site-packages\discord\app_commands\commands.py", line 869, in _do_call
    raise CommandInvokeError(self, e) from e
discord.app_commands.errors.CommandInvokeError: Command 'bestenliste' raised an exception: ProgrammingError: (1146, "Table 's210_DeadShot.teamm_tickets' doesn't exist")
[2022-11-01 17:09:00] [INFO    ] discord: Reloaded 'info' | Ausgeführt von Luca♛#7857
[2022-11-01 17:09:03] [ERROR   ] discord.app_commands.tree: Ignoring exception in command 'bestenliste'
Traceback (most recent call last):
  File "D:\pythonProject\Deadshot - ModMail\venv\lib\site-packages\discord\app_commands\commands.py", line 850, in _do_call
    return await self._callback(self.binding, interaction, **params)  # type: ignore
  File "D:\pythonProject\Deadshot - ModMail\cogs\info.py", line 442, in bestenliste
    embed = discord.Embed(description=data,
UnboundLocalError: local variable 'data' referenced before assignment

The above exception was the direct cause of the following exception:

Traceback (most recent call last):
  File "D:\pythonProject\Deadshot - ModMail\venv\lib\site-packages\discord\app_commands\tree.py", line 1240, in _call
    await command._invoke_with_namespace(interaction, namespace)
  File "D:\pythonProject\Deadshot - ModMail\venv\lib\site-packages\discord\app_commands\commands.py", line 876, in _invoke_with_namespace
    return await self._do_call(interaction, transformed_values)
  File "D:\pythonProject\Deadshot - ModMail\venv\lib\site-packages\discord\app_commands\commands.py", line 869, in _do_call
    raise CommandInvokeError(self, e) from e
discord.app_commands.errors.CommandInvokeError: Command 'bestenliste' raised an exception: UnboundLocalError: local variable 'data' referenced before assignment
[2022-11-01 17:13:35] [INFO    ] discord.gateway: Shard ID None has successfully RESUMED session 1a2f304f809f7ba4343cc33afc7987c3.
[2022-11-01 17:16:14] [INFO    ] discord: Reloaded 'info' | Ausgeführt von Luca♛#7857
[2022-11-01 17:16:23] [ERROR   ] discord.app_commands.tree: Ignoring exception in command 'bestenliste'
Traceback (most recent call last):
  File "D:\pythonProject\Deadshot - ModMail\venv\lib\site-packages\discord\app_commands\commands.py", line 850, in _do_call
    return await self._callback(self.binding, interaction, **params)  # type: ignore
  File "D:\pythonProject\Deadshot - ModMail\cogs\info.py", line 449, in bestenliste
    embed = discord.Embed(description=data,
UnboundLocalError: local variable 'data' referenced before assignment

The above exception was the direct cause of the following exception:

Traceback (most recent call last):
  File "D:\pythonProject\Deadshot - ModMail\venv\lib\site-packages\discord\app_commands\tree.py", line 1240, in _call
    await command._invoke_with_namespace(interaction, namespace)
  File "D:\pythonProject\Deadshot - ModMail\venv\lib\site-packages\discord\app_commands\commands.py", line 876, in _invoke_with_namespace
    return await self._do_call(interaction, transformed_values)
  File "D:\pythonProject\Deadshot - ModMail\venv\lib\site-packages\discord\app_commands\commands.py", line 869, in _do_call
    raise CommandInvokeError(self, e) from e
discord.app_commands.errors.CommandInvokeError: Command 'bestenliste' raised an exception: UnboundLocalError: local variable 'data' referenced before assignment
[2022-11-01 17:16:37] [INFO    ] discord: Reloaded 'info' | Ausgeführt von Luca♛#7857
[2022-11-01 17:16:53] [ERROR   ] discord.app_commands.tree: Ignoring exception in command 'bestenliste'
Traceback (most recent call last):
  File "D:\pythonProject\Deadshot - ModMail\venv\lib\site-packages\discord\app_commands\commands.py", line 850, in _do_call
    return await self._callback(self.binding, interaction, **params)  # type: ignore
  File "D:\pythonProject\Deadshot - ModMail\cogs\info.py", line 451, in bestenliste
    embed = discord.Embed(description=data,
UnboundLocalError: local variable 'data' referenced before assignment

The above exception was the direct cause of the following exception:

Traceback (most recent call last):
  File "D:\pythonProject\Deadshot - ModMail\venv\lib\site-packages\discord\app_commands\tree.py", line 1240, in _call
    await command._invoke_with_namespace(interaction, namespace)
  File "D:\pythonProject\Deadshot - ModMail\venv\lib\site-packages\discord\app_commands\commands.py", line 876, in _invoke_with_namespace
    return await self._do_call(interaction, transformed_values)
  File "D:\pythonProject\Deadshot - ModMail\venv\lib\site-packages\discord\app_commands\commands.py", line 869, in _do_call
    raise CommandInvokeError(self, e) from e
discord.app_commands.errors.CommandInvokeError: Command 'bestenliste' raised an exception: UnboundLocalError: local variable 'data' referenced before assignment
[2022-11-01 17:17:00] [INFO    ] discord: Reloaded 'info' | Ausgeführt von Luca♛#7857
[2022-11-01 17:17:02] [ERROR   ] discord.app_commands.tree: Ignoring exception in command 'bestenliste'
Traceback (most recent call last):
  File "D:\pythonProject\Deadshot - ModMail\venv\lib\site-packages\discord\app_commands\commands.py", line 850, in _do_call
    return await self._callback(self.binding, interaction, **params)  # type: ignore
  File "D:\pythonProject\Deadshot - ModMail\cogs\info.py", line 451, in bestenliste
    embed = discord.Embed(description=data,
UnboundLocalError: local variable 'data' referenced before assignment

The above exception was the direct cause of the following exception:

Traceback (most recent call last):
  File "D:\pythonProject\Deadshot - ModMail\venv\lib\site-packages\discord\app_commands\tree.py", line 1240, in _call
    await command._invoke_with_namespace(interaction, namespace)
  File "D:\pythonProject\Deadshot - ModMail\venv\lib\site-packages\discord\app_commands\commands.py", line 876, in _invoke_with_namespace
    return await self._do_call(interaction, transformed_values)
  File "D:\pythonProject\Deadshot - ModMail\venv\lib\site-packages\discord\app_commands\commands.py", line 869, in _do_call
    raise CommandInvokeError(self, e) from e
discord.app_commands.errors.CommandInvokeError: Command 'bestenliste' raised an exception: UnboundLocalError: local variable 'data' referenced before assignment
[2022-11-01 17:19:54] [INFO    ] discord: Reloaded 'info' | Ausgeführt von Luca♛#7857
[2022-11-01 17:19:57] [ERROR   ] discord.app_commands.tree: Ignoring exception in command 'bestenliste'
Traceback (most recent call last):
  File "D:\pythonProject\Deadshot - ModMail\venv\lib\site-packages\discord\app_commands\commands.py", line 850, in _do_call
    return await self._callback(self.binding, interaction, **params)  # type: ignore
  File "D:\pythonProject\Deadshot - ModMail\cogs\info.py", line 401, in bestenliste
    if int(daten2[0]) in liste[str(daten2[0])]:
KeyError: '714361420409733171'

The above exception was the direct cause of the following exception:

Traceback (most recent call last):
  File "D:\pythonProject\Deadshot - ModMail\venv\lib\site-packages\discord\app_commands\tree.py", line 1240, in _call
    await command._invoke_with_namespace(interaction, namespace)
  File "D:\pythonProject\Deadshot - ModMail\venv\lib\site-packages\discord\app_commands\commands.py", line 876, in _invoke_with_namespace
    return await self._do_call(interaction, transformed_values)
  File "D:\pythonProject\Deadshot - ModMail\venv\lib\site-packages\discord\app_commands\commands.py", line 869, in _do_call
    raise CommandInvokeError(self, e) from e
discord.app_commands.errors.CommandInvokeError: Command 'bestenliste' raised an exception: KeyError: '714361420409733171'
[2022-11-01 18:05:29] [INFO    ] discord: Reloaded 'info' | Ausgeführt von Luca♛#7857
[2022-11-01 18:05:38] [ERROR   ] discord.app_commands.tree: Ignoring exception in command 'bestenliste'
Traceback (most recent call last):
  File "D:\pythonProject\Deadshot - ModMail\venv\lib\site-packages\discord\app_commands\commands.py", line 850, in _do_call
    return await self._callback(self.binding, interaction, **params)  # type: ignore
  File "D:\pythonProject\Deadshot - ModMail\cogs\info.py", line 451, in bestenliste
    embed = discord.Embed(description=data,
UnboundLocalError: local variable 'data' referenced before assignment

The above exception was the direct cause of the following exception:

Traceback (most recent call last):
  File "D:\pythonProject\Deadshot - ModMail\venv\lib\site-packages\discord\app_commands\tree.py", line 1240, in _call
    await command._invoke_with_namespace(interaction, namespace)
  File "D:\pythonProject\Deadshot - ModMail\venv\lib\site-packages\discord\app_commands\commands.py", line 876, in _invoke_with_namespace
    return await self._do_call(interaction, transformed_values)
  File "D:\pythonProject\Deadshot - ModMail\venv\lib\site-packages\discord\app_commands\commands.py", line 869, in _do_call
    raise CommandInvokeError(self, e) from e
discord.app_commands.errors.CommandInvokeError: Command 'bestenliste' raised an exception: UnboundLocalError: local variable 'data' referenced before assignment
[2022-11-01 18:06:03] [WARNING ] discord.client: PyNaCl is not installed, voice will NOT be supported
[2022-11-01 18:06:03] [INFO    ] discord.client: logging in using static token
[2022-11-01 18:06:04] [INFO    ] discord.gateway: Shard ID None has connected to Gateway (Session ID: 9afdabf9237eca05dc1da11812819c5f).
[2022-11-01 18:06:08] [ERROR   ] discord.app_commands.tree: Ignoring exception in command 'bestenliste'
Traceback (most recent call last):
  File "D:\pythonProject\Deadshot - ModMail\venv\lib\site-packages\discord\app_commands\commands.py", line 850, in _do_call
    return await self._callback(self.binding, interaction, **params)  # type: ignore
  File "D:\pythonProject\Deadshot - ModMail\cogs\info.py", line 451, in bestenliste
    embed = discord.Embed(description=data,
UnboundLocalError: local variable 'data' referenced before assignment

The above exception was the direct cause of the following exception:

Traceback (most recent call last):
  File "D:\pythonProject\Deadshot - ModMail\venv\lib\site-packages\discord\app_commands\tree.py", line 1240, in _call
    await command._invoke_with_namespace(interaction, namespace)
  File "D:\pythonProject\Deadshot - ModMail\venv\lib\site-packages\discord\app_commands\commands.py", line 876, in _invoke_with_namespace
    return await self._do_call(interaction, transformed_values)
  File "D:\pythonProject\Deadshot - ModMail\venv\lib\site-packages\discord\app_commands\commands.py", line 869, in _do_call
    raise CommandInvokeError(self, e) from e
discord.app_commands.errors.CommandInvokeError: Command 'bestenliste' raised an exception: UnboundLocalError: local variable 'data' referenced before assignment
[2022-11-01 18:06:52] [INFO    ] discord: Reloaded 'info' | Ausgeführt von Luca♛#7857
[2022-11-01 18:06:55] [ERROR   ] discord.app_commands.tree: Ignoring exception in command 'bestenliste'
Traceback (most recent call last):
  File "D:\pythonProject\Deadshot - ModMail\venv\lib\site-packages\discord\app_commands\commands.py", line 850, in _do_call
    return await self._callback(self.binding, interaction, **params)  # type: ignore
  File "D:\pythonProject\Deadshot - ModMail\cogs\info.py", line 452, in bestenliste
    embed = discord.Embed(description=data,
UnboundLocalError: local variable 'data' referenced before assignment

The above exception was the direct cause of the following exception:

Traceback (most recent call last):
  File "D:\pythonProject\Deadshot - ModMail\venv\lib\site-packages\discord\app_commands\tree.py", line 1240, in _call
    await command._invoke_with_namespace(interaction, namespace)
  File "D:\pythonProject\Deadshot - ModMail\venv\lib\site-packages\discord\app_commands\commands.py", line 876, in _invoke_with_namespace
    return await self._do_call(interaction, transformed_values)
  File "D:\pythonProject\Deadshot - ModMail\venv\lib\site-packages\discord\app_commands\commands.py", line 869, in _do_call
    raise CommandInvokeError(self, e) from e
discord.app_commands.errors.CommandInvokeError: Command 'bestenliste' raised an exception: UnboundLocalError: local variable 'data' referenced before assignment
[2022-11-01 18:09:03] [INFO    ] discord: Reloaded 'info' | Ausgeführt von Luca♛#7857
[2022-11-01 18:09:04] [ERROR   ] discord.app_commands.tree: Ignoring exception in command 'bestenliste'
Traceback (most recent call last):
  File "D:\pythonProject\Deadshot - ModMail\venv\lib\site-packages\discord\app_commands\commands.py", line 850, in _do_call
    return await self._callback(self.binding, interaction, **params)  # type: ignore
  File "D:\pythonProject\Deadshot - ModMail\cogs\info.py", line 452, in bestenliste
    embed = discord.Embed(description=data,
UnboundLocalError: local variable 'data' referenced before assignment

The above exception was the direct cause of the following exception:

Traceback (most recent call last):
  File "D:\pythonProject\Deadshot - ModMail\venv\lib\site-packages\discord\app_commands\tree.py", line 1240, in _call
    await command._invoke_with_namespace(interaction, namespace)
  File "D:\pythonProject\Deadshot - ModMail\venv\lib\site-packages\discord\app_commands\commands.py", line 876, in _invoke_with_namespace
    return await self._do_call(interaction, transformed_values)
  File "D:\pythonProject\Deadshot - ModMail\venv\lib\site-packages\discord\app_commands\commands.py", line 869, in _do_call
    raise CommandInvokeError(self, e) from e
discord.app_commands.errors.CommandInvokeError: Command 'bestenliste' raised an exception: UnboundLocalError: local variable 'data' referenced before assignment
[2022-11-01 18:13:12] [INFO    ] discord: Reloaded 'info' | Ausgeführt von Luca♛#7857
[2022-11-01 18:13:13] [ERROR   ] discord.app_commands.tree: Ignoring exception in command 'bestenliste'
Traceback (most recent call last):
  File "D:\pythonProject\Deadshot - ModMail\venv\lib\site-packages\discord\app_commands\commands.py", line 850, in _do_call
    return await self._callback(self.binding, interaction, **params)  # type: ignore
  File "D:\pythonProject\Deadshot - ModMail\cogs\info.py", line 452, in bestenliste
    embed = discord.Embed(description=data,
UnboundLocalError: local variable 'data' referenced before assignment

The above exception was the direct cause of the following exception:

Traceback (most recent call last):
  File "D:\pythonProject\Deadshot - ModMail\venv\lib\site-packages\discord\app_commands\tree.py", line 1240, in _call
    await command._invoke_with_namespace(interaction, namespace)
  File "D:\pythonProject\Deadshot - ModMail\venv\lib\site-packages\discord\app_commands\commands.py", line 876, in _invoke_with_namespace
    return await self._do_call(interaction, transformed_values)
  File "D:\pythonProject\Deadshot - ModMail\venv\lib\site-packages\discord\app_commands\commands.py", line 869, in _do_call
    raise CommandInvokeError(self, e) from e
discord.app_commands.errors.CommandInvokeError: Command 'bestenliste' raised an exception: UnboundLocalError: local variable 'data' referenced before assignment
[2022-11-01 18:16:09] [INFO    ] discord: Reloaded 'info' | Ausgeführt von Luca♛#7857
[2022-11-01 18:16:11] [ERROR   ] discord.app_commands.tree: Ignoring exception in command 'bestenliste'
Traceback (most recent call last):
  File "D:\pythonProject\Deadshot - ModMail\venv\lib\site-packages\discord\app_commands\commands.py", line 850, in _do_call
    return await self._callback(self.binding, interaction, **params)  # type: ignore
  File "D:\pythonProject\Deadshot - ModMail\cogs\info.py", line 404, in bestenliste
    liste[str(daten2[1])] += int(daten2[1])
KeyError: '2'

The above exception was the direct cause of the following exception:

Traceback (most recent call last):
  File "D:\pythonProject\Deadshot - ModMail\venv\lib\site-packages\discord\app_commands\tree.py", line 1240, in _call
    await command._invoke_with_namespace(interaction, namespace)
  File "D:\pythonProject\Deadshot - ModMail\venv\lib\site-packages\discord\app_commands\commands.py", line 876, in _invoke_with_namespace
    return await self._do_call(interaction, transformed_values)
  File "D:\pythonProject\Deadshot - ModMail\venv\lib\site-packages\discord\app_commands\commands.py", line 869, in _do_call
    raise CommandInvokeError(self, e) from e
discord.app_commands.errors.CommandInvokeError: Command 'bestenliste' raised an exception: KeyError: '2'
[2022-11-01 18:16:53] [INFO    ] discord: Reloaded 'info' | Ausgeführt von Luca♛#7857
[2022-11-01 18:16:57] [ERROR   ] discord.app_commands.tree: Ignoring exception in command 'bestenliste'
Traceback (most recent call last):
  File "D:\pythonProject\Deadshot - ModMail\venv\lib\site-packages\discord\app_commands\commands.py", line 850, in _do_call
    return await self._callback(self.binding, interaction, **params)  # type: ignore
  File "D:\pythonProject\Deadshot - ModMail\cogs\info.py", line 404, in bestenliste
    liste[str(daten2[1])] += int(daten2[1])
KeyError: '1'

The above exception was the direct cause of the following exception:

Traceback (most recent call last):
  File "D:\pythonProject\Deadshot - ModMail\venv\lib\site-packages\discord\app_commands\tree.py", line 1240, in _call
    await command._invoke_with_namespace(interaction, namespace)
  File "D:\pythonProject\Deadshot - ModMail\venv\lib\site-packages\discord\app_commands\commands.py", line 876, in _invoke_with_namespace
    return await self._do_call(interaction, transformed_values)
  File "D:\pythonProject\Deadshot - ModMail\venv\lib\site-packages\discord\app_commands\commands.py", line 869, in _do_call
    raise CommandInvokeError(self, e) from e
discord.app_commands.errors.CommandInvokeError: Command 'bestenliste' raised an exception: KeyError: '1'
[2022-11-01 18:18:11] [INFO    ] discord: Reloaded 'info' | Ausgeführt von Luca♛#7857
[2022-11-01 18:18:14] [ERROR   ] discord.app_commands.tree: Ignoring exception in command 'bestenliste'
Traceback (most recent call last):
  File "D:\pythonProject\Deadshot - ModMail\venv\lib\site-packages\discord\app_commands\commands.py", line 850, in _do_call
    return await self._callback(self.binding, interaction, **params)  # type: ignore
  File "D:\pythonProject\Deadshot - ModMail\cogs\info.py", line 404, in bestenliste
    liste[str(daten2[1])] += int(daten2[1])
KeyError: '1'

The above exception was the direct cause of the following exception:

Traceback (most recent call last):
  File "D:\pythonProject\Deadshot - ModMail\venv\lib\site-packages\discord\app_commands\tree.py", line 1240, in _call
    await command._invoke_with_namespace(interaction, namespace)
  File "D:\pythonProject\Deadshot - ModMail\venv\lib\site-packages\discord\app_commands\commands.py", line 876, in _invoke_with_namespace
    return await self._do_call(interaction, transformed_values)
  File "D:\pythonProject\Deadshot - ModMail\venv\lib\site-packages\discord\app_commands\commands.py", line 869, in _do_call
    raise CommandInvokeError(self, e) from e
discord.app_commands.errors.CommandInvokeError: Command 'bestenliste' raised an exception: KeyError: '1'
[2022-11-01 18:18:33] [INFO    ] discord: Reloaded 'info' | Ausgeführt von Luca♛#7857
[2022-11-01 18:18:37] [ERROR   ] discord.app_commands.tree: Ignoring exception in command 'bestenliste'
Traceback (most recent call last):
  File "D:\pythonProject\Deadshot - ModMail\venv\lib\site-packages\discord\app_commands\commands.py", line 850, in _do_call
    return await self._callback(self.binding, interaction, **params)  # type: ignore
  File "D:\pythonProject\Deadshot - ModMail\cogs\info.py", line 404, in bestenliste
    liste[str(daten2[1])] += int(daten2[1])
KeyError: '3'

The above exception was the direct cause of the following exception:

Traceback (most recent call last):
  File "D:\pythonProject\Deadshot - ModMail\venv\lib\site-packages\discord\app_commands\tree.py", line 1240, in _call
    await command._invoke_with_namespace(interaction, namespace)
  File "D:\pythonProject\Deadshot - ModMail\venv\lib\site-packages\discord\app_commands\commands.py", line 876, in _invoke_with_namespace
    return await self._do_call(interaction, transformed_values)
  File "D:\pythonProject\Deadshot - ModMail\venv\lib\site-packages\discord\app_commands\commands.py", line 869, in _do_call
    raise CommandInvokeError(self, e) from e
discord.app_commands.errors.CommandInvokeError: Command 'bestenliste' raised an exception: KeyError: '3'
[2022-11-01 18:20:42] [INFO    ] discord: Reloaded 'info' | Ausgeführt von Luca♛#7857
[2022-11-01 18:20:44] [ERROR   ] discord.app_commands.tree: Ignoring exception in command 'bestenliste'
Traceback (most recent call last):
  File "D:\pythonProject\Deadshot - ModMail\venv\lib\site-packages\discord\app_commands\commands.py", line 850, in _do_call
    return await self._callback(self.binding, interaction, **params)  # type: ignore
  File "D:\pythonProject\Deadshot - ModMail\cogs\info.py", line 452, in bestenliste
    embed = discord.Embed(description=data,
UnboundLocalError: local variable 'data' referenced before assignment

The above exception was the direct cause of the following exception:

Traceback (most recent call last):
  File "D:\pythonProject\Deadshot - ModMail\venv\lib\site-packages\discord\app_commands\tree.py", line 1240, in _call
    await command._invoke_with_namespace(interaction, namespace)
  File "D:\pythonProject\Deadshot - ModMail\venv\lib\site-packages\discord\app_commands\commands.py", line 876, in _invoke_with_namespace
    return await self._do_call(interaction, transformed_values)
  File "D:\pythonProject\Deadshot - ModMail\venv\lib\site-packages\discord\app_commands\commands.py", line 869, in _do_call
    raise CommandInvokeError(self, e) from e
discord.app_commands.errors.CommandInvokeError: Command 'bestenliste' raised an exception: UnboundLocalError: local variable 'data' referenced before assignment
[2022-11-01 18:22:05] [INFO    ] discord: Reloaded 'info' | Ausgeführt von Luca♛#7857
[2022-11-01 18:22:08] [ERROR   ] discord.app_commands.tree: Ignoring exception in command 'bestenliste'
Traceback (most recent call last):
  File "D:\pythonProject\Deadshot - ModMail\venv\lib\site-packages\discord\app_commands\commands.py", line 850, in _do_call
    return await self._callback(self.binding, interaction, **params)  # type: ignore
  File "D:\pythonProject\Deadshot - ModMail\cogs\info.py", line 401, in bestenliste
    print(daten2[0], liste[str()])
KeyError: ''

The above exception was the direct cause of the following exception:

Traceback (most recent call last):
  File "D:\pythonProject\Deadshot - ModMail\venv\lib\site-packages\discord\app_commands\tree.py", line 1240, in _call
    await command._invoke_with_namespace(interaction, namespace)
  File "D:\pythonProject\Deadshot - ModMail\venv\lib\site-packages\discord\app_commands\commands.py", line 876, in _invoke_with_namespace
    return await self._do_call(interaction, transformed_values)
  File "D:\pythonProject\Deadshot - ModMail\venv\lib\site-packages\discord\app_commands\commands.py", line 869, in _do_call
    raise CommandInvokeError(self, e) from e
discord.app_commands.errors.CommandInvokeError: Command 'bestenliste' raised an exception: KeyError: ''
[2022-11-01 18:23:07] [INFO    ] discord: Reloaded 'info' | Ausgeführt von Luca♛#7857
[2022-11-01 18:23:10] [ERROR   ] discord.app_commands.tree: Ignoring exception in command 'bestenliste'
Traceback (most recent call last):
  File "D:\pythonProject\Deadshot - ModMail\venv\lib\site-packages\discord\app_commands\commands.py", line 850, in _do_call
    return await self._callback(self.binding, interaction, **params)  # type: ignore
  File "D:\pythonProject\Deadshot - ModMail\cogs\info.py", line 401, in bestenliste
    print(daten2[0], liste[str()])
KeyError: ''

The above exception was the direct cause of the following exception:

Traceback (most recent call last):
  File "D:\pythonProject\Deadshot - ModMail\venv\lib\site-packages\discord\app_commands\tree.py", line 1240, in _call
    await command._invoke_with_namespace(interaction, namespace)
  File "D:\pythonProject\Deadshot - ModMail\venv\lib\site-packages\discord\app_commands\commands.py", line 876, in _invoke_with_namespace
    return await self._do_call(interaction, transformed_values)
  File "D:\pythonProject\Deadshot - ModMail\venv\lib\site-packages\discord\app_commands\commands.py", line 869, in _do_call
    raise CommandInvokeError(self, e) from e
discord.app_commands.errors.CommandInvokeError: Command 'bestenliste' raised an exception: KeyError: ''
[2022-11-01 18:23:22] [INFO    ] discord: Reloaded 'info' | Ausgeführt von Luca♛#7857
[2022-11-01 18:23:25] [ERROR   ] discord.app_commands.tree: Ignoring exception in command 'bestenliste'
Traceback (most recent call last):
  File "D:\pythonProject\Deadshot - ModMail\venv\lib\site-packages\discord\app_commands\commands.py", line 850, in _do_call
    return await self._callback(self.binding, interaction, **params)  # type: ignore
  File "D:\pythonProject\Deadshot - ModMail\cogs\info.py", line 408, in bestenliste
    liste["user"][str(daten2[0])]["anzahl"] = str(daten2[1])
KeyError: 'user'

The above exception was the direct cause of the following exception:

Traceback (most recent call last):
  File "D:\pythonProject\Deadshot - ModMail\venv\lib\site-packages\discord\app_commands\tree.py", line 1240, in _call
    await command._invoke_with_namespace(interaction, namespace)
  File "D:\pythonProject\Deadshot - ModMail\venv\lib\site-packages\discord\app_commands\commands.py", line 876, in _invoke_with_namespace
    return await self._do_call(interaction, transformed_values)
  File "D:\pythonProject\Deadshot - ModMail\venv\lib\site-packages\discord\app_commands\commands.py", line 869, in _do_call
    raise CommandInvokeError(self, e) from e
discord.app_commands.errors.CommandInvokeError: Command 'bestenliste' raised an exception: KeyError: 'user'
[2022-11-01 18:24:32] [INFO    ] discord: Reloaded 'info' | Ausgeführt von Luca♛#7857
[2022-11-01 18:24:37] [ERROR   ] discord.app_commands.tree: Ignoring exception in command 'bestenliste'
Traceback (most recent call last):
  File "D:\pythonProject\Deadshot - ModMail\venv\lib\site-packages\discord\app_commands\commands.py", line 850, in _do_call
    return await self._callback(self.binding, interaction, **params)  # type: ignore
  File "D:\pythonProject\Deadshot - ModMail\cogs\info.py", line 452, in bestenliste
    embed = discord.Embed(description=data,
UnboundLocalError: local variable 'data' referenced before assignment

The above exception was the direct cause of the following exception:

Traceback (most recent call last):
  File "D:\pythonProject\Deadshot - ModMail\venv\lib\site-packages\discord\app_commands\tree.py", line 1240, in _call
    await command._invoke_with_namespace(interaction, namespace)
  File "D:\pythonProject\Deadshot - ModMail\venv\lib\site-packages\discord\app_commands\commands.py", line 876, in _invoke_with_namespace
    return await self._do_call(interaction, transformed_values)
  File "D:\pythonProject\Deadshot - ModMail\venv\lib\site-packages\discord\app_commands\commands.py", line 869, in _do_call
    raise CommandInvokeError(self, e) from e
discord.app_commands.errors.CommandInvokeError: Command 'bestenliste' raised an exception: UnboundLocalError: local variable 'data' referenced before assignment
[2022-11-01 18:25:03] [INFO    ] discord: Reloaded 'info' | Ausgeführt von Luca♛#7857
[2022-11-01 18:25:08] [ERROR   ] discord.app_commands.tree: Ignoring exception in command 'bestenliste'
Traceback (most recent call last):
  File "D:\pythonProject\Deadshot - ModMail\venv\lib\site-packages\discord\app_commands\commands.py", line 850, in _do_call
    return await self._callback(self.binding, interaction, **params)  # type: ignore
  File "D:\pythonProject\Deadshot - ModMail\cogs\info.py", line 452, in bestenliste
    embed = discord.Embed(description=data,
UnboundLocalError: local variable 'data' referenced before assignment

The above exception was the direct cause of the following exception:

Traceback (most recent call last):
  File "D:\pythonProject\Deadshot - ModMail\venv\lib\site-packages\discord\app_commands\tree.py", line 1240, in _call
    await command._invoke_with_namespace(interaction, namespace)
  File "D:\pythonProject\Deadshot - ModMail\venv\lib\site-packages\discord\app_commands\commands.py", line 876, in _invoke_with_namespace
    return await self._do_call(interaction, transformed_values)
  File "D:\pythonProject\Deadshot - ModMail\venv\lib\site-packages\discord\app_commands\commands.py", line 869, in _do_call
    raise CommandInvokeError(self, e) from e
discord.app_commands.errors.CommandInvokeError: Command 'bestenliste' raised an exception: UnboundLocalError: local variable 'data' referenced before assignment
[2022-11-01 18:25:36] [INFO    ] discord: Reloaded 'info' | Ausgeführt von Luca♛#7857
[2022-11-01 18:25:43] [ERROR   ] discord.app_commands.tree: Ignoring exception in command 'bestenliste'
Traceback (most recent call last):
  File "D:\pythonProject\Deadshot - ModMail\venv\lib\site-packages\discord\app_commands\commands.py", line 850, in _do_call
    return await self._callback(self.binding, interaction, **params)  # type: ignore
  File "D:\pythonProject\Deadshot - ModMail\cogs\info.py", line 401, in bestenliste
    print(daten2[0], liste[str(daten2[0])])
KeyError: '714361420409733171'

The above exception was the direct cause of the following exception:

Traceback (most recent call last):
  File "D:\pythonProject\Deadshot - ModMail\venv\lib\site-packages\discord\app_commands\tree.py", line 1240, in _call
    await command._invoke_with_namespace(interaction, namespace)
  File "D:\pythonProject\Deadshot - ModMail\venv\lib\site-packages\discord\app_commands\commands.py", line 876, in _invoke_with_namespace
    return await self._do_call(interaction, transformed_values)
  File "D:\pythonProject\Deadshot - ModMail\venv\lib\site-packages\discord\app_commands\commands.py", line 869, in _do_call
    raise CommandInvokeError(self, e) from e
discord.app_commands.errors.CommandInvokeError: Command 'bestenliste' raised an exception: KeyError: '714361420409733171'
[2022-11-01 18:25:57] [INFO    ] discord: Reloaded 'info' | Ausgeführt von Luca♛#7857
[2022-11-01 18:26:00] [ERROR   ] discord.app_commands.tree: Ignoring exception in command 'bestenliste'
Traceback (most recent call last):
  File "D:\pythonProject\Deadshot - ModMail\venv\lib\site-packages\discord\app_commands\commands.py", line 850, in _do_call
    return await self._callback(self.binding, interaction, **params)  # type: ignore
  File "D:\pythonProject\Deadshot - ModMail\cogs\info.py", line 452, in bestenliste
    embed = discord.Embed(description=data,
UnboundLocalError: local variable 'data' referenced before assignment

The above exception was the direct cause of the following exception:

Traceback (most recent call last):
  File "D:\pythonProject\Deadshot - ModMail\venv\lib\site-packages\discord\app_commands\tree.py", line 1240, in _call
    await command._invoke_with_namespace(interaction, namespace)
  File "D:\pythonProject\Deadshot - ModMail\venv\lib\site-packages\discord\app_commands\commands.py", line 876, in _invoke_with_namespace
    return await self._do_call(interaction, transformed_values)
  File "D:\pythonProject\Deadshot - ModMail\venv\lib\site-packages\discord\app_commands\commands.py", line 869, in _do_call
    raise CommandInvokeError(self, e) from e
discord.app_commands.errors.CommandInvokeError: Command 'bestenliste' raised an exception: UnboundLocalError: local variable 'data' referenced before assignment
[2022-11-01 18:27:07] [INFO    ] discord: Reloaded 'info' | Ausgeführt von Luca♛#7857
[2022-11-01 18:27:11] [ERROR   ] discord.app_commands.tree: Ignoring exception in command 'bestenliste'
Traceback (most recent call last):
  File "D:\pythonProject\Deadshot - ModMail\venv\lib\site-packages\discord\app_commands\commands.py", line 850, in _do_call
    return await self._callback(self.binding, interaction, **params)  # type: ignore
  File "D:\pythonProject\Deadshot - ModMail\cogs\info.py", line 453, in bestenliste
    embed = discord.Embed(description=data,
UnboundLocalError: local variable 'data' referenced before assignment

The above exception was the direct cause of the following exception:

Traceback (most recent call last):
  File "D:\pythonProject\Deadshot - ModMail\venv\lib\site-packages\discord\app_commands\tree.py", line 1240, in _call
    await command._invoke_with_namespace(interaction, namespace)
  File "D:\pythonProject\Deadshot - ModMail\venv\lib\site-packages\discord\app_commands\commands.py", line 876, in _invoke_with_namespace
    return await self._do_call(interaction, transformed_values)
  File "D:\pythonProject\Deadshot - ModMail\venv\lib\site-packages\discord\app_commands\commands.py", line 869, in _do_call
    raise CommandInvokeError(self, e) from e
discord.app_commands.errors.CommandInvokeError: Command 'bestenliste' raised an exception: UnboundLocalError: local variable 'data' referenced before assignment
[2022-11-01 18:27:39] [INFO    ] discord: Reloaded 'info' | Ausgeführt von Luca♛#7857
[2022-11-01 18:27:41] [ERROR   ] discord.app_commands.tree: Ignoring exception in command 'bestenliste'
Traceback (most recent call last):
  File "D:\pythonProject\Deadshot - ModMail\venv\lib\site-packages\discord\app_commands\commands.py", line 850, in _do_call
    return await self._callback(self.binding, interaction, **params)  # type: ignore
  File "D:\pythonProject\Deadshot - ModMail\cogs\info.py", line 453, in bestenliste
    embed = discord.Embed(description=data,
UnboundLocalError: local variable 'data' referenced before assignment

The above exception was the direct cause of the following exception:

Traceback (most recent call last):
  File "D:\pythonProject\Deadshot - ModMail\venv\lib\site-packages\discord\app_commands\tree.py", line 1240, in _call
    await command._invoke_with_namespace(interaction, namespace)
  File "D:\pythonProject\Deadshot - ModMail\venv\lib\site-packages\discord\app_commands\commands.py", line 876, in _invoke_with_namespace
    return await self._do_call(interaction, transformed_values)
  File "D:\pythonProject\Deadshot - ModMail\venv\lib\site-packages\discord\app_commands\commands.py", line 869, in _do_call
    raise CommandInvokeError(self, e) from e
discord.app_commands.errors.CommandInvokeError: Command 'bestenliste' raised an exception: UnboundLocalError: local variable 'data' referenced before assignment
[2022-11-01 18:30:30] [INFO    ] discord: Reloaded 'info' | Ausgeführt von Luca♛#7857
[2022-11-01 18:30:32] [ERROR   ] discord.app_commands.tree: Ignoring exception in command 'bestenliste'
Traceback (most recent call last):
  File "D:\pythonProject\Deadshot - ModMail\venv\lib\site-packages\discord\app_commands\commands.py", line 850, in _do_call
    return await self._callback(self.binding, interaction, **params)  # type: ignore
  File "D:\pythonProject\Deadshot - ModMail\cogs\info.py", line 402, in bestenliste
    ticket_add = liste[str(daten2[0])] + daten2[1]
TypeError: can only concatenate str (not "int") to str

The above exception was the direct cause of the following exception:

Traceback (most recent call last):
  File "D:\pythonProject\Deadshot - ModMail\venv\lib\site-packages\discord\app_commands\tree.py", line 1240, in _call
    await command._invoke_with_namespace(interaction, namespace)
  File "D:\pythonProject\Deadshot - ModMail\venv\lib\site-packages\discord\app_commands\commands.py", line 876, in _invoke_with_namespace
    return await self._do_call(interaction, transformed_values)
  File "D:\pythonProject\Deadshot - ModMail\venv\lib\site-packages\discord\app_commands\commands.py", line 865, in _do_call
    raise CommandInvokeError(self, e) from e
discord.app_commands.errors.CommandInvokeError: Command 'bestenliste' raised an exception: TypeError: can only concatenate str (not "int") to str
[2022-11-01 18:30:55] [INFO    ] discord: Reloaded 'info' | Ausgeführt von Luca♛#7857
[2022-11-01 18:30:57] [ERROR   ] discord.app_commands.tree: Ignoring exception in command 'bestenliste'
Traceback (most recent call last):
  File "D:\pythonProject\Deadshot - ModMail\venv\lib\site-packages\discord\app_commands\commands.py", line 850, in _do_call
    return await self._callback(self.binding, interaction, **params)  # type: ignore
  File "D:\pythonProject\Deadshot - ModMail\cogs\info.py", line 450, in bestenliste
    embed = discord.Embed(description=data,
UnboundLocalError: local variable 'data' referenced before assignment

The above exception was the direct cause of the following exception:

Traceback (most recent call last):
  File "D:\pythonProject\Deadshot - ModMail\venv\lib\site-packages\discord\app_commands\tree.py", line 1240, in _call
    await command._invoke_with_namespace(interaction, namespace)
  File "D:\pythonProject\Deadshot - ModMail\venv\lib\site-packages\discord\app_commands\commands.py", line 876, in _invoke_with_namespace
    return await self._do_call(interaction, transformed_values)
  File "D:\pythonProject\Deadshot - ModMail\venv\lib\site-packages\discord\app_commands\commands.py", line 869, in _do_call
    raise CommandInvokeError(self, e) from e
discord.app_commands.errors.CommandInvokeError: Command 'bestenliste' raised an exception: UnboundLocalError: local variable 'data' referenced before assignment
[2022-11-01 18:31:28] [INFO    ] discord: Reloaded 'info' | Ausgeführt von Luca♛#7857
[2022-11-01 18:31:31] [ERROR   ] discord.app_commands.tree: Ignoring exception in command 'bestenliste'
Traceback (most recent call last):
  File "D:\pythonProject\Deadshot - ModMail\venv\lib\site-packages\discord\app_commands\commands.py", line 850, in _do_call
    return await self._callback(self.binding, interaction, **params)  # type: ignore
  File "D:\pythonProject\Deadshot - ModMail\cogs\info.py", line 453, in bestenliste
    embed = discord.Embed(description=data,
UnboundLocalError: local variable 'data' referenced before assignment

The above exception was the direct cause of the following exception:

Traceback (most recent call last):
  File "D:\pythonProject\Deadshot - ModMail\venv\lib\site-packages\discord\app_commands\tree.py", line 1240, in _call
    await command._invoke_with_namespace(interaction, namespace)
  File "D:\pythonProject\Deadshot - ModMail\venv\lib\site-packages\discord\app_commands\commands.py", line 876, in _invoke_with_namespace
    return await self._do_call(interaction, transformed_values)
  File "D:\pythonProject\Deadshot - ModMail\venv\lib\site-packages\discord\app_commands\commands.py", line 869, in _do_call
    raise CommandInvokeError(self, e) from e
discord.app_commands.errors.CommandInvokeError: Command 'bestenliste' raised an exception: UnboundLocalError: local variable 'data' referenced before assignment
[2022-11-01 18:31:50] [INFO    ] discord: Reloaded 'info' | Ausgeführt von Luca♛#7857
[2022-11-01 18:31:52] [ERROR   ] discord.app_commands.tree: Ignoring exception in command 'bestenliste'
Traceback (most recent call last):
  File "D:\pythonProject\Deadshot - ModMail\venv\lib\site-packages\discord\app_commands\commands.py", line 850, in _do_call
    return await self._callback(self.binding, interaction, **params)  # type: ignore
  File "D:\pythonProject\Deadshot - ModMail\cogs\info.py", line 454, in bestenliste
    embed = discord.Embed(description=data,
UnboundLocalError: local variable 'data' referenced before assignment

The above exception was the direct cause of the following exception:

Traceback (most recent call last):
  File "D:\pythonProject\Deadshot - ModMail\venv\lib\site-packages\discord\app_commands\tree.py", line 1240, in _call
    await command._invoke_with_namespace(interaction, namespace)
  File "D:\pythonProject\Deadshot - ModMail\venv\lib\site-packages\discord\app_commands\commands.py", line 876, in _invoke_with_namespace
    return await self._do_call(interaction, transformed_values)
  File "D:\pythonProject\Deadshot - ModMail\venv\lib\site-packages\discord\app_commands\commands.py", line 869, in _do_call
    raise CommandInvokeError(self, e) from e
discord.app_commands.errors.CommandInvokeError: Command 'bestenliste' raised an exception: UnboundLocalError: local variable 'data' referenced before assignment
[2022-11-01 18:32:09] [INFO    ] discord: Reloaded 'info' | Ausgeführt von Luca♛#7857
[2022-11-01 18:32:13] [ERROR   ] discord.app_commands.tree: Ignoring exception in command 'bestenliste'
Traceback (most recent call last):
  File "D:\pythonProject\Deadshot - ModMail\venv\lib\site-packages\discord\app_commands\commands.py", line 850, in _do_call
    return await self._callback(self.binding, interaction, **params)  # type: ignore
  File "D:\pythonProject\Deadshot - ModMail\cogs\info.py", line 454, in bestenliste
    embed = discord.Embed(description=data,
UnboundLocalError: local variable 'data' referenced before assignment

The above exception was the direct cause of the following exception:

Traceback (most recent call last):
  File "D:\pythonProject\Deadshot - ModMail\venv\lib\site-packages\discord\app_commands\tree.py", line 1240, in _call
    await command._invoke_with_namespace(interaction, namespace)
  File "D:\pythonProject\Deadshot - ModMail\venv\lib\site-packages\discord\app_commands\commands.py", line 876, in _invoke_with_namespace
    return await self._do_call(interaction, transformed_values)
  File "D:\pythonProject\Deadshot - ModMail\venv\lib\site-packages\discord\app_commands\commands.py", line 869, in _do_call
    raise CommandInvokeError(self, e) from e
discord.app_commands.errors.CommandInvokeError: Command 'bestenliste' raised an exception: UnboundLocalError: local variable 'data' referenced before assignment
[2022-11-01 18:32:44] [INFO    ] discord: Reloaded 'info' | Ausgeführt von Luca♛#7857
[2022-11-01 18:32:47] [ERROR   ] discord.app_commands.tree: Ignoring exception in command 'bestenliste'
Traceback (most recent call last):
  File "D:\pythonProject\Deadshot - ModMail\venv\lib\site-packages\discord\app_commands\commands.py", line 850, in _do_call
    return await self._callback(self.binding, interaction, **params)  # type: ignore
  File "D:\pythonProject\Deadshot - ModMail\cogs\info.py", line 409, in bestenliste
    print(liste[str(daten2[0])] + str(daten2[1]))
KeyError: '714361420409733171'

The above exception was the direct cause of the following exception:

Traceback (most recent call last):
  File "D:\pythonProject\Deadshot - ModMail\venv\lib\site-packages\discord\app_commands\tree.py", line 1240, in _call
    await command._invoke_with_namespace(interaction, namespace)
  File "D:\pythonProject\Deadshot - ModMail\venv\lib\site-packages\discord\app_commands\commands.py", line 876, in _invoke_with_namespace
    return await self._do_call(interaction, transformed_values)
  File "D:\pythonProject\Deadshot - ModMail\venv\lib\site-packages\discord\app_commands\commands.py", line 869, in _do_call
    raise CommandInvokeError(self, e) from e
discord.app_commands.errors.CommandInvokeError: Command 'bestenliste' raised an exception: KeyError: '714361420409733171'
[2022-11-01 18:33:04] [INFO    ] discord: Reloaded 'info' | Ausgeführt von Luca♛#7857
[2022-11-01 18:33:07] [ERROR   ] discord.app_commands.tree: Ignoring exception in command 'bestenliste'
Traceback (most recent call last):
  File "D:\pythonProject\Deadshot - ModMail\venv\lib\site-packages\discord\app_commands\commands.py", line 850, in _do_call
    return await self._callback(self.binding, interaction, **params)  # type: ignore
  File "D:\pythonProject\Deadshot - ModMail\cogs\info.py", line 453, in bestenliste
    embed = discord.Embed(description=data,
UnboundLocalError: local variable 'data' referenced before assignment

The above exception was the direct cause of the following exception:

Traceback (most recent call last):
  File "D:\pythonProject\Deadshot - ModMail\venv\lib\site-packages\discord\app_commands\tree.py", line 1240, in _call
    await command._invoke_with_namespace(interaction, namespace)
  File "D:\pythonProject\Deadshot - ModMail\venv\lib\site-packages\discord\app_commands\commands.py", line 876, in _invoke_with_namespace
    return await self._do_call(interaction, transformed_values)
  File "D:\pythonProject\Deadshot - ModMail\venv\lib\site-packages\discord\app_commands\commands.py", line 869, in _do_call
    raise CommandInvokeError(self, e) from e
discord.app_commands.errors.CommandInvokeError: Command 'bestenliste' raised an exception: UnboundLocalError: local variable 'data' referenced before assignment
[2022-11-01 18:33:29] [INFO    ] discord: Reloaded 'info' | Ausgeführt von Luca♛#7857
[2022-11-01 18:33:32] [ERROR   ] discord.app_commands.tree: Ignoring exception in command 'bestenliste'
Traceback (most recent call last):
  File "D:\pythonProject\Deadshot - ModMail\venv\lib\site-packages\discord\app_commands\commands.py", line 850, in _do_call
    return await self._callback(self.binding, interaction, **params)  # type: ignore
  File "D:\pythonProject\Deadshot - ModMail\cogs\info.py", line 403, in bestenliste
    print(liste[str(daten2[0])] + 100)
TypeError: can only concatenate str (not "int") to str

The above exception was the direct cause of the following exception:

Traceback (most recent call last):
  File "D:\pythonProject\Deadshot - ModMail\venv\lib\site-packages\discord\app_commands\tree.py", line 1240, in _call
    await command._invoke_with_namespace(interaction, namespace)
  File "D:\pythonProject\Deadshot - ModMail\venv\lib\site-packages\discord\app_commands\commands.py", line 876, in _invoke_with_namespace
    return await self._do_call(interaction, transformed_values)
  File "D:\pythonProject\Deadshot - ModMail\venv\lib\site-packages\discord\app_commands\commands.py", line 865, in _do_call
    raise CommandInvokeError(self, e) from e
discord.app_commands.errors.CommandInvokeError: Command 'bestenliste' raised an exception: TypeError: can only concatenate str (not "int") to str
[2022-11-01 18:34:40] [INFO    ] discord: Reloaded 'info' | Ausgeführt von Luca♛#7857
[2022-11-01 18:34:43] [ERROR   ] discord.app_commands.tree: Ignoring exception in command 'bestenliste'
Traceback (most recent call last):
  File "D:\pythonProject\Deadshot - ModMail\venv\lib\site-packages\discord\app_commands\commands.py", line 850, in _do_call
    return await self._callback(self.binding, interaction, **params)  # type: ignore
  File "D:\pythonProject\Deadshot - ModMail\cogs\info.py", line 453, in bestenliste
    embed = discord.Embed(description=data,
UnboundLocalError: local variable 'data' referenced before assignment

The above exception was the direct cause of the following exception:

Traceback (most recent call last):
  File "D:\pythonProject\Deadshot - ModMail\venv\lib\site-packages\discord\app_commands\tree.py", line 1240, in _call
    await command._invoke_with_namespace(interaction, namespace)
  File "D:\pythonProject\Deadshot - ModMail\venv\lib\site-packages\discord\app_commands\commands.py", line 876, in _invoke_with_namespace
    return await self._do_call(interaction, transformed_values)
  File "D:\pythonProject\Deadshot - ModMail\venv\lib\site-packages\discord\app_commands\commands.py", line 869, in _do_call
    raise CommandInvokeError(self, e) from e
discord.app_commands.errors.CommandInvokeError: Command 'bestenliste' raised an exception: UnboundLocalError: local variable 'data' referenced before assignment
[2022-11-01 18:35:48] [INFO    ] discord: Reloaded 'info' | Ausgeführt von Luca♛#7857
[2022-11-01 18:35:50] [ERROR   ] discord.app_commands.tree: Ignoring exception in command 'bestenliste'
Traceback (most recent call last):
  File "D:\pythonProject\Deadshot - ModMail\venv\lib\site-packages\discord\app_commands\commands.py", line 850, in _do_call
    return await self._callback(self.binding, interaction, **params)  # type: ignore
  File "D:\pythonProject\Deadshot - ModMail\cogs\info.py", line 417, in bestenliste
    ids = liste[datas]
KeyError: 3

The above exception was the direct cause of the following exception:

Traceback (most recent call last):
  File "D:\pythonProject\Deadshot - ModMail\venv\lib\site-packages\discord\app_commands\tree.py", line 1240, in _call
    await command._invoke_with_namespace(interaction, namespace)
  File "D:\pythonProject\Deadshot - ModMail\venv\lib\site-packages\discord\app_commands\commands.py", line 876, in _invoke_with_namespace
    return await self._do_call(interaction, transformed_values)
  File "D:\pythonProject\Deadshot - ModMail\venv\lib\site-packages\discord\app_commands\commands.py", line 869, in _do_call
    raise CommandInvokeError(self, e) from e
discord.app_commands.errors.CommandInvokeError: Command 'bestenliste' raised an exception: KeyError: 3
[2022-11-01 19:08:28] [INFO    ] discord: Reloaded 'info' | Ausgeführt von Luca♛#7857
[2022-11-01 19:08:30] [ERROR   ] discord.app_commands.tree: Ignoring exception in command 'bestenliste'
Traceback (most recent call last):
  File "D:\pythonProject\Deadshot - ModMail\venv\lib\site-packages\discord\app_commands\commands.py", line 850, in _do_call
    return await self._callback(self.binding, interaction, **params)  # type: ignore
  File "D:\pythonProject\Deadshot - ModMail\cogs\info.py", line 417, in bestenliste
    ids = liste[datas]
KeyError: 3

The above exception was the direct cause of the following exception:

Traceback (most recent call last):
  File "D:\pythonProject\Deadshot - ModMail\venv\lib\site-packages\discord\app_commands\tree.py", line 1240, in _call
    await command._invoke_with_namespace(interaction, namespace)
  File "D:\pythonProject\Deadshot - ModMail\venv\lib\site-packages\discord\app_commands\commands.py", line 876, in _invoke_with_namespace
    return await self._do_call(interaction, transformed_values)
  File "D:\pythonProject\Deadshot - ModMail\venv\lib\site-packages\discord\app_commands\commands.py", line 869, in _do_call
    raise CommandInvokeError(self, e) from e
discord.app_commands.errors.CommandInvokeError: Command 'bestenliste' raised an exception: KeyError: 3
[2022-11-01 19:09:31] [INFO    ] discord: Reloaded 'info' | Ausgeführt von Luca♛#7857
[2022-11-01 19:09:35] [ERROR   ] discord.app_commands.tree: Ignoring exception in command 'bestenliste'
Traceback (most recent call last):
  File "D:\pythonProject\Deadshot - ModMail\venv\lib\site-packages\discord\app_commands\commands.py", line 850, in _do_call
    return await self._callback(self.binding, interaction, **params)  # type: ignore
  File "D:\pythonProject\Deadshot - ModMail\cogs\info.py", line 418, in bestenliste
    ids = liste[int(datas)]
KeyError: 3

The above exception was the direct cause of the following exception:

Traceback (most recent call last):
  File "D:\pythonProject\Deadshot - ModMail\venv\lib\site-packages\discord\app_commands\tree.py", line 1240, in _call
    await command._invoke_with_namespace(interaction, namespace)
  File "D:\pythonProject\Deadshot - ModMail\venv\lib\site-packages\discord\app_commands\commands.py", line 876, in _invoke_with_namespace
    return await self._do_call(interaction, transformed_values)
  File "D:\pythonProject\Deadshot - ModMail\venv\lib\site-packages\discord\app_commands\commands.py", line 869, in _do_call
    raise CommandInvokeError(self, e) from e
discord.app_commands.errors.CommandInvokeError: Command 'bestenliste' raised an exception: KeyError: 3
[2022-11-01 19:10:55] [INFO    ] discord: Reloaded 'info' | Ausgeführt von Luca♛#7857
[2022-11-01 19:10:58] [ERROR   ] discord.app_commands.tree: Ignoring exception in command 'bestenliste'
Traceback (most recent call last):
  File "D:\pythonProject\Deadshot - ModMail\venv\lib\site-packages\discord\app_commands\commands.py", line 850, in _do_call
    return await self._callback(self.binding, interaction, **params)  # type: ignore
  File "D:\pythonProject\Deadshot - ModMail\cogs\info.py", line 418, in bestenliste
    ids = liste[int(datas)]
KeyError: 3

The above exception was the direct cause of the following exception:

Traceback (most recent call last):
  File "D:\pythonProject\Deadshot - ModMail\venv\lib\site-packages\discord\app_commands\tree.py", line 1240, in _call
    await command._invoke_with_namespace(interaction, namespace)
  File "D:\pythonProject\Deadshot - ModMail\venv\lib\site-packages\discord\app_commands\commands.py", line 876, in _invoke_with_namespace
    return await self._do_call(interaction, transformed_values)
  File "D:\pythonProject\Deadshot - ModMail\venv\lib\site-packages\discord\app_commands\commands.py", line 869, in _do_call
    raise CommandInvokeError(self, e) from e
discord.app_commands.errors.CommandInvokeError: Command 'bestenliste' raised an exception: KeyError: 3
[2022-11-01 19:11:28] [ERROR   ] discord.app_commands.tree: Ignoring exception in command 'bestenliste'
Traceback (most recent call last):
  File "D:\pythonProject\Deadshot - ModMail\venv\lib\site-packages\discord\app_commands\commands.py", line 850, in _do_call
    return await self._callback(self.binding, interaction, **params)  # type: ignore
  File "D:\pythonProject\Deadshot - ModMail\cogs\info.py", line 418, in bestenliste
    ids = liste[int(datas)]
KeyError: 3

The above exception was the direct cause of the following exception:

Traceback (most recent call last):
  File "D:\pythonProject\Deadshot - ModMail\venv\lib\site-packages\discord\app_commands\tree.py", line 1240, in _call
    await command._invoke_with_namespace(interaction, namespace)
  File "D:\pythonProject\Deadshot - ModMail\venv\lib\site-packages\discord\app_commands\commands.py", line 876, in _invoke_with_namespace
    return await self._do_call(interaction, transformed_values)
  File "D:\pythonProject\Deadshot - ModMail\venv\lib\site-packages\discord\app_commands\commands.py", line 869, in _do_call
    raise CommandInvokeError(self, e) from e
discord.app_commands.errors.CommandInvokeError: Command 'bestenliste' raised an exception: KeyError: 3
[2022-11-01 19:11:49] [INFO    ] discord: Reloaded 'info' | Ausgeführt von Luca♛#7857
[2022-11-01 19:11:52] [ERROR   ] discord.app_commands.tree: Ignoring exception in command 'bestenliste'
Traceback (most recent call last):
  File "D:\pythonProject\Deadshot - ModMail\venv\lib\site-packages\discord\app_commands\commands.py", line 850, in _do_call
    return await self._callback(self.binding, interaction, **params)  # type: ignore
  File "D:\pythonProject\Deadshot - ModMail\cogs\info.py", line 419, in bestenliste
    ids = liste[int(datas)]
KeyError: 3

The above exception was the direct cause of the following exception:

Traceback (most recent call last):
  File "D:\pythonProject\Deadshot - ModMail\venv\lib\site-packages\discord\app_commands\tree.py", line 1240, in _call
    await command._invoke_with_namespace(interaction, namespace)
  File "D:\pythonProject\Deadshot - ModMail\venv\lib\site-packages\discord\app_commands\commands.py", line 876, in _invoke_with_namespace
    return await self._do_call(interaction, transformed_values)
  File "D:\pythonProject\Deadshot - ModMail\venv\lib\site-packages\discord\app_commands\commands.py", line 869, in _do_call
    raise CommandInvokeError(self, e) from e
discord.app_commands.errors.CommandInvokeError: Command 'bestenliste' raised an exception: KeyError: 3
[2022-11-01 19:16:56] [INFO    ] discord: Reloaded 'info' | Ausgeführt von Luca♛#7857
[2022-11-01 19:17:00] [ERROR   ] discord.app_commands.tree: Ignoring exception in command 'bestenliste'
Traceback (most recent call last):
  File "D:\pythonProject\Deadshot - ModMail\venv\lib\site-packages\discord\app_commands\commands.py", line 850, in _do_call
    return await self._callback(self.binding, interaction, **params)  # type: ignore
  File "D:\pythonProject\Deadshot - ModMail\cogs\info.py", line 410, in bestenliste
    liste[int(daten2[1])] = liste[int(daten2[0])]
KeyError: 862586373668470794

The above exception was the direct cause of the following exception:

Traceback (most recent call last):
  File "D:\pythonProject\Deadshot - ModMail\venv\lib\site-packages\discord\app_commands\tree.py", line 1240, in _call
    await command._invoke_with_namespace(interaction, namespace)
  File "D:\pythonProject\Deadshot - ModMail\venv\lib\site-packages\discord\app_commands\commands.py", line 876, in _invoke_with_namespace
    return await self._do_call(interaction, transformed_values)
  File "D:\pythonProject\Deadshot - ModMail\venv\lib\site-packages\discord\app_commands\commands.py", line 869, in _do_call
    raise CommandInvokeError(self, e) from e
discord.app_commands.errors.CommandInvokeError: Command 'bestenliste' raised an exception: KeyError: 862586373668470794
[2022-11-01 19:17:26] [INFO    ] discord: Reloaded 'info' | Ausgeführt von Luca♛#7857
[2022-11-01 19:17:29] [ERROR   ] discord.app_commands.tree: Ignoring exception in command 'bestenliste'
Traceback (most recent call last):
  File "D:\pythonProject\Deadshot - ModMail\venv\lib\site-packages\discord\app_commands\commands.py", line 850, in _do_call
    return await self._callback(self.binding, interaction, **params)  # type: ignore
  File "D:\pythonProject\Deadshot - ModMail\cogs\info.py", line 420, in bestenliste
    guild = self.bot.get_guild(ids)
  File "D:\pythonProject\Deadshot - ModMail\venv\lib\site-packages\discord\client.py", line 996, in get_guild
    return self._connection._get_guild(id)
  File "D:\pythonProject\Deadshot - ModMail\venv\lib\site-packages\discord\state.py", line 400, in _get_guild
    return self._guilds.get(guild_id)  # type: ignore
TypeError: unhashable type: 'list'

The above exception was the direct cause of the following exception:

Traceback (most recent call last):
  File "D:\pythonProject\Deadshot - ModMail\venv\lib\site-packages\discord\app_commands\tree.py", line 1240, in _call
    await command._invoke_with_namespace(interaction, namespace)
  File "D:\pythonProject\Deadshot - ModMail\venv\lib\site-packages\discord\app_commands\commands.py", line 876, in _invoke_with_namespace
    return await self._do_call(interaction, transformed_values)
  File "D:\pythonProject\Deadshot - ModMail\venv\lib\site-packages\discord\app_commands\commands.py", line 865, in _do_call
    raise CommandInvokeError(self, e) from e
discord.app_commands.errors.CommandInvokeError: Command 'bestenliste' raised an exception: TypeError: unhashable type: 'list'
[2022-11-01 19:19:02] [INFO    ] discord: Reloaded 'info' | Ausgeführt von Luca♛#7857
[2022-11-01 19:19:06] [ERROR   ] discord.app_commands.tree: Ignoring exception in command 'bestenliste'
Traceback (most recent call last):
  File "D:\pythonProject\Deadshot - ModMail\venv\lib\site-packages\discord\app_commands\commands.py", line 850, in _do_call
    return await self._callback(self.binding, interaction, **params)  # type: ignore
  File "D:\pythonProject\Deadshot - ModMail\cogs\info.py", line 419, in bestenliste
    ids = liste[int(datas)]
KeyError: 3

The above exception was the direct cause of the following exception:

Traceback (most recent call last):
  File "D:\pythonProject\Deadshot - ModMail\venv\lib\site-packages\discord\app_commands\tree.py", line 1240, in _call
    await command._invoke_with_namespace(interaction, namespace)
  File "D:\pythonProject\Deadshot - ModMail\venv\lib\site-packages\discord\app_commands\commands.py", line 876, in _invoke_with_namespace
    return await self._do_call(interaction, transformed_values)
  File "D:\pythonProject\Deadshot - ModMail\venv\lib\site-packages\discord\app_commands\commands.py", line 869, in _do_call
    raise CommandInvokeError(self, e) from e
discord.app_commands.errors.CommandInvokeError: Command 'bestenliste' raised an exception: KeyError: 3
[2022-11-01 19:19:55] [INFO    ] discord: Reloaded 'info' | Ausgeführt von Luca♛#7857
[2022-11-01 19:19:56] [ERROR   ] discord.app_commands.tree: Ignoring exception in command 'bestenliste'
Traceback (most recent call last):
  File "D:\pythonProject\Deadshot - ModMail\venv\lib\site-packages\discord\app_commands\commands.py", line 850, in _do_call
    return await self._callback(self.binding, interaction, **params)  # type: ignore
  File "D:\pythonProject\Deadshot - ModMail\cogs\info.py", line 419, in bestenliste
    ids = liste[int(datas)]
TypeError: int() argument must be a string, a bytes-like object or a real number, not 'tuple'

The above exception was the direct cause of the following exception:

Traceback (most recent call last):
  File "D:\pythonProject\Deadshot - ModMail\venv\lib\site-packages\discord\app_commands\tree.py", line 1240, in _call
    await command._invoke_with_namespace(interaction, namespace)
  File "D:\pythonProject\Deadshot - ModMail\venv\lib\site-packages\discord\app_commands\commands.py", line 876, in _invoke_with_namespace
    return await self._do_call(interaction, transformed_values)
  File "D:\pythonProject\Deadshot - ModMail\venv\lib\site-packages\discord\app_commands\commands.py", line 865, in _do_call
    raise CommandInvokeError(self, e) from e
discord.app_commands.errors.CommandInvokeError: Command 'bestenliste' raised an exception: TypeError: int() argument must be a string, a bytes-like object or a real number, not 'tuple'
[2022-11-01 19:20:51] [INFO    ] discord: Reloaded 'info' | Ausgeführt von Luca♛#7857
[2022-11-01 19:20:54] [ERROR   ] discord.app_commands.tree: Ignoring exception in command 'bestenliste'
Traceback (most recent call last):
  File "D:\pythonProject\Deadshot - ModMail\venv\lib\site-packages\discord\app_commands\commands.py", line 850, in _do_call
    return await self._callback(self.binding, interaction, **params)  # type: ignore
  File "D:\pythonProject\Deadshot - ModMail\cogs\info.py", line 418, in bestenliste
    ids = liste[str(datas)]
KeyError: '(862586373668470794, 2)'

The above exception was the direct cause of the following exception:

Traceback (most recent call last):
  File "D:\pythonProject\Deadshot - ModMail\venv\lib\site-packages\discord\app_commands\tree.py", line 1240, in _call
    await command._invoke_with_namespace(interaction, namespace)
  File "D:\pythonProject\Deadshot - ModMail\venv\lib\site-packages\discord\app_commands\commands.py", line 876, in _invoke_with_namespace
    return await self._do_call(interaction, transformed_values)
  File "D:\pythonProject\Deadshot - ModMail\venv\lib\site-packages\discord\app_commands\commands.py", line 869, in _do_call
    raise CommandInvokeError(self, e) from e
discord.app_commands.errors.CommandInvokeError: Command 'bestenliste' raised an exception: KeyError: '(862586373668470794, 2)'
[2022-11-01 19:21:13] [INFO    ] discord: Reloaded 'info' | Ausgeführt von Luca♛#7857
[2022-11-01 19:21:16] [ERROR   ] discord.app_commands.tree: Ignoring exception in command 'bestenliste'
Traceback (most recent call last):
  File "D:\pythonProject\Deadshot - ModMail\venv\lib\site-packages\discord\app_commands\commands.py", line 850, in _do_call
    return await self._callback(self.binding, interaction, **params)  # type: ignore
  File "D:\pythonProject\Deadshot - ModMail\cogs\info.py", line 418, in bestenliste
    ids = liste[str(datas[0])]
KeyError: '862586373668470794'

The above exception was the direct cause of the following exception:

Traceback (most recent call last):
  File "D:\pythonProject\Deadshot - ModMail\venv\lib\site-packages\discord\app_commands\tree.py", line 1240, in _call
    await command._invoke_with_namespace(interaction, namespace)
  File "D:\pythonProject\Deadshot - ModMail\venv\lib\site-packages\discord\app_commands\commands.py", line 876, in _invoke_with_namespace
    return await self._do_call(interaction, transformed_values)
  File "D:\pythonProject\Deadshot - ModMail\venv\lib\site-packages\discord\app_commands\commands.py", line 869, in _do_call
    raise CommandInvokeError(self, e) from e
discord.app_commands.errors.CommandInvokeError: Command 'bestenliste' raised an exception: KeyError: '862586373668470794'
[2022-11-01 19:21:39] [INFO    ] discord: Reloaded 'info' | Ausgeführt von Luca♛#7857
[2022-11-01 19:21:41] [ERROR   ] discord.app_commands.tree: Ignoring exception in command 'bestenliste'
Traceback (most recent call last):
  File "D:\pythonProject\Deadshot - ModMail\venv\lib\site-packages\discord\app_commands\commands.py", line 850, in _do_call
    return await self._callback(self.binding, interaction, **params)  # type: ignore
  File "D:\pythonProject\Deadshot - ModMail\cogs\info.py", line 420, in bestenliste
    name = guild.name
AttributeError: 'NoneType' object has no attribute 'name'

The above exception was the direct cause of the following exception:

Traceback (most recent call last):
  File "D:\pythonProject\Deadshot - ModMail\venv\lib\site-packages\discord\app_commands\tree.py", line 1240, in _call
    await command._invoke_with_namespace(interaction, namespace)
  File "D:\pythonProject\Deadshot - ModMail\venv\lib\site-packages\discord\app_commands\commands.py", line 876, in _invoke_with_namespace
    return await self._do_call(interaction, transformed_values)
  File "D:\pythonProject\Deadshot - ModMail\venv\lib\site-packages\discord\app_commands\commands.py", line 869, in _do_call
    raise CommandInvokeError(self, e) from e
discord.app_commands.errors.CommandInvokeError: Command 'bestenliste' raised an exception: AttributeError: 'NoneType' object has no attribute 'name'
[2022-11-01 19:22:13] [INFO    ] discord: Reloaded 'info' | Ausgeführt von Luca♛#7857
[2022-11-01 19:22:16] [ERROR   ] discord.app_commands.tree: Ignoring exception in command 'bestenliste'
Traceback (most recent call last):
  File "D:\pythonProject\Deadshot - ModMail\venv\lib\site-packages\discord\app_commands\commands.py", line 850, in _do_call
    return await self._callback(self.binding, interaction, **params)  # type: ignore
  File "D:\pythonProject\Deadshot - ModMail\cogs\info.py", line 419, in bestenliste
    print(guild)
UnboundLocalError: local variable 'guild' referenced before assignment

The above exception was the direct cause of the following exception:

Traceback (most recent call last):
  File "D:\pythonProject\Deadshot - ModMail\venv\lib\site-packages\discord\app_commands\tree.py", line 1240, in _call
    await command._invoke_with_namespace(interaction, namespace)
  File "D:\pythonProject\Deadshot - ModMail\venv\lib\site-packages\discord\app_commands\commands.py", line 876, in _invoke_with_namespace
    return await self._do_call(interaction, transformed_values)
  File "D:\pythonProject\Deadshot - ModMail\venv\lib\site-packages\discord\app_commands\commands.py", line 869, in _do_call
    raise CommandInvokeError(self, e) from e
discord.app_commands.errors.CommandInvokeError: Command 'bestenliste' raised an exception: UnboundLocalError: local variable 'guild' referenced before assignment
[2022-11-01 19:24:04] [INFO    ] discord: Reloaded 'info' | Ausgeführt von Luca♛#7857
[2022-11-01 19:24:09] [ERROR   ] discord.app_commands.tree: Ignoring exception in command 'bestenliste'
Traceback (most recent call last):
  File "D:\pythonProject\Deadshot - ModMail\venv\lib\site-packages\discord\app_commands\commands.py", line 850, in _do_call
    return await self._callback(self.binding, interaction, **params)  # type: ignore
  File "D:\pythonProject\Deadshot - ModMail\cogs\info.py", line 420, in bestenliste
    guild = self.bot.get_guild(ids)
  File "D:\pythonProject\Deadshot - ModMail\venv\lib\site-packages\discord\client.py", line 996, in get_guild
    return self._connection._get_guild(id)
  File "D:\pythonProject\Deadshot - ModMail\venv\lib\site-packages\discord\state.py", line 400, in _get_guild
    return self._guilds.get(guild_id)  # type: ignore
TypeError: unhashable type: 'list'

The above exception was the direct cause of the following exception:

Traceback (most recent call last):
  File "D:\pythonProject\Deadshot - ModMail\venv\lib\site-packages\discord\app_commands\tree.py", line 1240, in _call
    await command._invoke_with_namespace(interaction, namespace)
  File "D:\pythonProject\Deadshot - ModMail\venv\lib\site-packages\discord\app_commands\commands.py", line 876, in _invoke_with_namespace
    return await self._do_call(interaction, transformed_values)
  File "D:\pythonProject\Deadshot - ModMail\venv\lib\site-packages\discord\app_commands\commands.py", line 865, in _do_call
    raise CommandInvokeError(self, e) from e
discord.app_commands.errors.CommandInvokeError: Command 'bestenliste' raised an exception: TypeError: unhashable type: 'list'
[2022-11-01 19:26:40] [ERROR   ] discord.app_commands.tree: Ignoring exception in command 'reload'
Traceback (most recent call last):
  File "D:\pythonProject\Deadshot - ModMail\venv\lib\site-packages\discord\ext\commands\bot.py", line 934, in _load_from_module_spec
    spec.loader.exec_module(lib)  # type: ignore
  File "<frozen importlib._bootstrap_external>", line 879, in exec_module
  File "<frozen importlib._bootstrap_external>", line 1017, in get_code
  File "<frozen importlib._bootstrap_external>", line 947, in source_to_code
  File "<frozen importlib._bootstrap>", line 241, in _call_with_frames_removed
  File "D:\pythonProject\Deadshot - ModMail\cogs\info.py", line 419
    ids = liste[] = [int(datas)]
                ^
SyntaxError: invalid syntax

The above exception was the direct cause of the following exception:

Traceback (most recent call last):
  File "D:\pythonProject\Deadshot - ModMail\main.py", line 107, in reload
    await bot.reload_extension(f"cogs.{datei.value}")
  File "D:\pythonProject\Deadshot - ModMail\venv\lib\site-packages\discord\ext\commands\bot.py", line 1114, in reload_extension
    await self.load_extension(name)
  File "D:\pythonProject\Deadshot - ModMail\venv\lib\site-packages\discord\ext\commands\bot.py", line 1012, in load_extension
    await self._load_from_module_spec(spec, name)
  File "D:\pythonProject\Deadshot - ModMail\venv\lib\site-packages\discord\ext\commands\bot.py", line 937, in _load_from_module_spec
    raise errors.ExtensionFailed(key, e) from e
discord.ext.commands.errors.ExtensionFailed: Extension 'cogs.info' raised an error: SyntaxError: invalid syntax (info.py, line 419)

During handling of the above exception, another exception occurred:

Traceback (most recent call last):
  File "D:\pythonProject\Deadshot - ModMail\venv\lib\site-packages\discord\app_commands\commands.py", line 851, in _do_call
    return await self._callback(interaction, **params)  # type: ignore
  File "D:\pythonProject\Deadshot - ModMail\main.py", line 111, in reload
    await bot.load_extension(f"cogs.{datei.value}")
  File "D:\pythonProject\Deadshot - ModMail\venv\lib\site-packages\discord\ext\commands\bot.py", line 1006, in load_extension
    raise errors.ExtensionAlreadyLoaded(name)
discord.ext.commands.errors.ExtensionAlreadyLoaded: Extension 'cogs.info' is already loaded.

The above exception was the direct cause of the following exception:

Traceback (most recent call last):
  File "D:\pythonProject\Deadshot - ModMail\venv\lib\site-packages\discord\app_commands\tree.py", line 1240, in _call
    await command._invoke_with_namespace(interaction, namespace)
  File "D:\pythonProject\Deadshot - ModMail\venv\lib\site-packages\discord\app_commands\commands.py", line 876, in _invoke_with_namespace
    return await self._do_call(interaction, transformed_values)
  File "D:\pythonProject\Deadshot - ModMail\venv\lib\site-packages\discord\app_commands\commands.py", line 869, in _do_call
    raise CommandInvokeError(self, e) from e
discord.app_commands.errors.CommandInvokeError: Command 'reload' raised an exception: ExtensionAlreadyLoaded: Extension 'cogs.info' is already loaded.
[2022-11-01 19:26:56] [ERROR   ] discord.app_commands.tree: Ignoring exception in command 'bestenliste'
Traceback (most recent call last):
  File "D:\pythonProject\Deadshot - ModMail\venv\lib\site-packages\discord\app_commands\commands.py", line 850, in _do_call
    return await self._callback(self.binding, interaction, **params)  # type: ignore
  File "D:\pythonProject\Deadshot - ModMail\cogs\info.py", line 420, in bestenliste
    guild = self.bot.get_guild(ids)
  File "D:\pythonProject\Deadshot - ModMail\venv\lib\site-packages\discord\client.py", line 996, in get_guild
    return self._connection._get_guild(id)
  File "D:\pythonProject\Deadshot - ModMail\venv\lib\site-packages\discord\state.py", line 400, in _get_guild
    return self._guilds.get(guild_id)  # type: ignore
TypeError: unhashable type: 'list'

The above exception was the direct cause of the following exception:

Traceback (most recent call last):
  File "D:\pythonProject\Deadshot - ModMail\venv\lib\site-packages\discord\app_commands\tree.py", line 1240, in _call
    await command._invoke_with_namespace(interaction, namespace)
  File "D:\pythonProject\Deadshot - ModMail\venv\lib\site-packages\discord\app_commands\commands.py", line 876, in _invoke_with_namespace
    return await self._do_call(interaction, transformed_values)
  File "D:\pythonProject\Deadshot - ModMail\venv\lib\site-packages\discord\app_commands\commands.py", line 865, in _do_call
    raise CommandInvokeError(self, e) from e
discord.app_commands.errors.CommandInvokeError: Command 'bestenliste' raised an exception: TypeError: unhashable type: 'list'
[2022-11-01 19:26:59] [INFO    ] discord: Reloaded 'info' | Ausgeführt von Luca♛#7857
[2022-11-01 19:27:24] [INFO    ] discord: Reloaded 'info' | Ausgeführt von Luca♛#7857
[2022-11-01 19:37:36] [INFO    ] discord: Reloaded 'info' | Ausgeführt von Luca♛#7857
[2022-11-01 19:37:38] [ERROR   ] discord.app_commands.tree: Ignoring exception in command 'bestenliste'
Traceback (most recent call last):
  File "D:\pythonProject\Deadshot - ModMail\venv\lib\site-packages\discord\app_commands\commands.py", line 850, in _do_call
    return await self._callback(self.binding, interaction, **params)  # type: ignore
  File "D:\pythonProject\Deadshot - ModMail\cogs\info.py", line 415, in bestenliste
    guild_id, tickets = pos
TypeError: cannot unpack non-iterable int object

The above exception was the direct cause of the following exception:

Traceback (most recent call last):
  File "D:\pythonProject\Deadshot - ModMail\venv\lib\site-packages\discord\app_commands\tree.py", line 1240, in _call
    await command._invoke_with_namespace(interaction, namespace)
  File "D:\pythonProject\Deadshot - ModMail\venv\lib\site-packages\discord\app_commands\commands.py", line 876, in _invoke_with_namespace
    return await self._do_call(interaction, transformed_values)
  File "D:\pythonProject\Deadshot - ModMail\venv\lib\site-packages\discord\app_commands\commands.py", line 865, in _do_call
    raise CommandInvokeError(self, e) from e
discord.app_commands.errors.CommandInvokeError: Command 'bestenliste' raised an exception: TypeError: cannot unpack non-iterable int object
[2022-11-01 19:41:48] [INFO    ] discord: Reloaded 'info' | Ausgeführt von Luca♛#7857
[2022-11-01 19:41:48] [ERROR   ] discord.app_commands.tree: Ignoring exception in command 'bestenliste'
Traceback (most recent call last):
  File "D:\pythonProject\Deadshot - ModMail\venv\lib\site-packages\discord\app_commands\commands.py", line 850, in _do_call
    return await self._callback(self.binding, interaction, **params)  # type: ignore
  File "D:\pythonProject\Deadshot - ModMail\cogs\info.py", line 396, in bestenliste
    await cur.execute(f"SELECT userID, closed_tickets FROM team_tickets WHERE guild_id = (%s) ORDER BY closed_tickets DESC", interaction.guild.id)
  File "D:\pythonProject\Deadshot - ModMail\venv\lib\site-packages\aiomysql\cursors.py", line 239, in execute
    await self._query(query)
  File "D:\pythonProject\Deadshot - ModMail\venv\lib\site-packages\aiomysql\cursors.py", line 457, in _query
    await conn.query(q)
  File "D:\pythonProject\Deadshot - ModMail\venv\lib\site-packages\aiomysql\connection.py", line 469, in query
    await self._read_query_result(unbuffered=unbuffered)
  File "D:\pythonProject\Deadshot - ModMail\venv\lib\site-packages\aiomysql\connection.py", line 672, in _read_query_result
    await result.read()
  File "D:\pythonProject\Deadshot - ModMail\venv\lib\site-packages\aiomysql\connection.py", line 1153, in read
    first_packet = await self.connection._read_packet()
  File "D:\pythonProject\Deadshot - ModMail\venv\lib\site-packages\aiomysql\connection.py", line 641, in _read_packet
    packet.raise_for_error()
  File "D:\pythonProject\Deadshot - ModMail\venv\lib\site-packages\pymysql\protocol.py", line 221, in raise_for_error
    err.raise_mysql_exception(self._data)
  File "D:\pythonProject\Deadshot - ModMail\venv\lib\site-packages\pymysql\err.py", line 143, in raise_mysql_exception
    raise errorclass(errno, errval)
pymysql.err.OperationalError: (1054, "Unknown column 'guild_id' in 'where clause'")

The above exception was the direct cause of the following exception:

Traceback (most recent call last):
  File "D:\pythonProject\Deadshot - ModMail\venv\lib\site-packages\discord\app_commands\tree.py", line 1240, in _call
    await command._invoke_with_namespace(interaction, namespace)
  File "D:\pythonProject\Deadshot - ModMail\venv\lib\site-packages\discord\app_commands\commands.py", line 876, in _invoke_with_namespace
    return await self._do_call(interaction, transformed_values)
  File "D:\pythonProject\Deadshot - ModMail\venv\lib\site-packages\discord\app_commands\commands.py", line 869, in _do_call
    raise CommandInvokeError(self, e) from e
discord.app_commands.errors.CommandInvokeError: Command 'bestenliste' raised an exception: OperationalError: (1054, "Unknown column 'guild_id' in 'where clause'")
[2022-11-01 19:42:07] [INFO    ] discord: Reloaded 'info' | Ausgeführt von Luca♛#7857
[2022-11-01 19:42:26] [INFO    ] discord: Reloaded 'info' | Ausgeführt von Luca♛#7857
[2022-11-01 19:44:59] [INFO    ] discord: Reloaded 'info' | Ausgeführt von Luca♛#7857
[2022-11-01 19:45:02] [INFO    ] discord: Es wurden 15 Befehle synchronisiert. | Ausgeführt von Luca♛#7857
[2022-11-01 19:45:10] [ERROR   ] discord.app_commands.tree: Ignoring exception in command 'bestenliste'
Traceback (most recent call last):
  File "D:\pythonProject\Deadshot - ModMail\venv\lib\site-packages\discord\app_commands\commands.py", line 850, in _do_call
    return await self._callback(self.binding, interaction, **params)  # type: ignore
  File "D:\pythonProject\Deadshot - ModMail\cogs\info.py", line 407, in bestenliste
    await cur.execute(f"SELECT userID, anzahl FROM team_tickets WHERE guildID = (%s) ORDER BY closed_tickets DESC", interaction.guild.id)
  File "D:\pythonProject\Deadshot - ModMail\venv\lib\site-packages\aiomysql\cursors.py", line 239, in execute
    await self._query(query)
  File "D:\pythonProject\Deadshot - ModMail\venv\lib\site-packages\aiomysql\cursors.py", line 457, in _query
    await conn.query(q)
  File "D:\pythonProject\Deadshot - ModMail\venv\lib\site-packages\aiomysql\connection.py", line 469, in query
    await self._read_query_result(unbuffered=unbuffered)
  File "D:\pythonProject\Deadshot - ModMail\venv\lib\site-packages\aiomysql\connection.py", line 672, in _read_query_result
    await result.read()
  File "D:\pythonProject\Deadshot - ModMail\venv\lib\site-packages\aiomysql\connection.py", line 1153, in read
    first_packet = await self.connection._read_packet()
  File "D:\pythonProject\Deadshot - ModMail\venv\lib\site-packages\aiomysql\connection.py", line 641, in _read_packet
    packet.raise_for_error()
  File "D:\pythonProject\Deadshot - ModMail\venv\lib\site-packages\pymysql\protocol.py", line 221, in raise_for_error
    err.raise_mysql_exception(self._data)
  File "D:\pythonProject\Deadshot - ModMail\venv\lib\site-packages\pymysql\err.py", line 143, in raise_mysql_exception
    raise errorclass(errno, errval)
pymysql.err.OperationalError: (1054, "Unknown column 'anzahl' in 'field list'")

The above exception was the direct cause of the following exception:

Traceback (most recent call last):
  File "D:\pythonProject\Deadshot - ModMail\venv\lib\site-packages\discord\app_commands\tree.py", line 1240, in _call
    await command._invoke_with_namespace(interaction, namespace)
  File "D:\pythonProject\Deadshot - ModMail\venv\lib\site-packages\discord\app_commands\commands.py", line 876, in _invoke_with_namespace
    return await self._do_call(interaction, transformed_values)
  File "D:\pythonProject\Deadshot - ModMail\venv\lib\site-packages\discord\app_commands\commands.py", line 869, in _do_call
    raise CommandInvokeError(self, e) from e
discord.app_commands.errors.CommandInvokeError: Command 'bestenliste' raised an exception: OperationalError: (1054, "Unknown column 'anzahl' in 'field list'")
[2022-11-01 19:45:30] [INFO    ] discord: Reloaded 'info' | Ausgeführt von Luca♛#7857
[2022-11-01 20:10:26] [INFO    ] discord: Reloaded 'autotag' | Ausgeführt von Luca♛#7857
[2022-11-01 20:10:48] [INFO    ] discord: Reloaded 'ModMail' | Ausgeführt von Luca♛#7857
[2022-11-01 20:10:55] [ERROR   ] discord.ui.modal: Ignoring exception in modal <my_modal timeout=None children=2>:
Traceback (most recent call last):
  File "D:\pythonProject\Deadshot - ModMail\venv\lib\site-packages\discord\ui\modal.py", line 186, in _scheduled_task
    await self.on_submit(interaction)
  File "D:\pythonProject\Deadshot - ModMail\cogs\ModMail.py", line 155, in on_submit
    await cur.execute("INSERT INTO tickets(guildID, ticketID, authorID, ticket_grund) VALUES(%s, %s, %S, %S)", (guild.id, ticket_channel.id, interaction.user.id, self.grund))
  File "D:\pythonProject\Deadshot - ModMail\venv\lib\site-packages\aiomysql\cursors.py", line 237, in execute
    query = query % self._escape_args(args, conn)
ValueError: unsupported format character 'S' (0x53) at index 79
[2022-11-01 20:11:27] [INFO    ] discord: Reloaded 'ModMail' | Ausgeführt von Luca♛#7857
[2022-11-01 20:13:39] [INFO    ] discord: Reloaded 'ModMail' | Ausgeführt von Luca♛#7857
[2022-11-01 20:15:08] [INFO    ] discord: Reloaded 'ModMail' | Ausgeführt von Luca♛#7857
[2022-11-02 20:10:28] [WARNING ] discord.client: PyNaCl is not installed, voice will NOT be supported
[2022-11-02 20:10:28] [INFO    ] discord.client: logging in using static token
[2022-11-02 20:10:35] [INFO    ] discord.gateway: Shard ID None has connected to Gateway (Session ID: 8340dc5f1a8012a438b88fd82f8a24bb).
[2022-11-02 20:11:44] [ERROR   ] discord.client: Ignoring exception in on_message
Traceback (most recent call last):
  File "D:\pythonProject\Deadshot - ModMail\venv\lib\site-packages\discord\client.py", line 409, in _run_event
    await coro(*args, **kwargs)
  File "D:\pythonProject\Deadshot - ModMail\cogs\ModMail.py", line 277, in on_message
    for ticket in tickets["TICKET"]:
NameError: name 'tickets' is not defined
[2022-11-02 20:11:58] [ERROR   ] discord.client: Ignoring exception in on_message
Traceback (most recent call last):
  File "D:\pythonProject\Deadshot - ModMail\venv\lib\site-packages\discord\client.py", line 409, in _run_event
    await coro(*args, **kwargs)
  File "D:\pythonProject\Deadshot - ModMail\cogs\ModMail.py", line 277, in on_message
    for ticket in tickets["TICKET"]:
NameError: name 'tickets' is not defined
[2022-11-02 20:12:14] [ERROR   ] discord.client: Ignoring exception in on_message
Traceback (most recent call last):
  File "D:\pythonProject\Deadshot - ModMail\venv\lib\site-packages\discord\client.py", line 409, in _run_event
    await coro(*args, **kwargs)
  File "D:\pythonProject\Deadshot - ModMail\cogs\ModMail.py", line 277, in on_message
    for ticket in tickets["TICKET"]:
NameError: name 'tickets' is not defined
[2022-11-02 20:12:21] [WARNING ] discord.client: PyNaCl is not installed, voice will NOT be supported
[2022-11-02 20:12:21] [INFO    ] discord.client: logging in using static token
[2022-11-02 20:12:22] [INFO    ] discord.gateway: Shard ID None has connected to Gateway (Session ID: 4dc97816def4ad387f34ac2843f578d1).
[2022-11-02 20:12:26] [ERROR   ] discord.client: Ignoring exception in on_message
Traceback (most recent call last):
  File "D:\pythonProject\Deadshot - ModMail\venv\lib\site-packages\discord\client.py", line 409, in _run_event
    await coro(*args, **kwargs)
  File "D:\pythonProject\Deadshot - ModMail\cogs\ModMail.py", line 277, in on_message
    for ticket in tickets["TICKET"]:
NameError: name 'tickets' is not defined
[2022-11-02 20:12:28] [ERROR   ] discord.client: Ignoring exception in on_message
Traceback (most recent call last):
  File "D:\pythonProject\Deadshot - ModMail\venv\lib\site-packages\discord\client.py", line 409, in _run_event
    await coro(*args, **kwargs)
  File "D:\pythonProject\Deadshot - ModMail\cogs\ModMail.py", line 277, in on_message
    for ticket in tickets["TICKET"]:
NameError: name 'tickets' is not defined
[2022-11-02 20:12:38] [INFO    ] discord: Es wurden 15 Befehle synchronisiert. | Ausgeführt von Luca♛#7857
[2022-11-02 20:14:29] [ERROR   ] discord.app_commands.tree: Ignoring exception in command 'start'
Traceback (most recent call last):
  File "D:\pythonProject\Deadshot - ModMail\venv\lib\site-packages\discord\app_commands\commands.py", line 850, in _do_call
    return await self._callback(self.binding, interaction, **params)  # type: ignore
  File "D:\pythonProject\Deadshot - ModMail\cogs\settings.py", line 60, in start
    await interaction.response.send_message("› `❌` | Nur der **Server Owner** kann disen Command ausführen", ephemeral=True)
  File "D:\pythonProject\Deadshot - ModMail\venv\lib\site-packages\discord\interactions.py", line 692, in send_message
    raise InteractionResponded(self._parent)
discord.errors.InteractionResponded: This interaction has already been responded to before

The above exception was the direct cause of the following exception:

Traceback (most recent call last):
  File "D:\pythonProject\Deadshot - ModMail\venv\lib\site-packages\discord\app_commands\tree.py", line 1240, in _call
    await command._invoke_with_namespace(interaction, namespace)
  File "D:\pythonProject\Deadshot - ModMail\venv\lib\site-packages\discord\app_commands\commands.py", line 876, in _invoke_with_namespace
    return await self._do_call(interaction, transformed_values)
  File "D:\pythonProject\Deadshot - ModMail\venv\lib\site-packages\discord\app_commands\commands.py", line 869, in _do_call
    raise CommandInvokeError(self, e) from e
discord.app_commands.errors.CommandInvokeError: Command 'start' raised an exception: InteractionResponded: This interaction has already been responded to before
[2022-11-02 20:16:07] [ERROR   ] discord.app_commands.tree: Ignoring exception in command 'teaminfo'
Traceback (most recent call last):
  File "D:\pythonProject\Deadshot - ModMail\venv\lib\site-packages\discord\app_commands\commands.py", line 850, in _do_call
    return await self._callback(self.binding, interaction, **params)  # type: ignore
  File "D:\pythonProject\Deadshot - ModMail\cogs\info.py", line 283, in teaminfo
    await interaction.response.send_message(embed=embed, ephemeral=True)
  File "D:\pythonProject\Deadshot - ModMail\venv\lib\site-packages\discord\interactions.py", line 692, in send_message
    raise InteractionResponded(self._parent)
discord.errors.InteractionResponded: This interaction has already been responded to before

The above exception was the direct cause of the following exception:

Traceback (most recent call last):
  File "D:\pythonProject\Deadshot - ModMail\venv\lib\site-packages\discord\app_commands\tree.py", line 1240, in _call
    await command._invoke_with_namespace(interaction, namespace)
  File "D:\pythonProject\Deadshot - ModMail\venv\lib\site-packages\discord\app_commands\commands.py", line 876, in _invoke_with_namespace
    return await self._do_call(interaction, transformed_values)
  File "D:\pythonProject\Deadshot - ModMail\venv\lib\site-packages\discord\app_commands\commands.py", line 869, in _do_call
    raise CommandInvokeError(self, e) from e
discord.app_commands.errors.CommandInvokeError: Command 'teaminfo' raised an exception: InteractionResponded: This interaction has already been responded to before
[2022-11-02 20:25:35] [INFO    ] discord: Reloaded 'ModMail' | Ausgeführt von Luca♛#7857
[2022-11-02 20:25:52] [ERROR   ] discord.ext.commands.bot: Ignoring exception in command None
discord.ext.commands.errors.CommandNotFound: Command "hallo" is not found
[2022-11-02 20:25:54] [ERROR   ] discord.client: Ignoring exception in on_message
Traceback (most recent call last):
  File "D:\pythonProject\Deadshot - ModMail\venv\lib\site-packages\discord\client.py", line 409, in _run_event
    await coro(*args, **kwargs)
  File "D:\pythonProject\Deadshot - ModMail\cogs\ModMail.py", line 520, in on_message
    await message.delete()
  File "D:\pythonProject\Deadshot - ModMail\venv\lib\site-packages\discord\message.py", line 806, in delete
    await self._state.http.delete_message(self.channel.id, self.id)
  File "D:\pythonProject\Deadshot - ModMail\venv\lib\site-packages\discord\http.py", line 740, in request
    raise NotFound(response, data)
discord.errors.NotFound: 404 Not Found (error code: 10008): Unknown Message
[2022-11-02 20:27:40] [INFO    ] discord: Reloaded 'moderation' | Ausgeführt von Luca♛#7857
[2022-11-02 20:27:54] [INFO    ] discord: Reloaded 'ModMail' | Ausgeführt von Luca♛#7857
[2022-11-02 20:29:22] [INFO    ] discord: Reloaded 'ModMail' | Ausgeführt von Luca♛#7857
[2022-11-02 20:29:49] [INFO    ] discord: Reloaded 'ModMail' | Ausgeführt von Luca♛#7857
[2022-11-02 20:30:10] [INFO    ] discord: Reloaded 'ModMail' | Ausgeführt von Luca♛#7857
[2022-11-02 20:32:10] [INFO    ] discord: Reloaded 'ModMail' | Ausgeführt von Luca♛#7857
[2022-11-02 20:32:59] [INFO    ] discord: Reloaded 'ModMail' | Ausgeführt von Luca♛#7857
[2022-11-02 20:33:01] [ERROR   ] discord.app_commands.tree: Ignoring exception in command 'close'
Traceback (most recent call last):
  File "D:\pythonProject\Deadshot - ModMail\venv\lib\site-packages\discord\app_commands\commands.py", line 850, in _do_call
    return await self._callback(self.binding, interaction, **params)  # type: ignore
  File "D:\pythonProject\Deadshot - ModMail\cogs\ModMail.py", line 538, in close
    member = interaction.guild.get_member(int(db_daten2[2]))
IndexError: tuple index out of range

The above exception was the direct cause of the following exception:

Traceback (most recent call last):
  File "D:\pythonProject\Deadshot - ModMail\venv\lib\site-packages\discord\app_commands\tree.py", line 1240, in _call
    await command._invoke_with_namespace(interaction, namespace)
  File "D:\pythonProject\Deadshot - ModMail\venv\lib\site-packages\discord\app_commands\commands.py", line 876, in _invoke_with_namespace
    return await self._do_call(interaction, transformed_values)
  File "D:\pythonProject\Deadshot - ModMail\venv\lib\site-packages\discord\app_commands\commands.py", line 869, in _do_call
    raise CommandInvokeError(self, e) from e
discord.app_commands.errors.CommandInvokeError: Command 'close' raised an exception: IndexError: tuple index out of range
[2022-11-02 20:34:27] [INFO    ] discord: Reloaded 'ModMail' | Ausgeführt von Luca♛#7857
[2022-11-02 20:34:30] [ERROR   ] discord.app_commands.tree: Ignoring exception in command 'close'
Traceback (most recent call last):
  File "D:\pythonProject\Deadshot - ModMail\venv\lib\site-packages\discord\app_commands\commands.py", line 850, in _do_call
    return await self._callback(self.binding, interaction, **params)  # type: ignore
  File "D:\pythonProject\Deadshot - ModMail\cogs\ModMail.py", line 538, in close
    member = interaction.guild.get_member(int(db_daten2[2]))
IndexError: tuple index out of range

The above exception was the direct cause of the following exception:

Traceback (most recent call last):
  File "D:\pythonProject\Deadshot - ModMail\venv\lib\site-packages\discord\app_commands\tree.py", line 1240, in _call
    await command._invoke_with_namespace(interaction, namespace)
  File "D:\pythonProject\Deadshot - ModMail\venv\lib\site-packages\discord\app_commands\commands.py", line 876, in _invoke_with_namespace
    return await self._do_call(interaction, transformed_values)
  File "D:\pythonProject\Deadshot - ModMail\venv\lib\site-packages\discord\app_commands\commands.py", line 869, in _do_call
    raise CommandInvokeError(self, e) from e
discord.app_commands.errors.CommandInvokeError: Command 'close' raised an exception: IndexError: tuple index out of range
[2022-11-02 20:37:40] [INFO    ] discord: Reloaded 'ModMail' | Ausgeführt von Luca♛#7857
[2022-11-02 20:37:44] [ERROR   ] discord.app_commands.tree: Ignoring exception in command 'close'
Traceback (most recent call last):
  File "D:\pythonProject\Deadshot - ModMail\venv\lib\site-packages\discord\app_commands\commands.py", line 850, in _do_call
    return await self._callback(self.binding, interaction, **params)  # type: ignore
  File "D:\pythonProject\Deadshot - ModMail\cogs\ModMail.py", line 538, in close
    member = interaction.guild.get_member(db_daten2[2])
IndexError: tuple index out of range

The above exception was the direct cause of the following exception:

Traceback (most recent call last):
  File "D:\pythonProject\Deadshot - ModMail\venv\lib\site-packages\discord\app_commands\tree.py", line 1240, in _call
    await command._invoke_with_namespace(interaction, namespace)
  File "D:\pythonProject\Deadshot - ModMail\venv\lib\site-packages\discord\app_commands\commands.py", line 876, in _invoke_with_namespace
    return await self._do_call(interaction, transformed_values)
  File "D:\pythonProject\Deadshot - ModMail\venv\lib\site-packages\discord\app_commands\commands.py", line 869, in _do_call
    raise CommandInvokeError(self, e) from e
discord.app_commands.errors.CommandInvokeError: Command 'close' raised an exception: IndexError: tuple index out of range
[2022-11-02 20:38:24] [INFO    ] discord: Reloaded 'ModMail' | Ausgeführt von Luca♛#7857
[2022-11-02 20:38:27] [ERROR   ] discord.app_commands.tree: Ignoring exception in command 'close'
Traceback (most recent call last):
  File "D:\pythonProject\Deadshot - ModMail\venv\lib\site-packages\discord\app_commands\commands.py", line 850, in _do_call
    return await self._callback(self.binding, interaction, **params)  # type: ignore
  File "D:\pythonProject\Deadshot - ModMail\cogs\ModMail.py", line 538, in close
    member = interaction.guild.get_member(db_daten[2])
IndexError: tuple index out of range

The above exception was the direct cause of the following exception:

Traceback (most recent call last):
  File "D:\pythonProject\Deadshot - ModMail\venv\lib\site-packages\discord\app_commands\tree.py", line 1240, in _call
    await command._invoke_with_namespace(interaction, namespace)
  File "D:\pythonProject\Deadshot - ModMail\venv\lib\site-packages\discord\app_commands\commands.py", line 876, in _invoke_with_namespace
    return await self._do_call(interaction, transformed_values)
  File "D:\pythonProject\Deadshot - ModMail\venv\lib\site-packages\discord\app_commands\commands.py", line 869, in _do_call
    raise CommandInvokeError(self, e) from e
discord.app_commands.errors.CommandInvokeError: Command 'close' raised an exception: IndexError: tuple index out of range
[2022-11-02 20:38:51] [INFO    ] discord: Reloaded 'ModMail' | Ausgeführt von Luca♛#7857
[2022-11-02 20:40:09] [INFO    ] discord: Reloaded 'ModMail' | Ausgeführt von Luca♛#7857
[2022-11-02 20:41:04] [INFO    ] discord: Reloaded 'ModMail' | Ausgeführt von Luca♛#7857
[2022-11-02 20:45:36] [INFO    ] discord: Reloaded 'ModMail' | Ausgeführt von Luca♛#7857
[2022-11-02 20:47:07] [INFO    ] discord: Reloaded 'ModMail' | Ausgeführt von Luca♛#7857
[2022-11-02 20:47:38] [INFO    ] discord: Reloaded 'ModMail' | Ausgeführt von Luca♛#7857
[2022-11-02 20:48:13] [INFO    ] discord: Reloaded 'ModMail' | Ausgeführt von Luca♛#7857
[2022-11-02 20:48:55] [INFO    ] discord: Reloaded 'ModMail' | Ausgeführt von Luca♛#7857
[2022-11-02 20:49:55] [INFO    ] discord: Reloaded 'ModMail' | Ausgeführt von Luca♛#7857
[2022-11-02 20:51:27] [INFO    ] discord: Reloaded 'ModMail' | Ausgeführt von Luca♛#7857
[2022-11-03 16:38:30] [WARNING ] discord.client: PyNaCl is not installed, voice will NOT be supported
[2022-11-03 16:38:30] [INFO    ] discord.client: logging in using static token
[2022-11-03 16:38:31] [INFO    ] discord.gateway: Shard ID None has connected to Gateway (Session ID: 5e7946fc300279280a41fe14864f181f).
[2022-11-03 16:38:39] [ERROR   ] discord.ui.view: Ignoring exception in view <Close_View timeout=None children=1> for item <Button style=<ButtonStyle.secondary: 2> url=None disabled=False label=None emoji=<PartialEmoji animated=False name='🔒' id=None> row=None>
Traceback (most recent call last):
  File "D:\pythonProject\Deadshot - ModMail\venv\lib\site-packages\discord\ui\view.py", line 425, in _scheduled_task
    await item.callback(interaction)
  File "D:\pythonProject\Deadshot - ModMail\cogs\ModMail.py", line 231, in button_callback_2
    await interaction.response.send_message(embed=embed, ephemeral=True)
  File "D:\pythonProject\Deadshot - ModMail\venv\lib\site-packages\discord\interactions.py", line 692, in send_message
    raise InteractionResponded(self._parent)
discord.errors.InteractionResponded: This interaction has already been responded to before
[2022-11-03 16:43:28] [INFO    ] discord: Reloaded 'info' | Ausgeführt von Luca♛#7857
[2022-11-03 16:43:32] [ERROR   ] discord.client: Ignoring exception in on_message_edit
Traceback (most recent call last):
  File "D:\pythonProject\Deadshot - ModMail\venv\lib\site-packages\discord\client.py", line 409, in _run_event
    await coro(*args, **kwargs)
  File "D:\pythonProject\Deadshot - ModMail\cogs\events.py", line 134, in on_message_edit
    with open('data/ticket.json', 'w') as f:
FileNotFoundError: [Errno 2] No such file or directory: 'data/ticket.json'
[2022-11-03 16:43:52] [ERROR   ] discord.client: Ignoring exception in on_message_edit
Traceback (most recent call last):
  File "D:\pythonProject\Deadshot - ModMail\venv\lib\site-packages\discord\client.py", line 409, in _run_event
    await coro(*args, **kwargs)
  File "D:\pythonProject\Deadshot - ModMail\cogs\events.py", line 134, in on_message_edit
    with open('data/ticket.json', 'w') as f:
FileNotFoundError: [Errno 2] No such file or directory: 'data/ticket.json'
[2022-11-03 16:43:53] [ERROR   ] discord.client: Ignoring exception in on_message_edit
Traceback (most recent call last):
  File "D:\pythonProject\Deadshot - ModMail\venv\lib\site-packages\discord\client.py", line 409, in _run_event
    await coro(*args, **kwargs)
  File "D:\pythonProject\Deadshot - ModMail\cogs\events.py", line 134, in on_message_edit
    with open('data/ticket.json', 'w') as f:
FileNotFoundError: [Errno 2] No such file or directory: 'data/ticket.json'
[2022-11-03 16:44:22] [ERROR   ] discord.client: Ignoring exception in on_message_edit
Traceback (most recent call last):
  File "D:\pythonProject\Deadshot - ModMail\venv\lib\site-packages\discord\client.py", line 409, in _run_event
    await coro(*args, **kwargs)
  File "D:\pythonProject\Deadshot - ModMail\cogs\events.py", line 134, in on_message_edit
    with open('data/ticket.json', 'w') as f:
FileNotFoundError: [Errno 2] No such file or directory: 'data/ticket.json'
[2022-11-03 16:54:04] [ERROR   ] discord.client: Ignoring exception in on_message_edit
Traceback (most recent call last):
  File "D:\pythonProject\Deadshot - ModMail\venv\lib\site-packages\discord\client.py", line 409, in _run_event
    await coro(*args, **kwargs)
  File "D:\pythonProject\Deadshot - ModMail\cogs\events.py", line 134, in on_message_edit
    with open('data/ticket.json', 'w') as f:
FileNotFoundError: [Errno 2] No such file or directory: 'data/ticket.json'
[2022-11-03 16:54:29] [ERROR   ] discord.client: Ignoring exception in on_message_edit
Traceback (most recent call last):
  File "D:\pythonProject\Deadshot - ModMail\venv\lib\site-packages\discord\client.py", line 409, in _run_event
    await coro(*args, **kwargs)
  File "D:\pythonProject\Deadshot - ModMail\cogs\events.py", line 134, in on_message_edit
    with open('data/ticket.json', 'w') as f:
FileNotFoundError: [Errno 2] No such file or directory: 'data/ticket.json'
[2022-11-03 16:55:40] [ERROR   ] discord.client: Ignoring exception in on_message_edit
Traceback (most recent call last):
  File "D:\pythonProject\Deadshot - ModMail\venv\lib\site-packages\discord\client.py", line 409, in _run_event
    await coro(*args, **kwargs)
  File "D:\pythonProject\Deadshot - ModMail\cogs\events.py", line 134, in on_message_edit
    with open('data/ticket.json', 'w') as f:
FileNotFoundError: [Errno 2] No such file or directory: 'data/ticket.json'
[2022-11-03 16:56:12] [INFO    ] discord: Reloaded 'info' | Ausgeführt von Luca♛#7857
[2022-11-03 16:56:22] [INFO    ] discord: Es wurden 15 Befehle synchronisiert. | Ausgeführt von Luca♛#7857
[2022-11-03 16:56:28] [WARNING ] discord.client: PyNaCl is not installed, voice will NOT be supported
[2022-11-03 16:56:28] [INFO    ] discord.client: logging in using static token
[2022-11-03 16:56:30] [INFO    ] discord.gateway: Shard ID None has connected to Gateway (Session ID: d7852e18e5a641c820b9ca2c4c2742a0).
[2022-11-03 16:57:06] [ERROR   ] discord.client: Ignoring exception in on_message_edit
Traceback (most recent call last):
  File "D:\pythonProject\Deadshot - ModMail\venv\lib\site-packages\discord\client.py", line 409, in _run_event
    await coro(*args, **kwargs)
  File "D:\pythonProject\Deadshot - ModMail\cogs\events.py", line 134, in on_message_edit
    with open('data/ticket.json', 'w') as f:
FileNotFoundError: [Errno 2] No such file or directory: 'data/ticket.json'
[2022-11-03 16:58:53] [INFO    ] discord: Reloaded 'info' | Ausgeführt von Luca♛#7857
[2022-11-03 16:58:58] [ERROR   ] discord.ui.view: Ignoring exception in view <DropdownView timeout=30 children=1> for item <Dropdown placeholder='Triff eine Auswahl' min_values=1 max_values=1 options=[<SelectOption label='Bot - Führung' value='führung' description=None emoji=<PartialEmoji animated=False name='DeadShotHelp' id=1037756726704881685> default=False>, <SelectOption label='Team Befehle' value='1' description=None emoji=<PartialEmoji animated=False name='DeadShotMod' id=914516537057116160> default=False>, <SelectOption label='Einstellungs Befehle' value='2' description=None emoji=<PartialEmoji animated=False name='DeadShotSettings' id=1034191404487954442> default=False>, <SelectOption label='Informations Befehle' value='3' description=None emoji=<PartialEmoji animated=False name='DeadShotInfos' id=1034196978013319228> default=False>, <SelectOption label='Löschen' value='4' description=None emoji=<PartialEmoji animated=False name='DeadShotDelete' id=1034205579297702028> default=False>] disabled=False>
Traceback (most recent call last):
  File "D:\pythonProject\Deadshot - ModMail\venv\lib\site-packages\discord\ui\view.py", line 425, in _scheduled_task
    await item.callback(interaction)
  File "D:\pythonProject\Deadshot - ModMail\cogs\info.py", line 64, in callback
    await interaction.response.edit_mesage("Nice")
AttributeError: 'InteractionResponse' object has no attribute 'edit_mesage'
[2022-11-03 16:59:25] [INFO    ] discord: Reloaded 'info' | Ausgeführt von Luca♛#7857
[2022-11-03 16:59:28] [ERROR   ] discord.client: Ignoring exception in on_message_edit
Traceback (most recent call last):
  File "D:\pythonProject\Deadshot - ModMail\venv\lib\site-packages\discord\client.py", line 409, in _run_event
    await coro(*args, **kwargs)
  File "D:\pythonProject\Deadshot - ModMail\cogs\events.py", line 134, in on_message_edit
    with open('data/ticket.json', 'w') as f:
FileNotFoundError: [Errno 2] No such file or directory: 'data/ticket.json'
[2022-11-03 16:59:30] [ERROR   ] discord.ui.view: Ignoring exception in view <DropdownView timeout=30 children=1> for item <Dropdown placeholder='Triff eine Auswahl' min_values=1 max_values=1 options=[<SelectOption label='Bot - Führung' value='führung' description=None emoji=<PartialEmoji animated=False name='DeadShotHelp' id=1037756726704881685> default=False>, <SelectOption label='Team Befehle' value='1' description=None emoji=<PartialEmoji animated=False name='DeadShotMod' id=914516537057116160> default=False>, <SelectOption label='Einstellungs Befehle' value='2' description=None emoji=<PartialEmoji animated=False name='DeadShotSettings' id=1034191404487954442> default=False>, <SelectOption label='Informations Befehle' value='3' description=None emoji=<PartialEmoji animated=False name='DeadShotInfos' id=1034196978013319228> default=False>, <SelectOption label='Löschen' value='4' description=None emoji=<PartialEmoji animated=False name='DeadShotDelete' id=1034205579297702028> default=False>] disabled=False>
Traceback (most recent call last):
  File "D:\pythonProject\Deadshot - ModMail\venv\lib\site-packages\discord\ui\view.py", line 425, in _scheduled_task
    await item.callback(interaction)
  File "D:\pythonProject\Deadshot - ModMail\cogs\info.py", line 64, in callback
    await interaction.response.edit_mesage(content="Nice")
AttributeError: 'InteractionResponse' object has no attribute 'edit_mesage'
[2022-11-03 16:59:40] [INFO    ] discord: Reloaded 'info' | Ausgeführt von Luca♛#7857
[2022-11-03 16:59:45] [ERROR   ] discord.client: Ignoring exception in on_message_edit
Traceback (most recent call last):
  File "D:\pythonProject\Deadshot - ModMail\venv\lib\site-packages\discord\client.py", line 409, in _run_event
    await coro(*args, **kwargs)
  File "D:\pythonProject\Deadshot - ModMail\cogs\events.py", line 134, in on_message_edit
    with open('data/ticket.json', 'w') as f:
FileNotFoundError: [Errno 2] No such file or directory: 'data/ticket.json'
[2022-11-03 17:00:00] [ERROR   ] discord.client: Ignoring exception in on_message_edit
Traceback (most recent call last):
  File "D:\pythonProject\Deadshot - ModMail\venv\lib\site-packages\discord\client.py", line 409, in _run_event
    await coro(*args, **kwargs)
  File "D:\pythonProject\Deadshot - ModMail\cogs\events.py", line 134, in on_message_edit
    with open('data/ticket.json', 'w') as f:
FileNotFoundError: [Errno 2] No such file or directory: 'data/ticket.json'
[2022-11-03 17:00:15] [ERROR   ] discord.client: Ignoring exception in on_message_edit
Traceback (most recent call last):
  File "D:\pythonProject\Deadshot - ModMail\venv\lib\site-packages\discord\client.py", line 409, in _run_event
    await coro(*args, **kwargs)
  File "D:\pythonProject\Deadshot - ModMail\cogs\events.py", line 134, in on_message_edit
    with open('data/ticket.json', 'w') as f:
FileNotFoundError: [Errno 2] No such file or directory: 'data/ticket.json'
[2022-11-03 17:09:58] [INFO    ] discord: Reloaded 'info' | Ausgeführt von Luca♛#7857
[2022-11-03 17:10:02] [ERROR   ] discord.client: Ignoring exception in on_message_edit
Traceback (most recent call last):
  File "D:\pythonProject\Deadshot - ModMail\venv\lib\site-packages\discord\client.py", line 409, in _run_event
    await coro(*args, **kwargs)
  File "D:\pythonProject\Deadshot - ModMail\cogs\events.py", line 134, in on_message_edit
    with open('data/ticket.json', 'w') as f:
FileNotFoundError: [Errno 2] No such file or directory: 'data/ticket.json'
[2022-11-03 17:10:03] [ERROR   ] discord.client: Ignoring exception in on_message_edit
Traceback (most recent call last):
  File "D:\pythonProject\Deadshot - ModMail\venv\lib\site-packages\discord\client.py", line 409, in _run_event
    await coro(*args, **kwargs)
  File "D:\pythonProject\Deadshot - ModMail\cogs\events.py", line 134, in on_message_edit
    with open('data/ticket.json', 'w') as f:
FileNotFoundError: [Errno 2] No such file or directory: 'data/ticket.json'
[2022-11-03 17:10:21] [INFO    ] discord: Reloaded 'info' | Ausgeführt von Luca♛#7857
[2022-11-03 17:10:31] [ERROR   ] discord.client: Ignoring exception in on_message_edit
Traceback (most recent call last):
  File "D:\pythonProject\Deadshot - ModMail\venv\lib\site-packages\discord\client.py", line 409, in _run_event
    await coro(*args, **kwargs)
  File "D:\pythonProject\Deadshot - ModMail\cogs\events.py", line 134, in on_message_edit
    with open('data/ticket.json', 'w') as f:
FileNotFoundError: [Errno 2] No such file or directory: 'data/ticket.json'
[2022-11-03 17:10:32] [ERROR   ] discord.client: Ignoring exception in on_message_edit
Traceback (most recent call last):
  File "D:\pythonProject\Deadshot - ModMail\venv\lib\site-packages\discord\client.py", line 409, in _run_event
    await coro(*args, **kwargs)
  File "D:\pythonProject\Deadshot - ModMail\cogs\events.py", line 134, in on_message_edit
    with open('data/ticket.json', 'w') as f:
FileNotFoundError: [Errno 2] No such file or directory: 'data/ticket.json'
[2022-11-03 17:10:51] [ERROR   ] discord.client: Ignoring exception in on_message_edit
Traceback (most recent call last):
  File "D:\pythonProject\Deadshot - ModMail\venv\lib\site-packages\discord\client.py", line 409, in _run_event
    await coro(*args, **kwargs)
  File "D:\pythonProject\Deadshot - ModMail\cogs\events.py", line 134, in on_message_edit
    with open('data/ticket.json', 'w') as f:
FileNotFoundError: [Errno 2] No such file or directory: 'data/ticket.json'
[2022-11-03 17:11:01] [ERROR   ] discord.client: Ignoring exception in on_message_edit
Traceback (most recent call last):
  File "D:\pythonProject\Deadshot - ModMail\venv\lib\site-packages\discord\client.py", line 409, in _run_event
    await coro(*args, **kwargs)
  File "D:\pythonProject\Deadshot - ModMail\cogs\events.py", line 134, in on_message_edit
    with open('data/ticket.json', 'w') as f:
FileNotFoundError: [Errno 2] No such file or directory: 'data/ticket.json'
[2022-11-03 17:11:21] [ERROR   ] discord.client: Ignoring exception in on_message_edit
Traceback (most recent call last):
  File "D:\pythonProject\Deadshot - ModMail\venv\lib\site-packages\discord\client.py", line 409, in _run_event
    await coro(*args, **kwargs)
  File "D:\pythonProject\Deadshot - ModMail\cogs\events.py", line 134, in on_message_edit
    with open('data/ticket.json', 'w') as f:
FileNotFoundError: [Errno 2] No such file or directory: 'data/ticket.json'
[2022-11-03 17:11:32] [ERROR   ] discord.client: Ignoring exception in on_message_edit
Traceback (most recent call last):
  File "D:\pythonProject\Deadshot - ModMail\venv\lib\site-packages\discord\client.py", line 409, in _run_event
    await coro(*args, **kwargs)
  File "D:\pythonProject\Deadshot - ModMail\cogs\events.py", line 134, in on_message_edit
    with open('data/ticket.json', 'w') as f:
FileNotFoundError: [Errno 2] No such file or directory: 'data/ticket.json'
[2022-11-03 17:11:45] [INFO    ] discord: Reloaded 'info' | Ausgeführt von Luca♛#7857
[2022-11-03 17:11:49] [ERROR   ] discord.client: Ignoring exception in on_message_edit
Traceback (most recent call last):
  File "D:\pythonProject\Deadshot - ModMail\venv\lib\site-packages\discord\client.py", line 409, in _run_event
    await coro(*args, **kwargs)
  File "D:\pythonProject\Deadshot - ModMail\cogs\events.py", line 134, in on_message_edit
    with open('data/ticket.json', 'w') as f:
FileNotFoundError: [Errno 2] No such file or directory: 'data/ticket.json'
[2022-11-03 17:12:19] [ERROR   ] discord.client: Ignoring exception in on_message_edit
Traceback (most recent call last):
  File "D:\pythonProject\Deadshot - ModMail\venv\lib\site-packages\discord\client.py", line 409, in _run_event
    await coro(*args, **kwargs)
  File "D:\pythonProject\Deadshot - ModMail\cogs\events.py", line 134, in on_message_edit
    with open('data/ticket.json', 'w') as f:
FileNotFoundError: [Errno 2] No such file or directory: 'data/ticket.json'
[2022-11-03 17:12:26] [INFO    ] discord: Reloaded 'info' | Ausgeführt von Luca♛#7857
[2022-11-03 17:12:31] [ERROR   ] discord.client: Ignoring exception in on_message_edit
Traceback (most recent call last):
  File "D:\pythonProject\Deadshot - ModMail\venv\lib\site-packages\discord\client.py", line 409, in _run_event
    await coro(*args, **kwargs)
  File "D:\pythonProject\Deadshot - ModMail\cogs\events.py", line 134, in on_message_edit
    with open('data/ticket.json', 'w') as f:
FileNotFoundError: [Errno 2] No such file or directory: 'data/ticket.json'
[2022-11-03 17:13:01] [ERROR   ] discord.client: Ignoring exception in on_message_edit
Traceback (most recent call last):
  File "D:\pythonProject\Deadshot - ModMail\venv\lib\site-packages\discord\client.py", line 409, in _run_event
    await coro(*args, **kwargs)
  File "D:\pythonProject\Deadshot - ModMail\cogs\events.py", line 134, in on_message_edit
    with open('data/ticket.json', 'w') as f:
FileNotFoundError: [Errno 2] No such file or directory: 'data/ticket.json'
[2022-11-03 17:13:32] [ERROR   ] discord.client: Ignoring exception in on_message_edit
Traceback (most recent call last):
  File "D:\pythonProject\Deadshot - ModMail\venv\lib\site-packages\discord\client.py", line 409, in _run_event
    await coro(*args, **kwargs)
  File "D:\pythonProject\Deadshot - ModMail\cogs\events.py", line 134, in on_message_edit
    with open('data/ticket.json', 'w') as f:
FileNotFoundError: [Errno 2] No such file or directory: 'data/ticket.json'
[2022-11-03 17:14:11] [ERROR   ] discord.client: Ignoring exception in on_message_edit
Traceback (most recent call last):
  File "D:\pythonProject\Deadshot - ModMail\venv\lib\site-packages\discord\client.py", line 409, in _run_event
    await coro(*args, **kwargs)
  File "D:\pythonProject\Deadshot - ModMail\cogs\events.py", line 134, in on_message_edit
    with open('data/ticket.json', 'w') as f:
FileNotFoundError: [Errno 2] No such file or directory: 'data/ticket.json'
[2022-11-03 17:16:05] [ERROR   ] discord.client: Ignoring exception in on_message_edit
Traceback (most recent call last):
  File "D:\pythonProject\Deadshot - ModMail\venv\lib\site-packages\discord\client.py", line 409, in _run_event
    await coro(*args, **kwargs)
  File "D:\pythonProject\Deadshot - ModMail\cogs\events.py", line 134, in on_message_edit
    with open('data/ticket.json', 'w') as f:
FileNotFoundError: [Errno 2] No such file or directory: 'data/ticket.json'
[2022-11-03 17:16:14] [ERROR   ] discord.client: Ignoring exception in on_message_edit
Traceback (most recent call last):
  File "D:\pythonProject\Deadshot - ModMail\venv\lib\site-packages\discord\client.py", line 409, in _run_event
    await coro(*args, **kwargs)
  File "D:\pythonProject\Deadshot - ModMail\cogs\events.py", line 134, in on_message_edit
    with open('data/ticket.json', 'w') as f:
FileNotFoundError: [Errno 2] No such file or directory: 'data/ticket.json'
[2022-11-03 17:16:59] [ERROR   ] discord.client: Ignoring exception in on_message_edit
Traceback (most recent call last):
  File "D:\pythonProject\Deadshot - ModMail\venv\lib\site-packages\discord\client.py", line 409, in _run_event
    await coro(*args, **kwargs)
  File "D:\pythonProject\Deadshot - ModMail\cogs\events.py", line 134, in on_message_edit
    with open('data/ticket.json', 'w') as f:
FileNotFoundError: [Errno 2] No such file or directory: 'data/ticket.json'
[2022-11-03 17:17:04] [ERROR   ] discord.app_commands.tree: Ignoring exception in command 'reload'
Traceback (most recent call last):
  File "D:\pythonProject\Deadshot - ModMail\venv\lib\site-packages\discord\ext\commands\bot.py", line 934, in _load_from_module_spec
    spec.loader.exec_module(lib)  # type: ignore
  File "<frozen importlib._bootstrap_external>", line 879, in exec_module
  File "<frozen importlib._bootstrap_external>", line 1017, in get_code
  File "<frozen importlib._bootstrap_external>", line 947, in source_to_code
  File "<frozen importlib._bootstrap>", line 241, in _call_with_frames_removed
  File "D:\pythonProject\Deadshot - ModMail\cogs\info.py", line 25
    class Button(View):
IndentationError: expected an indented block after function definition on line 22

The above exception was the direct cause of the following exception:

Traceback (most recent call last):
  File "D:\pythonProject\Deadshot - ModMail\main.py", line 107, in reload
    await bot.reload_extension(f"cogs.{datei.value}")
  File "D:\pythonProject\Deadshot - ModMail\venv\lib\site-packages\discord\ext\commands\bot.py", line 1114, in reload_extension
    await self.load_extension(name)
  File "D:\pythonProject\Deadshot - ModMail\venv\lib\site-packages\discord\ext\commands\bot.py", line 1012, in load_extension
    await self._load_from_module_spec(spec, name)
  File "D:\pythonProject\Deadshot - ModMail\venv\lib\site-packages\discord\ext\commands\bot.py", line 937, in _load_from_module_spec
    raise errors.ExtensionFailed(key, e) from e
discord.ext.commands.errors.ExtensionFailed: Extension 'cogs.info' raised an error: IndentationError: expected an indented block after function definition on line 22 (info.py, line 25)

During handling of the above exception, another exception occurred:

Traceback (most recent call last):
  File "D:\pythonProject\Deadshot - ModMail\venv\lib\site-packages\discord\app_commands\commands.py", line 851, in _do_call
    return await self._callback(interaction, **params)  # type: ignore
  File "D:\pythonProject\Deadshot - ModMail\main.py", line 111, in reload
    await bot.load_extension(f"cogs.{datei.value}")
  File "D:\pythonProject\Deadshot - ModMail\venv\lib\site-packages\discord\ext\commands\bot.py", line 1006, in load_extension
    raise errors.ExtensionAlreadyLoaded(name)
discord.ext.commands.errors.ExtensionAlreadyLoaded: Extension 'cogs.info' is already loaded.

The above exception was the direct cause of the following exception:

Traceback (most recent call last):
  File "D:\pythonProject\Deadshot - ModMail\venv\lib\site-packages\discord\app_commands\tree.py", line 1240, in _call
    await command._invoke_with_namespace(interaction, namespace)
  File "D:\pythonProject\Deadshot - ModMail\venv\lib\site-packages\discord\app_commands\commands.py", line 876, in _invoke_with_namespace
    return await self._do_call(interaction, transformed_values)
  File "D:\pythonProject\Deadshot - ModMail\venv\lib\site-packages\discord\app_commands\commands.py", line 869, in _do_call
    raise CommandInvokeError(self, e) from e
discord.app_commands.errors.CommandInvokeError: Command 'reload' raised an exception: ExtensionAlreadyLoaded: Extension 'cogs.info' is already loaded.
[2022-11-03 17:17:09] [ERROR   ] discord.client: Ignoring exception in on_message_edit
Traceback (most recent call last):
  File "D:\pythonProject\Deadshot - ModMail\venv\lib\site-packages\discord\client.py", line 409, in _run_event
    await coro(*args, **kwargs)
  File "D:\pythonProject\Deadshot - ModMail\cogs\events.py", line 134, in on_message_edit
    with open('data/ticket.json', 'w') as f:
FileNotFoundError: [Errno 2] No such file or directory: 'data/ticket.json'
[2022-11-03 17:17:23] [ERROR   ] discord.client: Ignoring exception in on_message_edit
Traceback (most recent call last):
  File "D:\pythonProject\Deadshot - ModMail\venv\lib\site-packages\discord\client.py", line 409, in _run_event
    await coro(*args, **kwargs)
  File "D:\pythonProject\Deadshot - ModMail\cogs\events.py", line 134, in on_message_edit
    with open('data/ticket.json', 'w') as f:
FileNotFoundError: [Errno 2] No such file or directory: 'data/ticket.json'
[2022-11-03 17:17:35] [INFO    ] discord: Reloaded 'info' | Ausgeführt von Luca♛#7857
[2022-11-03 17:17:37] [ERROR   ] discord.client: Ignoring exception in on_message_edit
Traceback (most recent call last):
  File "D:\pythonProject\Deadshot - ModMail\venv\lib\site-packages\discord\client.py", line 409, in _run_event
    await coro(*args, **kwargs)
  File "D:\pythonProject\Deadshot - ModMail\cogs\events.py", line 134, in on_message_edit
    with open('data/ticket.json', 'w') as f:
FileNotFoundError: [Errno 2] No such file or directory: 'data/ticket.json'
[2022-11-03 17:17:39] [ERROR   ] discord.client: Ignoring exception in on_message_edit
Traceback (most recent call last):
  File "D:\pythonProject\Deadshot - ModMail\venv\lib\site-packages\discord\client.py", line 409, in _run_event
    await coro(*args, **kwargs)
  File "D:\pythonProject\Deadshot - ModMail\cogs\events.py", line 134, in on_message_edit
    with open('data/ticket.json', 'w') as f:
FileNotFoundError: [Errno 2] No such file or directory: 'data/ticket.json'
[2022-11-03 17:17:41] [ERROR   ] discord.client: Ignoring exception in on_message_edit
Traceback (most recent call last):
  File "D:\pythonProject\Deadshot - ModMail\venv\lib\site-packages\discord\client.py", line 409, in _run_event
    await coro(*args, **kwargs)
  File "D:\pythonProject\Deadshot - ModMail\cogs\events.py", line 134, in on_message_edit
    with open('data/ticket.json', 'w') as f:
FileNotFoundError: [Errno 2] No such file or directory: 'data/ticket.json'
[2022-11-03 17:18:11] [ERROR   ] discord.client: Ignoring exception in on_message_edit
Traceback (most recent call last):
  File "D:\pythonProject\Deadshot - ModMail\venv\lib\site-packages\discord\client.py", line 409, in _run_event
    await coro(*args, **kwargs)
  File "D:\pythonProject\Deadshot - ModMail\cogs\events.py", line 134, in on_message_edit
    with open('data/ticket.json', 'w') as f:
FileNotFoundError: [Errno 2] No such file or directory: 'data/ticket.json'
[2022-11-03 17:19:16] [ERROR   ] discord.client: Ignoring exception in on_message_edit
Traceback (most recent call last):
  File "D:\pythonProject\Deadshot - ModMail\venv\lib\site-packages\discord\client.py", line 409, in _run_event
    await coro(*args, **kwargs)
  File "D:\pythonProject\Deadshot - ModMail\cogs\events.py", line 134, in on_message_edit
    with open('data/ticket.json', 'w') as f:
FileNotFoundError: [Errno 2] No such file or directory: 'data/ticket.json'
[2022-11-03 17:20:59] [ERROR   ] discord.client: Ignoring exception in on_message_edit
Traceback (most recent call last):
  File "D:\pythonProject\Deadshot - ModMail\venv\lib\site-packages\discord\client.py", line 409, in _run_event
    await coro(*args, **kwargs)
  File "D:\pythonProject\Deadshot - ModMail\cogs\events.py", line 134, in on_message_edit
    with open('data/ticket.json', 'w') as f:
FileNotFoundError: [Errno 2] No such file or directory: 'data/ticket.json'
[2022-11-03 17:21:30] [ERROR   ] discord.client: Ignoring exception in on_message_edit
Traceback (most recent call last):
  File "D:\pythonProject\Deadshot - ModMail\venv\lib\site-packages\discord\client.py", line 409, in _run_event
    await coro(*args, **kwargs)
  File "D:\pythonProject\Deadshot - ModMail\cogs\events.py", line 134, in on_message_edit
    with open('data/ticket.json', 'w') as f:
FileNotFoundError: [Errno 2] No such file or directory: 'data/ticket.json'
[2022-11-03 17:34:18] [INFO    ] discord: Reloaded 'info' | Ausgeführt von Luca♛#7857
[2022-11-03 17:34:24] [ERROR   ] discord.ui.view: Ignoring exception in view <DropdownView timeout=30 children=1> for item <Dropdown placeholder='Triff eine Auswahl' min_values=1 max_values=1 options=[<SelectOption label='Bot - Führung' value='führung' description=None emoji=<PartialEmoji animated=False name='DeadShotHelp' id=1037756726704881685> default=False>, <SelectOption label='Team Befehle' value='1' description=None emoji=<PartialEmoji animated=False name='DeadShotMod' id=914516537057116160> default=False>, <SelectOption label='Einstellungs Befehle' value='2' description=None emoji=<PartialEmoji animated=False name='DeadShotSettings' id=1034191404487954442> default=False>, <SelectOption label='Informations Befehle' value='3' description=None emoji=<PartialEmoji animated=False name='DeadShotInfos' id=1034196978013319228> default=False>, <SelectOption label='Löschen' value='4' description=None emoji=<PartialEmoji animated=False name='DeadShotDelete' id=1034205579297702028> default=False>] disabled=False>
Traceback (most recent call last):
  File "D:\pythonProject\Deadshot - ModMail\venv\lib\site-packages\discord\ui\view.py", line 425, in _scheduled_task
    await item.callback(interaction)
  File "D:\pythonProject\Deadshot - ModMail\cogs\info.py", line 83, in callback
    view.add_item(Button_Fuehrung(style=discord.ButtonStyle.gray, emoji="<:DeadShotZurck:1037760360276574228>", custom_id="zurueck"))
TypeError: Button_Fuehrung.__init__() got an unexpected keyword argument 'style'
[2022-11-03 17:34:54] [ERROR   ] discord.client: Ignoring exception in on_message_edit
Traceback (most recent call last):
  File "D:\pythonProject\Deadshot - ModMail\venv\lib\site-packages\discord\client.py", line 409, in _run_event
    await coro(*args, **kwargs)
  File "D:\pythonProject\Deadshot - ModMail\cogs\events.py", line 134, in on_message_edit
    with open('data/ticket.json', 'w') as f:
FileNotFoundError: [Errno 2] No such file or directory: 'data/ticket.json'
[2022-11-03 17:39:42] [INFO    ] discord: Reloaded 'info' | Ausgeführt von Luca♛#7857
[2022-11-03 17:39:45] [ERROR   ] discord.ui.view: Ignoring exception in view <DropdownView timeout=30 children=1> for item <Dropdown placeholder='Triff eine Auswahl' min_values=1 max_values=1 options=[<SelectOption label='Bot - Führung' value='führung' description=None emoji=<PartialEmoji animated=False name='DeadShotHelp' id=1037756726704881685> default=False>, <SelectOption label='Team Befehle' value='1' description=None emoji=<PartialEmoji animated=False name='DeadShotMod' id=914516537057116160> default=False>, <SelectOption label='Einstellungs Befehle' value='2' description=None emoji=<PartialEmoji animated=False name='DeadShotSettings' id=1034191404487954442> default=False>, <SelectOption label='Informations Befehle' value='3' description=None emoji=<PartialEmoji animated=False name='DeadShotInfos' id=1034196978013319228> default=False>, <SelectOption label='Löschen' value='4' description=None emoji=<PartialEmoji animated=False name='DeadShotDelete' id=1034205579297702028> default=False>] disabled=False>
Traceback (most recent call last):
  File "D:\pythonProject\Deadshot - ModMail\venv\lib\site-packages\discord\ui\view.py", line 425, in _scheduled_task
    await item.callback(interaction)
  File "D:\pythonProject\Deadshot - ModMail\cogs\info.py", line 95, in callback
    view.add_item(Button_Fuehrung(style=discord.ButtonStyle.url, emoji="❤️", url="https://discord.gg/wGFzPk45hr", label="Support Server", custom_id="SupportServer"))
  File "D:\pythonProject\Deadshot - ModMail\cogs\info.py", line 13, in __init__
    super().__init__(style=style, emoji=emoji, custom_id=custom_id, url=url, label=label)
  File "D:\pythonProject\Deadshot - ModMail\venv\lib\site-packages\discord\ui\button.py", line 102, in __init__
    raise TypeError('cannot mix both url and custom_id with Button')
TypeError: cannot mix both url and custom_id with Button
[2022-11-03 17:40:15] [ERROR   ] discord.client: Ignoring exception in on_message_edit
Traceback (most recent call last):
  File "D:\pythonProject\Deadshot - ModMail\venv\lib\site-packages\discord\client.py", line 409, in _run_event
    await coro(*args, **kwargs)
  File "D:\pythonProject\Deadshot - ModMail\cogs\events.py", line 134, in on_message_edit
    with open('data/ticket.json', 'w') as f:
FileNotFoundError: [Errno 2] No such file or directory: 'data/ticket.json'
[2022-11-03 17:40:30] [INFO    ] discord: Reloaded 'info' | Ausgeführt von Luca♛#7857
[2022-11-03 17:40:34] [ERROR   ] discord.client: Ignoring exception in on_message_edit
Traceback (most recent call last):
  File "D:\pythonProject\Deadshot - ModMail\venv\lib\site-packages\discord\client.py", line 409, in _run_event
    await coro(*args, **kwargs)
  File "D:\pythonProject\Deadshot - ModMail\cogs\events.py", line 134, in on_message_edit
    with open('data/ticket.json', 'w') as f:
FileNotFoundError: [Errno 2] No such file or directory: 'data/ticket.json'
[2022-11-03 17:41:04] [ERROR   ] discord.client: Ignoring exception in on_message_edit
Traceback (most recent call last):
  File "D:\pythonProject\Deadshot - ModMail\venv\lib\site-packages\discord\client.py", line 409, in _run_event
    await coro(*args, **kwargs)
  File "D:\pythonProject\Deadshot - ModMail\cogs\events.py", line 134, in on_message_edit
    with open('data/ticket.json', 'w') as f:
FileNotFoundError: [Errno 2] No such file or directory: 'data/ticket.json'
[2022-11-03 17:46:45] [INFO    ] discord: Reloaded 'info' | Ausgeführt von Luca♛#7857
[2022-11-03 17:46:52] [ERROR   ] discord.client: Ignoring exception in on_message_edit
Traceback (most recent call last):
  File "D:\pythonProject\Deadshot - ModMail\venv\lib\site-packages\discord\client.py", line 409, in _run_event
    await coro(*args, **kwargs)
  File "D:\pythonProject\Deadshot - ModMail\cogs\events.py", line 134, in on_message_edit
    with open('data/ticket.json', 'w') as f:
FileNotFoundError: [Errno 2] No such file or directory: 'data/ticket.json'
[2022-11-03 17:46:54] [ERROR   ] discord.client: Ignoring exception in on_message_edit
Traceback (most recent call last):
  File "D:\pythonProject\Deadshot - ModMail\venv\lib\site-packages\discord\client.py", line 409, in _run_event
    await coro(*args, **kwargs)
  File "D:\pythonProject\Deadshot - ModMail\cogs\events.py", line 134, in on_message_edit
    with open('data/ticket.json', 'w') as f:
FileNotFoundError: [Errno 2] No such file or directory: 'data/ticket.json'
[2022-11-03 17:46:56] [ERROR   ] discord.client: Ignoring exception in on_message_edit
Traceback (most recent call last):
  File "D:\pythonProject\Deadshot - ModMail\venv\lib\site-packages\discord\client.py", line 409, in _run_event
    await coro(*args, **kwargs)
  File "D:\pythonProject\Deadshot - ModMail\cogs\events.py", line 134, in on_message_edit
    with open('data/ticket.json', 'w') as f:
FileNotFoundError: [Errno 2] No such file or directory: 'data/ticket.json'
[2022-11-03 17:46:57] [ERROR   ] discord.client: Ignoring exception in on_message_edit
Traceback (most recent call last):
  File "D:\pythonProject\Deadshot - ModMail\venv\lib\site-packages\discord\client.py", line 409, in _run_event
    await coro(*args, **kwargs)
  File "D:\pythonProject\Deadshot - ModMail\cogs\events.py", line 134, in on_message_edit
    with open('data/ticket.json', 'w') as f:
FileNotFoundError: [Errno 2] No such file or directory: 'data/ticket.json'
[2022-11-03 17:46:57] [ERROR   ] discord.ui.view: Ignoring exception in view <View timeout=180.0 children=3> for item <Button_Fuehrung style=<ButtonStyle.secondary: 2> url=None disabled=False label=None emoji=<PartialEmoji animated=False name='DeadShotZurck' id=1037760360276574228> row=None>
Traceback (most recent call last):
  File "D:\pythonProject\Deadshot - ModMail\venv\lib\site-packages\discord\ui\view.py", line 425, in _scheduled_task
    await item.callback(interaction)
  File "D:\pythonProject\Deadshot - ModMail\cogs\info.py", line 67, in callback
    await interaction.response.edit_message(embed=embed)
  File "D:\pythonProject\Deadshot - ModMail\venv\lib\site-packages\discord\interactions.py", line 787, in edit_message
    raise InteractionResponded(self._parent)
discord.errors.InteractionResponded: This interaction has already been responded to before
[2022-11-03 17:46:59] [ERROR   ] discord.client: Ignoring exception in on_message_edit
Traceback (most recent call last):
  File "D:\pythonProject\Deadshot - ModMail\venv\lib\site-packages\discord\client.py", line 409, in _run_event
    await coro(*args, **kwargs)
  File "D:\pythonProject\Deadshot - ModMail\cogs\events.py", line 134, in on_message_edit
    with open('data/ticket.json', 'w') as f:
FileNotFoundError: [Errno 2] No such file or directory: 'data/ticket.json'
[2022-11-03 17:46:59] [ERROR   ] discord.ui.view: Ignoring exception in view <View timeout=180.0 children=3> for item <Button_Fuehrung style=<ButtonStyle.secondary: 2> url=None disabled=False label=None emoji=<PartialEmoji animated=False name='DeadShotZurck' id=1037760360276574228> row=None>
Traceback (most recent call last):
  File "D:\pythonProject\Deadshot - ModMail\venv\lib\site-packages\discord\ui\view.py", line 425, in _scheduled_task
    await item.callback(interaction)
  File "D:\pythonProject\Deadshot - ModMail\cogs\info.py", line 67, in callback
    await interaction.response.edit_message(embed=embed)
  File "D:\pythonProject\Deadshot - ModMail\venv\lib\site-packages\discord\interactions.py", line 787, in edit_message
    raise InteractionResponded(self._parent)
discord.errors.InteractionResponded: This interaction has already been responded to before
[2022-11-03 17:47:10] [INFO    ] discord: Reloaded 'info' | Ausgeführt von Luca♛#7857
[2022-11-03 17:47:13] [ERROR   ] discord.client: Ignoring exception in on_message_edit
Traceback (most recent call last):
  File "D:\pythonProject\Deadshot - ModMail\venv\lib\site-packages\discord\client.py", line 409, in _run_event
    await coro(*args, **kwargs)
  File "D:\pythonProject\Deadshot - ModMail\cogs\events.py", line 134, in on_message_edit
    with open('data/ticket.json', 'w') as f:
FileNotFoundError: [Errno 2] No such file or directory: 'data/ticket.json'
[2022-11-03 17:47:18] [ERROR   ] discord.client: Ignoring exception in on_message_edit
Traceback (most recent call last):
  File "D:\pythonProject\Deadshot - ModMail\venv\lib\site-packages\discord\client.py", line 409, in _run_event
    await coro(*args, **kwargs)
  File "D:\pythonProject\Deadshot - ModMail\cogs\events.py", line 134, in on_message_edit
    with open('data/ticket.json', 'w') as f:
FileNotFoundError: [Errno 2] No such file or directory: 'data/ticket.json'
[2022-11-03 17:47:19] [ERROR   ] discord.client: Ignoring exception in on_message_edit
Traceback (most recent call last):
  File "D:\pythonProject\Deadshot - ModMail\venv\lib\site-packages\discord\client.py", line 409, in _run_event
    await coro(*args, **kwargs)
  File "D:\pythonProject\Deadshot - ModMail\cogs\events.py", line 134, in on_message_edit
    with open('data/ticket.json', 'w') as f:
FileNotFoundError: [Errno 2] No such file or directory: 'data/ticket.json'
[2022-11-03 17:47:20] [ERROR   ] discord.client: Ignoring exception in on_message_edit
Traceback (most recent call last):
  File "D:\pythonProject\Deadshot - ModMail\venv\lib\site-packages\discord\client.py", line 409, in _run_event
    await coro(*args, **kwargs)
  File "D:\pythonProject\Deadshot - ModMail\cogs\events.py", line 134, in on_message_edit
    with open('data/ticket.json', 'w') as f:
FileNotFoundError: [Errno 2] No such file or directory: 'data/ticket.json'
[2022-11-03 17:47:20] [ERROR   ] discord.ui.view: Ignoring exception in view <View timeout=180.0 children=3> for item <Button_Fuehrung style=<ButtonStyle.secondary: 2> url=None disabled=False label=None emoji=<PartialEmoji animated=False name='DeadShotZurck' id=1037760360276574228> row=None>
Traceback (most recent call last):
  File "D:\pythonProject\Deadshot - ModMail\venv\lib\site-packages\discord\ui\view.py", line 425, in _scheduled_task
    await item.callback(interaction)
  File "D:\pythonProject\Deadshot - ModMail\cogs\info.py", line 67, in callback
    await interaction.response.edit_message(embed=embed)
  File "D:\pythonProject\Deadshot - ModMail\venv\lib\site-packages\discord\interactions.py", line 787, in edit_message
    raise InteractionResponded(self._parent)
discord.errors.InteractionResponded: This interaction has already been responded to before
[2022-11-03 17:47:22] [ERROR   ] discord.client: Ignoring exception in on_message_edit
Traceback (most recent call last):
  File "D:\pythonProject\Deadshot - ModMail\venv\lib\site-packages\discord\client.py", line 409, in _run_event
    await coro(*args, **kwargs)
  File "D:\pythonProject\Deadshot - ModMail\cogs\events.py", line 134, in on_message_edit
    with open('data/ticket.json', 'w') as f:
FileNotFoundError: [Errno 2] No such file or directory: 'data/ticket.json'
[2022-11-03 17:47:32] [INFO    ] discord: Reloaded 'info' | Ausgeführt von Luca♛#7857
[2022-11-03 17:47:35] [ERROR   ] discord.client: Ignoring exception in on_message_edit
Traceback (most recent call last):
  File "D:\pythonProject\Deadshot - ModMail\venv\lib\site-packages\discord\client.py", line 409, in _run_event
    await coro(*args, **kwargs)
  File "D:\pythonProject\Deadshot - ModMail\cogs\events.py", line 134, in on_message_edit
    with open('data/ticket.json', 'w') as f:
FileNotFoundError: [Errno 2] No such file or directory: 'data/ticket.json'
[2022-11-03 17:47:38] [ERROR   ] discord.client: Ignoring exception in on_message_edit
Traceback (most recent call last):
  File "D:\pythonProject\Deadshot - ModMail\venv\lib\site-packages\discord\client.py", line 409, in _run_event
    await coro(*args, **kwargs)
  File "D:\pythonProject\Deadshot - ModMail\cogs\events.py", line 134, in on_message_edit
    with open('data/ticket.json', 'w') as f:
FileNotFoundError: [Errno 2] No such file or directory: 'data/ticket.json'
[2022-11-03 17:47:45] [ERROR   ] discord.client: Ignoring exception in on_message_edit
Traceback (most recent call last):
  File "D:\pythonProject\Deadshot - ModMail\venv\lib\site-packages\discord\client.py", line 409, in _run_event
    await coro(*args, **kwargs)
  File "D:\pythonProject\Deadshot - ModMail\cogs\events.py", line 134, in on_message_edit
    with open('data/ticket.json', 'w') as f:
FileNotFoundError: [Errno 2] No such file or directory: 'data/ticket.json'
[2022-11-03 17:47:45] [ERROR   ] discord.ui.view: Ignoring exception in view <View timeout=180.0 children=3> for item <Button_Fuehrung style=<ButtonStyle.secondary: 2> url=None disabled=False label=None emoji=<PartialEmoji animated=False name='DeadShotZurck' id=1037760360276574228> row=None>
Traceback (most recent call last):
  File "D:\pythonProject\Deadshot - ModMail\venv\lib\site-packages\discord\ui\view.py", line 425, in _scheduled_task
    await item.callback(interaction)
  File "D:\pythonProject\Deadshot - ModMail\cogs\info.py", line 67, in callback
    await interaction.response.edit_message(embed=embed)
  File "D:\pythonProject\Deadshot - ModMail\venv\lib\site-packages\discord\interactions.py", line 787, in edit_message
    raise InteractionResponded(self._parent)
discord.errors.InteractionResponded: This interaction has already been responded to before
[2022-11-03 17:47:48] [ERROR   ] discord.client: Ignoring exception in on_message_edit
Traceback (most recent call last):
  File "D:\pythonProject\Deadshot - ModMail\venv\lib\site-packages\discord\client.py", line 409, in _run_event
    await coro(*args, **kwargs)
  File "D:\pythonProject\Deadshot - ModMail\cogs\events.py", line 134, in on_message_edit
    with open('data/ticket.json', 'w') as f:
FileNotFoundError: [Errno 2] No such file or directory: 'data/ticket.json'
[2022-11-03 17:47:50] [ERROR   ] discord.client: Ignoring exception in on_message_edit
Traceback (most recent call last):
  File "D:\pythonProject\Deadshot - ModMail\venv\lib\site-packages\discord\client.py", line 409, in _run_event
    await coro(*args, **kwargs)
  File "D:\pythonProject\Deadshot - ModMail\cogs\events.py", line 134, in on_message_edit
    with open('data/ticket.json', 'w') as f:
FileNotFoundError: [Errno 2] No such file or directory: 'data/ticket.json'
[2022-11-03 17:47:50] [ERROR   ] discord.ui.view: Ignoring exception in view <View timeout=180.0 children=3> for item <Button_Fuehrung style=<ButtonStyle.secondary: 2> url=None disabled=False label=None emoji=<PartialEmoji animated=False name='DeadShotZurck' id=1037760360276574228> row=None>
Traceback (most recent call last):
  File "D:\pythonProject\Deadshot - ModMail\venv\lib\site-packages\discord\ui\view.py", line 425, in _scheduled_task
    await item.callback(interaction)
  File "D:\pythonProject\Deadshot - ModMail\cogs\info.py", line 67, in callback
    await interaction.response.edit_message(embed=embed)
  File "D:\pythonProject\Deadshot - ModMail\venv\lib\site-packages\discord\interactions.py", line 787, in edit_message
    raise InteractionResponded(self._parent)
discord.errors.InteractionResponded: This interaction has already been responded to before
[2022-11-03 17:47:53] [ERROR   ] discord.client: Ignoring exception in on_message_edit
Traceback (most recent call last):
  File "D:\pythonProject\Deadshot - ModMail\venv\lib\site-packages\discord\client.py", line 409, in _run_event
    await coro(*args, **kwargs)
  File "D:\pythonProject\Deadshot - ModMail\cogs\events.py", line 134, in on_message_edit
    with open('data/ticket.json', 'w') as f:
FileNotFoundError: [Errno 2] No such file or directory: 'data/ticket.json'
[2022-11-03 17:47:53] [ERROR   ] discord.ui.view: Ignoring exception in view <View timeout=180.0 children=3> for item <Button_Fuehrung style=<ButtonStyle.secondary: 2> url=None disabled=False label=None emoji=<PartialEmoji animated=False name='DeadShotZurck' id=1037760360276574228> row=None>
Traceback (most recent call last):
  File "D:\pythonProject\Deadshot - ModMail\venv\lib\site-packages\discord\ui\view.py", line 425, in _scheduled_task
    await item.callback(interaction)
  File "D:\pythonProject\Deadshot - ModMail\cogs\info.py", line 67, in callback
    await interaction.response.edit_message(embed=embed)
  File "D:\pythonProject\Deadshot - ModMail\venv\lib\site-packages\discord\interactions.py", line 787, in edit_message
    raise InteractionResponded(self._parent)
discord.errors.InteractionResponded: This interaction has already been responded to before
[2022-11-03 17:48:05] [ERROR   ] discord.client: Ignoring exception in on_message_edit
Traceback (most recent call last):
  File "D:\pythonProject\Deadshot - ModMail\venv\lib\site-packages\discord\client.py", line 409, in _run_event
    await coro(*args, **kwargs)
  File "D:\pythonProject\Deadshot - ModMail\cogs\events.py", line 134, in on_message_edit
    with open('data/ticket.json', 'w') as f:
FileNotFoundError: [Errno 2] No such file or directory: 'data/ticket.json'
[2022-11-03 17:49:22] [INFO    ] discord: Reloaded 'info' | Ausgeführt von Luca♛#7857
[2022-11-03 17:49:27] [ERROR   ] discord.client: Ignoring exception in on_message_edit
Traceback (most recent call last):
  File "D:\pythonProject\Deadshot - ModMail\venv\lib\site-packages\discord\client.py", line 409, in _run_event
    await coro(*args, **kwargs)
  File "D:\pythonProject\Deadshot - ModMail\cogs\events.py", line 134, in on_message_edit
    with open('data/ticket.json', 'w') as f:
FileNotFoundError: [Errno 2] No such file or directory: 'data/ticket.json'
[2022-11-03 17:49:28] [ERROR   ] discord.client: Ignoring exception in on_message_edit
Traceback (most recent call last):
  File "D:\pythonProject\Deadshot - ModMail\venv\lib\site-packages\discord\client.py", line 409, in _run_event
    await coro(*args, **kwargs)
  File "D:\pythonProject\Deadshot - ModMail\cogs\events.py", line 134, in on_message_edit
    with open('data/ticket.json', 'w') as f:
FileNotFoundError: [Errno 2] No such file or directory: 'data/ticket.json'
[2022-11-03 17:49:30] [ERROR   ] discord.client: Ignoring exception in on_message_edit
Traceback (most recent call last):
  File "D:\pythonProject\Deadshot - ModMail\venv\lib\site-packages\discord\client.py", line 409, in _run_event
    await coro(*args, **kwargs)
  File "D:\pythonProject\Deadshot - ModMail\cogs\events.py", line 134, in on_message_edit
    with open('data/ticket.json', 'w') as f:
FileNotFoundError: [Errno 2] No such file or directory: 'data/ticket.json'
[2022-11-03 17:49:30] [ERROR   ] discord.ui.view: Ignoring exception in view <View timeout=180.0 children=3> for item <Button_Fuehrung style=<ButtonStyle.secondary: 2> url=None disabled=False label=None emoji=<PartialEmoji animated=False name='DeadShotZurck' id=1037760360276574228> row=None>
Traceback (most recent call last):
  File "D:\pythonProject\Deadshot - ModMail\venv\lib\site-packages\discord\ui\view.py", line 425, in _scheduled_task
    await item.callback(interaction)
  File "D:\pythonProject\Deadshot - ModMail\cogs\info.py", line 67, in callback
    await interaction.response.edit_message(embed=embed)
  File "D:\pythonProject\Deadshot - ModMail\venv\lib\site-packages\discord\interactions.py", line 787, in edit_message
    raise InteractionResponded(self._parent)
discord.errors.InteractionResponded: This interaction has already been responded to before
[2022-11-03 17:49:32] [ERROR   ] discord.client: Ignoring exception in on_message_edit
Traceback (most recent call last):
  File "D:\pythonProject\Deadshot - ModMail\venv\lib\site-packages\discord\client.py", line 409, in _run_event
    await coro(*args, **kwargs)
  File "D:\pythonProject\Deadshot - ModMail\cogs\events.py", line 134, in on_message_edit
    with open('data/ticket.json', 'w') as f:
FileNotFoundError: [Errno 2] No such file or directory: 'data/ticket.json'
[2022-11-03 17:49:32] [ERROR   ] discord.ui.view: Ignoring exception in view <View timeout=180.0 children=3> for item <Button_Fuehrung style=<ButtonStyle.secondary: 2> url=None disabled=False label=None emoji=<PartialEmoji animated=False name='DeadShotZurck' id=1037760360276574228> row=None>
Traceback (most recent call last):
  File "D:\pythonProject\Deadshot - ModMail\venv\lib\site-packages\discord\ui\view.py", line 425, in _scheduled_task
    await item.callback(interaction)
  File "D:\pythonProject\Deadshot - ModMail\cogs\info.py", line 67, in callback
    await interaction.response.edit_message(embed=embed)
  File "D:\pythonProject\Deadshot - ModMail\venv\lib\site-packages\discord\interactions.py", line 787, in edit_message
    raise InteractionResponded(self._parent)
discord.errors.InteractionResponded: This interaction has already been responded to before
[2022-11-03 17:49:35] [ERROR   ] discord.client: Ignoring exception in on_message_edit
Traceback (most recent call last):
  File "D:\pythonProject\Deadshot - ModMail\venv\lib\site-packages\discord\client.py", line 409, in _run_event
    await coro(*args, **kwargs)
  File "D:\pythonProject\Deadshot - ModMail\cogs\events.py", line 134, in on_message_edit
    with open('data/ticket.json', 'w') as f:
FileNotFoundError: [Errno 2] No such file or directory: 'data/ticket.json'
[2022-11-03 17:49:35] [ERROR   ] discord.ui.view: Ignoring exception in view <View timeout=180.0 children=3> for item <Button_Fuehrung style=<ButtonStyle.secondary: 2> url=None disabled=False label=None emoji=<PartialEmoji animated=False name='DeadShotZurck' id=1037760360276574228> row=None>
Traceback (most recent call last):
  File "D:\pythonProject\Deadshot - ModMail\venv\lib\site-packages\discord\ui\view.py", line 425, in _scheduled_task
    await item.callback(interaction)
  File "D:\pythonProject\Deadshot - ModMail\cogs\info.py", line 67, in callback
    await interaction.response.edit_message(embed=embed)
  File "D:\pythonProject\Deadshot - ModMail\venv\lib\site-packages\discord\interactions.py", line 787, in edit_message
    raise InteractionResponded(self._parent)
discord.errors.InteractionResponded: This interaction has already been responded to before
[2022-11-03 17:49:57] [ERROR   ] discord.client: Ignoring exception in on_message_edit
Traceback (most recent call last):
  File "D:\pythonProject\Deadshot - ModMail\venv\lib\site-packages\discord\client.py", line 409, in _run_event
    await coro(*args, **kwargs)
  File "D:\pythonProject\Deadshot - ModMail\cogs\events.py", line 134, in on_message_edit
    with open('data/ticket.json', 'w') as f:
FileNotFoundError: [Errno 2] No such file or directory: 'data/ticket.json'
[2022-11-03 17:50:20] [INFO    ] discord: Reloaded 'info' | Ausgeführt von Luca♛#7857
[2022-11-03 17:50:27] [ERROR   ] discord.client: Ignoring exception in on_message_edit
Traceback (most recent call last):
  File "D:\pythonProject\Deadshot - ModMail\venv\lib\site-packages\discord\client.py", line 409, in _run_event
    await coro(*args, **kwargs)
  File "D:\pythonProject\Deadshot - ModMail\cogs\events.py", line 134, in on_message_edit
    with open('data/ticket.json', 'w') as f:
FileNotFoundError: [Errno 2] No such file or directory: 'data/ticket.json'
[2022-11-03 17:50:28] [ERROR   ] discord.client: Ignoring exception in on_message_edit
Traceback (most recent call last):
  File "D:\pythonProject\Deadshot - ModMail\venv\lib\site-packages\discord\client.py", line 409, in _run_event
    await coro(*args, **kwargs)
  File "D:\pythonProject\Deadshot - ModMail\cogs\events.py", line 134, in on_message_edit
    with open('data/ticket.json', 'w') as f:
FileNotFoundError: [Errno 2] No such file or directory: 'data/ticket.json'
[2022-11-03 17:50:30] [ERROR   ] discord.client: Ignoring exception in on_message_edit
Traceback (most recent call last):
  File "D:\pythonProject\Deadshot - ModMail\venv\lib\site-packages\discord\client.py", line 409, in _run_event
    await coro(*args, **kwargs)
  File "D:\pythonProject\Deadshot - ModMail\cogs\events.py", line 134, in on_message_edit
    with open('data/ticket.json', 'w') as f:
FileNotFoundError: [Errno 2] No such file or directory: 'data/ticket.json'
[2022-11-03 17:50:30] [ERROR   ] discord.ui.view: Ignoring exception in view <View timeout=180.0 children=3> for item <Button_Fuehrung style=<ButtonStyle.secondary: 2> url=None disabled=False label=None emoji=<PartialEmoji animated=False name='DeadShotZurck' id=1037760360276574228> row=None>
Traceback (most recent call last):
  File "D:\pythonProject\Deadshot - ModMail\venv\lib\site-packages\discord\ui\view.py", line 425, in _scheduled_task
    await item.callback(interaction)
  File "D:\pythonProject\Deadshot - ModMail\cogs\info.py", line 67, in callback
    await interaction.response.edit_message(embed=embed)
  File "D:\pythonProject\Deadshot - ModMail\venv\lib\site-packages\discord\interactions.py", line 787, in edit_message
    raise InteractionResponded(self._parent)
discord.errors.InteractionResponded: This interaction has already been responded to before
[2022-11-03 17:50:31] [ERROR   ] discord.client: Ignoring exception in on_message_edit
Traceback (most recent call last):
  File "D:\pythonProject\Deadshot - ModMail\venv\lib\site-packages\discord\client.py", line 409, in _run_event
    await coro(*args, **kwargs)
  File "D:\pythonProject\Deadshot - ModMail\cogs\events.py", line 134, in on_message_edit
    with open('data/ticket.json', 'w') as f:
FileNotFoundError: [Errno 2] No such file or directory: 'data/ticket.json'
[2022-11-03 17:50:31] [ERROR   ] discord.ui.view: Ignoring exception in view <View timeout=180.0 children=3> for item <Button_Fuehrung style=<ButtonStyle.secondary: 2> url=None disabled=False label=None emoji=<PartialEmoji animated=False name='DeadShotZurck' id=1037760360276574228> row=None>
Traceback (most recent call last):
  File "D:\pythonProject\Deadshot - ModMail\venv\lib\site-packages\discord\ui\view.py", line 425, in _scheduled_task
    await item.callback(interaction)
  File "D:\pythonProject\Deadshot - ModMail\cogs\info.py", line 67, in callback
    await interaction.response.edit_message(embed=embed)
  File "D:\pythonProject\Deadshot - ModMail\venv\lib\site-packages\discord\interactions.py", line 787, in edit_message
    raise InteractionResponded(self._parent)
discord.errors.InteractionResponded: This interaction has already been responded to before
[2022-11-03 17:50:34] [ERROR   ] discord.client: Ignoring exception in on_message_edit
Traceback (most recent call last):
  File "D:\pythonProject\Deadshot - ModMail\venv\lib\site-packages\discord\client.py", line 409, in _run_event
    await coro(*args, **kwargs)
  File "D:\pythonProject\Deadshot - ModMail\cogs\events.py", line 134, in on_message_edit
    with open('data/ticket.json', 'w') as f:
FileNotFoundError: [Errno 2] No such file or directory: 'data/ticket.json'
[2022-11-03 17:50:34] [ERROR   ] discord.ui.view: Ignoring exception in view <View timeout=180.0 children=3> for item <Button_Fuehrung style=<ButtonStyle.secondary: 2> url=None disabled=False label=None emoji=<PartialEmoji animated=False name='DeadShotZurck' id=1037760360276574228> row=None>
Traceback (most recent call last):
  File "D:\pythonProject\Deadshot - ModMail\venv\lib\site-packages\discord\ui\view.py", line 425, in _scheduled_task
    await item.callback(interaction)
  File "D:\pythonProject\Deadshot - ModMail\cogs\info.py", line 67, in callback
    await interaction.response.edit_message(embed=embed)
  File "D:\pythonProject\Deadshot - ModMail\venv\lib\site-packages\discord\interactions.py", line 787, in edit_message
    raise InteractionResponded(self._parent)
discord.errors.InteractionResponded: This interaction has already been responded to before
[2022-11-03 17:50:57] [ERROR   ] discord.client: Ignoring exception in on_message_edit
Traceback (most recent call last):
  File "D:\pythonProject\Deadshot - ModMail\venv\lib\site-packages\discord\client.py", line 409, in _run_event
    await coro(*args, **kwargs)
  File "D:\pythonProject\Deadshot - ModMail\cogs\events.py", line 134, in on_message_edit
    with open('data/ticket.json', 'w') as f:
FileNotFoundError: [Errno 2] No such file or directory: 'data/ticket.json'
[2022-11-03 17:55:21] [INFO    ] discord: Reloaded 'info' | Ausgeführt von Luca♛#7857
[2022-11-03 17:55:24] [ERROR   ] discord.client: Ignoring exception in on_message_edit
Traceback (most recent call last):
  File "D:\pythonProject\Deadshot - ModMail\venv\lib\site-packages\discord\client.py", line 409, in _run_event
    await coro(*args, **kwargs)
  File "D:\pythonProject\Deadshot - ModMail\cogs\events.py", line 134, in on_message_edit
    with open('data/ticket.json', 'w') as f:
FileNotFoundError: [Errno 2] No such file or directory: 'data/ticket.json'
[2022-11-03 17:55:26] [ERROR   ] discord.client: Ignoring exception in on_message_edit
Traceback (most recent call last):
  File "D:\pythonProject\Deadshot - ModMail\venv\lib\site-packages\discord\client.py", line 409, in _run_event
    await coro(*args, **kwargs)
  File "D:\pythonProject\Deadshot - ModMail\cogs\events.py", line 134, in on_message_edit
    with open('data/ticket.json', 'w') as f:
FileNotFoundError: [Errno 2] No such file or directory: 'data/ticket.json'
[2022-11-03 17:55:27] [ERROR   ] discord.client: Ignoring exception in on_message_edit
Traceback (most recent call last):
  File "D:\pythonProject\Deadshot - ModMail\venv\lib\site-packages\discord\client.py", line 409, in _run_event
    await coro(*args, **kwargs)
  File "D:\pythonProject\Deadshot - ModMail\cogs\events.py", line 134, in on_message_edit
    with open('data/ticket.json', 'w') as f:
FileNotFoundError: [Errno 2] No such file or directory: 'data/ticket.json'
[2022-11-03 17:55:29] [ERROR   ] discord.client: Ignoring exception in on_message_edit
Traceback (most recent call last):
  File "D:\pythonProject\Deadshot - ModMail\venv\lib\site-packages\discord\client.py", line 409, in _run_event
    await coro(*args, **kwargs)
  File "D:\pythonProject\Deadshot - ModMail\cogs\events.py", line 134, in on_message_edit
    with open('data/ticket.json', 'w') as f:
FileNotFoundError: [Errno 2] No such file or directory: 'data/ticket.json'
[2022-11-03 17:55:31] [ERROR   ] discord.client: Ignoring exception in on_message_edit
Traceback (most recent call last):
  File "D:\pythonProject\Deadshot - ModMail\venv\lib\site-packages\discord\client.py", line 409, in _run_event
    await coro(*args, **kwargs)
  File "D:\pythonProject\Deadshot - ModMail\cogs\events.py", line 134, in on_message_edit
    with open('data/ticket.json', 'w') as f:
FileNotFoundError: [Errno 2] No such file or directory: 'data/ticket.json'
[2022-11-03 17:55:31] [ERROR   ] discord.ui.view: Ignoring exception in view <View timeout=180.0 children=3> for item <Button_Fuehrung style=<ButtonStyle.secondary: 2> url=None disabled=False label=None emoji=<PartialEmoji animated=False name='DeadShotZurck' id=1037760360276574228> row=None>
Traceback (most recent call last):
  File "D:\pythonProject\Deadshot - ModMail\venv\lib\site-packages\discord\ui\view.py", line 425, in _scheduled_task
    await item.callback(interaction)
  File "D:\pythonProject\Deadshot - ModMail\cogs\info.py", line 67, in callback
    await interaction.response.edit_message(embed=embed)
  File "D:\pythonProject\Deadshot - ModMail\venv\lib\site-packages\discord\interactions.py", line 787, in edit_message
    raise InteractionResponded(self._parent)
discord.errors.InteractionResponded: This interaction has already been responded to before
[2022-11-03 17:55:54] [ERROR   ] discord.client: Ignoring exception in on_message_edit
Traceback (most recent call last):
  File "D:\pythonProject\Deadshot - ModMail\venv\lib\site-packages\discord\client.py", line 409, in _run_event
    await coro(*args, **kwargs)
  File "D:\pythonProject\Deadshot - ModMail\cogs\events.py", line 134, in on_message_edit
    with open('data/ticket.json', 'w') as f:
FileNotFoundError: [Errno 2] No such file or directory: 'data/ticket.json'
[2022-11-03 17:56:54] [INFO    ] discord: Reloaded 'info' | Ausgeführt von Luca♛#7857
[2022-11-03 17:56:56] [ERROR   ] discord.client: Ignoring exception in on_message_edit
Traceback (most recent call last):
  File "D:\pythonProject\Deadshot - ModMail\venv\lib\site-packages\discord\client.py", line 409, in _run_event
    await coro(*args, **kwargs)
  File "D:\pythonProject\Deadshot - ModMail\cogs\events.py", line 134, in on_message_edit
    with open('data/ticket.json', 'w') as f:
FileNotFoundError: [Errno 2] No such file or directory: 'data/ticket.json'
[2022-11-03 17:56:58] [ERROR   ] discord.client: Ignoring exception in on_message_edit
Traceback (most recent call last):
  File "D:\pythonProject\Deadshot - ModMail\venv\lib\site-packages\discord\client.py", line 409, in _run_event
    await coro(*args, **kwargs)
  File "D:\pythonProject\Deadshot - ModMail\cogs\events.py", line 134, in on_message_edit
    with open('data/ticket.json', 'w') as f:
FileNotFoundError: [Errno 2] No such file or directory: 'data/ticket.json'
[2022-11-03 17:57:00] [ERROR   ] discord.client: Ignoring exception in on_message_edit
Traceback (most recent call last):
  File "D:\pythonProject\Deadshot - ModMail\venv\lib\site-packages\discord\client.py", line 409, in _run_event
    await coro(*args, **kwargs)
  File "D:\pythonProject\Deadshot - ModMail\cogs\events.py", line 134, in on_message_edit
    with open('data/ticket.json', 'w') as f:
FileNotFoundError: [Errno 2] No such file or directory: 'data/ticket.json'
[2022-11-03 17:57:23] [INFO    ] discord: Reloaded 'info' | Ausgeführt von Luca♛#7857
[2022-11-03 17:57:26] [ERROR   ] discord.client: Ignoring exception in on_message_edit
Traceback (most recent call last):
  File "D:\pythonProject\Deadshot - ModMail\venv\lib\site-packages\discord\client.py", line 409, in _run_event
    await coro(*args, **kwargs)
  File "D:\pythonProject\Deadshot - ModMail\cogs\events.py", line 134, in on_message_edit
    with open('data/ticket.json', 'w') as f:
FileNotFoundError: [Errno 2] No such file or directory: 'data/ticket.json'
[2022-11-03 17:57:30] [ERROR   ] discord.client: Ignoring exception in on_message_edit
Traceback (most recent call last):
  File "D:\pythonProject\Deadshot - ModMail\venv\lib\site-packages\discord\client.py", line 409, in _run_event
    await coro(*args, **kwargs)
  File "D:\pythonProject\Deadshot - ModMail\cogs\events.py", line 134, in on_message_edit
    with open('data/ticket.json', 'w') as f:
FileNotFoundError: [Errno 2] No such file or directory: 'data/ticket.json'
[2022-11-03 17:57:32] [ERROR   ] discord.client: Ignoring exception in on_message_edit
Traceback (most recent call last):
  File "D:\pythonProject\Deadshot - ModMail\venv\lib\site-packages\discord\client.py", line 409, in _run_event
    await coro(*args, **kwargs)
  File "D:\pythonProject\Deadshot - ModMail\cogs\events.py", line 134, in on_message_edit
    with open('data/ticket.json', 'w') as f:
FileNotFoundError: [Errno 2] No such file or directory: 'data/ticket.json'
[2022-11-03 17:57:34] [ERROR   ] discord.client: Ignoring exception in on_message_edit
Traceback (most recent call last):
  File "D:\pythonProject\Deadshot - ModMail\venv\lib\site-packages\discord\client.py", line 409, in _run_event
    await coro(*args, **kwargs)
  File "D:\pythonProject\Deadshot - ModMail\cogs\events.py", line 134, in on_message_edit
    with open('data/ticket.json', 'w') as f:
FileNotFoundError: [Errno 2] No such file or directory: 'data/ticket.json'
[2022-11-03 17:57:35] [ERROR   ] discord.client: Ignoring exception in on_message_edit
Traceback (most recent call last):
  File "D:\pythonProject\Deadshot - ModMail\venv\lib\site-packages\discord\client.py", line 409, in _run_event
    await coro(*args, **kwargs)
  File "D:\pythonProject\Deadshot - ModMail\cogs\events.py", line 134, in on_message_edit
    with open('data/ticket.json', 'w') as f:
FileNotFoundError: [Errno 2] No such file or directory: 'data/ticket.json'
[2022-11-03 17:57:36] [ERROR   ] discord.ui.view: Ignoring exception in view <View timeout=180.0 children=3> for item <Button_Fuehrung style=<ButtonStyle.secondary: 2> url=None disabled=False label=None emoji=<PartialEmoji animated=False name='DeadShotZurck' id=1037760360276574228> row=None>
Traceback (most recent call last):
  File "D:\pythonProject\Deadshot - ModMail\venv\lib\site-packages\discord\ui\view.py", line 425, in _scheduled_task
    await item.callback(interaction)
  File "D:\pythonProject\Deadshot - ModMail\cogs\info.py", line 67, in callback
    await interaction.response.edit_message(embed=embed)
  File "D:\pythonProject\Deadshot - ModMail\venv\lib\site-packages\discord\interactions.py", line 787, in edit_message
    raise InteractionResponded(self._parent)
discord.errors.InteractionResponded: This interaction has already been responded to before
[2022-11-03 17:57:36] [ERROR   ] discord.client: Ignoring exception in on_message_edit
Traceback (most recent call last):
  File "D:\pythonProject\Deadshot - ModMail\venv\lib\site-packages\discord\client.py", line 409, in _run_event
    await coro(*args, **kwargs)
  File "D:\pythonProject\Deadshot - ModMail\cogs\events.py", line 134, in on_message_edit
    with open('data/ticket.json', 'w') as f:
FileNotFoundError: [Errno 2] No such file or directory: 'data/ticket.json'
[2022-11-03 17:57:56] [INFO    ] discord: Reloaded 'info' | Ausgeführt von Luca♛#7857
[2022-11-03 17:58:00] [ERROR   ] discord.client: Ignoring exception in on_message_edit
Traceback (most recent call last):
  File "D:\pythonProject\Deadshot - ModMail\venv\lib\site-packages\discord\client.py", line 409, in _run_event
    await coro(*args, **kwargs)
  File "D:\pythonProject\Deadshot - ModMail\cogs\events.py", line 134, in on_message_edit
    with open('data/ticket.json', 'w') as f:
FileNotFoundError: [Errno 2] No such file or directory: 'data/ticket.json'
[2022-11-03 17:58:00] [ERROR   ] discord.client: Ignoring exception in on_message_edit
Traceback (most recent call last):
  File "D:\pythonProject\Deadshot - ModMail\venv\lib\site-packages\discord\client.py", line 409, in _run_event
    await coro(*args, **kwargs)
  File "D:\pythonProject\Deadshot - ModMail\cogs\events.py", line 134, in on_message_edit
    with open('data/ticket.json', 'w') as f:
FileNotFoundError: [Errno 2] No such file or directory: 'data/ticket.json'
[2022-11-03 17:58:01] [ERROR   ] discord.client: Ignoring exception in on_message_edit
Traceback (most recent call last):
  File "D:\pythonProject\Deadshot - ModMail\venv\lib\site-packages\discord\client.py", line 409, in _run_event
    await coro(*args, **kwargs)
  File "D:\pythonProject\Deadshot - ModMail\cogs\events.py", line 134, in on_message_edit
    with open('data/ticket.json', 'w') as f:
FileNotFoundError: [Errno 2] No such file or directory: 'data/ticket.json'
[2022-11-03 17:58:02] [ERROR   ] discord.client: Ignoring exception in on_message_edit
Traceback (most recent call last):
  File "D:\pythonProject\Deadshot - ModMail\venv\lib\site-packages\discord\client.py", line 409, in _run_event
    await coro(*args, **kwargs)
  File "D:\pythonProject\Deadshot - ModMail\cogs\events.py", line 134, in on_message_edit
    with open('data/ticket.json', 'w') as f:
FileNotFoundError: [Errno 2] No such file or directory: 'data/ticket.json'
[2022-11-03 17:58:30] [ERROR   ] discord.client: Ignoring exception in on_message_edit
Traceback (most recent call last):
  File "D:\pythonProject\Deadshot - ModMail\venv\lib\site-packages\discord\client.py", line 409, in _run_event
    await coro(*args, **kwargs)
  File "D:\pythonProject\Deadshot - ModMail\cogs\events.py", line 134, in on_message_edit
    with open('data/ticket.json', 'w') as f:
FileNotFoundError: [Errno 2] No such file or directory: 'data/ticket.json'
[2022-11-03 18:02:22] [INFO    ] discord: Reloaded 'info' | Ausgeführt von Luca♛#7857
[2022-11-03 18:02:26] [ERROR   ] discord.client: Ignoring exception in on_message_edit
Traceback (most recent call last):
  File "D:\pythonProject\Deadshot - ModMail\venv\lib\site-packages\discord\client.py", line 409, in _run_event
    await coro(*args, **kwargs)
  File "D:\pythonProject\Deadshot - ModMail\cogs\events.py", line 134, in on_message_edit
    with open('data/ticket.json', 'w') as f:
FileNotFoundError: [Errno 2] No such file or directory: 'data/ticket.json'
[2022-11-03 18:02:27] [ERROR   ] discord.client: Ignoring exception in on_message_edit
Traceback (most recent call last):
  File "D:\pythonProject\Deadshot - ModMail\venv\lib\site-packages\discord\client.py", line 409, in _run_event
    await coro(*args, **kwargs)
  File "D:\pythonProject\Deadshot - ModMail\cogs\events.py", line 134, in on_message_edit
    with open('data/ticket.json', 'w') as f:
FileNotFoundError: [Errno 2] No such file or directory: 'data/ticket.json'
[2022-11-03 18:02:28] [ERROR   ] discord.client: Ignoring exception in on_message_edit
Traceback (most recent call last):
  File "D:\pythonProject\Deadshot - ModMail\venv\lib\site-packages\discord\client.py", line 409, in _run_event
    await coro(*args, **kwargs)
  File "D:\pythonProject\Deadshot - ModMail\cogs\events.py", line 134, in on_message_edit
    with open('data/ticket.json', 'w') as f:
FileNotFoundError: [Errno 2] No such file or directory: 'data/ticket.json'
[2022-11-03 18:02:28] [ERROR   ] discord.ui.view: Ignoring exception in view <View timeout=180.0 children=3> for item <Button_Fuehrung style=<ButtonStyle.secondary: 2> url=None disabled=False label=None emoji=<PartialEmoji animated=False name='DeadShotZurck' id=1037760360276574228> row=None>
Traceback (most recent call last):
  File "D:\pythonProject\Deadshot - ModMail\venv\lib\site-packages\discord\ui\view.py", line 425, in _scheduled_task
    await item.callback(interaction)
  File "D:\pythonProject\Deadshot - ModMail\cogs\info.py", line 67, in callback
    await interaction.response.edit_message(embed=embed)
  File "D:\pythonProject\Deadshot - ModMail\venv\lib\site-packages\discord\interactions.py", line 787, in edit_message
    raise InteractionResponded(self._parent)
discord.errors.InteractionResponded: This interaction has already been responded to before
[2022-11-03 18:02:31] [ERROR   ] discord.client: Ignoring exception in on_message_edit
Traceback (most recent call last):
  File "D:\pythonProject\Deadshot - ModMail\venv\lib\site-packages\discord\client.py", line 409, in _run_event
    await coro(*args, **kwargs)
  File "D:\pythonProject\Deadshot - ModMail\cogs\events.py", line 134, in on_message_edit
    with open('data/ticket.json', 'w') as f:
FileNotFoundError: [Errno 2] No such file or directory: 'data/ticket.json'
[2022-11-03 18:02:34] [ERROR   ] discord.client: Ignoring exception in on_message_edit
Traceback (most recent call last):
  File "D:\pythonProject\Deadshot - ModMail\venv\lib\site-packages\discord\client.py", line 409, in _run_event
    await coro(*args, **kwargs)
  File "D:\pythonProject\Deadshot - ModMail\cogs\events.py", line 134, in on_message_edit
    with open('data/ticket.json', 'w') as f:
FileNotFoundError: [Errno 2] No such file or directory: 'data/ticket.json'
[2022-11-03 18:02:34] [ERROR   ] discord.ui.view: Ignoring exception in view <View timeout=180.0 children=3> for item <Button_Fuehrung style=<ButtonStyle.secondary: 2> url=None disabled=False label=None emoji=<PartialEmoji animated=False name='DeadShotZurck' id=1037760360276574228> row=None>
Traceback (most recent call last):
  File "D:\pythonProject\Deadshot - ModMail\venv\lib\site-packages\discord\ui\view.py", line 425, in _scheduled_task
    await item.callback(interaction)
  File "D:\pythonProject\Deadshot - ModMail\cogs\info.py", line 67, in callback
    await interaction.response.edit_message(embed=embed)
  File "D:\pythonProject\Deadshot - ModMail\venv\lib\site-packages\discord\interactions.py", line 787, in edit_message
    raise InteractionResponded(self._parent)
discord.errors.InteractionResponded: This interaction has already been responded to before
[2022-11-03 18:02:42] [INFO    ] discord: Reloaded 'info' | Ausgeführt von Luca♛#7857
[2022-11-03 18:02:46] [ERROR   ] discord.client: Ignoring exception in on_message_edit
Traceback (most recent call last):
  File "D:\pythonProject\Deadshot - ModMail\venv\lib\site-packages\discord\client.py", line 409, in _run_event
    await coro(*args, **kwargs)
  File "D:\pythonProject\Deadshot - ModMail\cogs\events.py", line 134, in on_message_edit
    with open('data/ticket.json', 'w') as f:
FileNotFoundError: [Errno 2] No such file or directory: 'data/ticket.json'
[2022-11-03 18:02:48] [ERROR   ] discord.client: Ignoring exception in on_message_edit
Traceback (most recent call last):
  File "D:\pythonProject\Deadshot - ModMail\venv\lib\site-packages\discord\client.py", line 409, in _run_event
    await coro(*args, **kwargs)
  File "D:\pythonProject\Deadshot - ModMail\cogs\events.py", line 134, in on_message_edit
    with open('data/ticket.json', 'w') as f:
FileNotFoundError: [Errno 2] No such file or directory: 'data/ticket.json'
[2022-11-03 18:02:50] [ERROR   ] discord.ui.view: Ignoring exception in view <View timeout=180.0 children=3> for item <Button_Fuehrung style=<ButtonStyle.secondary: 2> url=None disabled=False label=None emoji=<PartialEmoji animated=False name='DeadShotWeiter' id=1037760375464136794> row=None>
Traceback (most recent call last):
  File "D:\pythonProject\Deadshot - ModMail\venv\lib\site-packages\discord\ui\view.py", line 425, in _scheduled_task
    await item.callback(interaction)
  File "D:\pythonProject\Deadshot - ModMail\cogs\info.py", line 67, in callback
    await interaction.response.edit_message(embed=embed)
  File "D:\pythonProject\Deadshot - ModMail\venv\lib\site-packages\discord\interactions.py", line 787, in edit_message
    raise InteractionResponded(self._parent)
discord.errors.InteractionResponded: This interaction has already been responded to before
[2022-11-03 18:02:50] [ERROR   ] discord.client: Ignoring exception in on_message_edit
Traceback (most recent call last):
  File "D:\pythonProject\Deadshot - ModMail\venv\lib\site-packages\discord\client.py", line 409, in _run_event
    await coro(*args, **kwargs)
  File "D:\pythonProject\Deadshot - ModMail\cogs\events.py", line 134, in on_message_edit
    with open('data/ticket.json', 'w') as f:
FileNotFoundError: [Errno 2] No such file or directory: 'data/ticket.json'
[2022-11-03 18:02:56] [ERROR   ] discord.client: Ignoring exception in on_message_edit
Traceback (most recent call last):
  File "D:\pythonProject\Deadshot - ModMail\venv\lib\site-packages\discord\client.py", line 409, in _run_event
    await coro(*args, **kwargs)
  File "D:\pythonProject\Deadshot - ModMail\cogs\events.py", line 134, in on_message_edit
    with open('data/ticket.json', 'w') as f:
FileNotFoundError: [Errno 2] No such file or directory: 'data/ticket.json'
[2022-11-03 18:03:16] [ERROR   ] discord.client: Ignoring exception in on_message_edit
Traceback (most recent call last):
  File "D:\pythonProject\Deadshot - ModMail\venv\lib\site-packages\discord\client.py", line 409, in _run_event
    await coro(*args, **kwargs)
  File "D:\pythonProject\Deadshot - ModMail\cogs\events.py", line 134, in on_message_edit
    with open('data/ticket.json', 'w') as f:
FileNotFoundError: [Errno 2] No such file or directory: 'data/ticket.json'
[2022-11-03 18:03:19] [INFO    ] discord: Reloaded 'info' | Ausgeführt von Luca♛#7857
[2022-11-03 18:03:23] [ERROR   ] discord.client: Ignoring exception in on_message_edit
Traceback (most recent call last):
  File "D:\pythonProject\Deadshot - ModMail\venv\lib\site-packages\discord\client.py", line 409, in _run_event
    await coro(*args, **kwargs)
  File "D:\pythonProject\Deadshot - ModMail\cogs\events.py", line 134, in on_message_edit
    with open('data/ticket.json', 'w') as f:
FileNotFoundError: [Errno 2] No such file or directory: 'data/ticket.json'
[2022-11-03 18:03:30] [ERROR   ] discord.client: Ignoring exception in on_message_edit
Traceback (most recent call last):
  File "D:\pythonProject\Deadshot - ModMail\venv\lib\site-packages\discord\client.py", line 409, in _run_event
    await coro(*args, **kwargs)
  File "D:\pythonProject\Deadshot - ModMail\cogs\events.py", line 134, in on_message_edit
    with open('data/ticket.json', 'w') as f:
FileNotFoundError: [Errno 2] No such file or directory: 'data/ticket.json'
[2022-11-03 18:03:53] [ERROR   ] discord.client: Ignoring exception in on_message_edit
Traceback (most recent call last):
  File "D:\pythonProject\Deadshot - ModMail\venv\lib\site-packages\discord\client.py", line 409, in _run_event
    await coro(*args, **kwargs)
  File "D:\pythonProject\Deadshot - ModMail\cogs\events.py", line 134, in on_message_edit
    with open('data/ticket.json', 'w') as f:
FileNotFoundError: [Errno 2] No such file or directory: 'data/ticket.json'
[2022-11-03 18:13:22] [INFO    ] discord: Reloaded 'info' | Ausgeführt von Luca♛#7857
[2022-11-03 18:13:28] [ERROR   ] discord.client: Ignoring exception in on_message_edit
Traceback (most recent call last):
  File "D:\pythonProject\Deadshot - ModMail\venv\lib\site-packages\discord\client.py", line 409, in _run_event
    await coro(*args, **kwargs)
  File "D:\pythonProject\Deadshot - ModMail\cogs\events.py", line 134, in on_message_edit
    with open('data/ticket.json', 'w') as f:
FileNotFoundError: [Errno 2] No such file or directory: 'data/ticket.json'
[2022-11-03 18:13:29] [ERROR   ] discord.client: Ignoring exception in on_message_edit
Traceback (most recent call last):
  File "D:\pythonProject\Deadshot - ModMail\venv\lib\site-packages\discord\client.py", line 409, in _run_event
    await coro(*args, **kwargs)
  File "D:\pythonProject\Deadshot - ModMail\cogs\events.py", line 134, in on_message_edit
    with open('data/ticket.json', 'w') as f:
FileNotFoundError: [Errno 2] No such file or directory: 'data/ticket.json'
[2022-11-03 18:13:46] [ERROR   ] discord.client: Ignoring exception in on_message_edit
Traceback (most recent call last):
  File "D:\pythonProject\Deadshot - ModMail\venv\lib\site-packages\discord\client.py", line 409, in _run_event
    await coro(*args, **kwargs)
  File "D:\pythonProject\Deadshot - ModMail\cogs\events.py", line 134, in on_message_edit
    with open('data/ticket.json', 'w') as f:
FileNotFoundError: [Errno 2] No such file or directory: 'data/ticket.json'
[2022-11-03 18:13:55] [ERROR   ] discord.client: Ignoring exception in on_message_edit
Traceback (most recent call last):
  File "D:\pythonProject\Deadshot - ModMail\venv\lib\site-packages\discord\client.py", line 409, in _run_event
    await coro(*args, **kwargs)
  File "D:\pythonProject\Deadshot - ModMail\cogs\events.py", line 134, in on_message_edit
    with open('data/ticket.json', 'w') as f:
FileNotFoundError: [Errno 2] No such file or directory: 'data/ticket.json'
[2022-11-03 18:13:57] [ERROR   ] discord.client: Ignoring exception in on_message_edit
Traceback (most recent call last):
  File "D:\pythonProject\Deadshot - ModMail\venv\lib\site-packages\discord\client.py", line 409, in _run_event
    await coro(*args, **kwargs)
  File "D:\pythonProject\Deadshot - ModMail\cogs\events.py", line 134, in on_message_edit
    with open('data/ticket.json', 'w') as f:
FileNotFoundError: [Errno 2] No such file or directory: 'data/ticket.json'
[2022-11-03 18:14:28] [ERROR   ] discord.client: Ignoring exception in on_message_edit
Traceback (most recent call last):
  File "D:\pythonProject\Deadshot - ModMail\venv\lib\site-packages\discord\client.py", line 409, in _run_event
    await coro(*args, **kwargs)
  File "D:\pythonProject\Deadshot - ModMail\cogs\events.py", line 134, in on_message_edit
    with open('data/ticket.json', 'w') as f:
FileNotFoundError: [Errno 2] No such file or directory: 'data/ticket.json'
[2022-11-03 18:19:16] [INFO    ] discord.gateway: Shard ID None has successfully RESUMED session d7852e18e5a641c820b9ca2c4c2742a0.
[2022-11-03 18:20:14] [INFO    ] discord: Reloaded 'info' | Ausgeführt von Luca♛#7857
[2022-11-03 18:20:16] [ERROR   ] discord.client: Ignoring exception in on_message_edit
Traceback (most recent call last):
  File "D:\pythonProject\Deadshot - ModMail\venv\lib\site-packages\discord\client.py", line 409, in _run_event
    await coro(*args, **kwargs)
  File "D:\pythonProject\Deadshot - ModMail\cogs\events.py", line 134, in on_message_edit
    with open('data/ticket.json', 'w') as f:
FileNotFoundError: [Errno 2] No such file or directory: 'data/ticket.json'
[2022-11-03 18:20:17] [ERROR   ] discord.client: Ignoring exception in on_message_edit
Traceback (most recent call last):
  File "D:\pythonProject\Deadshot - ModMail\venv\lib\site-packages\discord\client.py", line 409, in _run_event
    await coro(*args, **kwargs)
  File "D:\pythonProject\Deadshot - ModMail\cogs\events.py", line 134, in on_message_edit
    with open('data/ticket.json', 'w') as f:
FileNotFoundError: [Errno 2] No such file or directory: 'data/ticket.json'
[2022-11-03 18:20:19] [ERROR   ] discord.client: Ignoring exception in on_message_edit
Traceback (most recent call last):
  File "D:\pythonProject\Deadshot - ModMail\venv\lib\site-packages\discord\client.py", line 409, in _run_event
    await coro(*args, **kwargs)
  File "D:\pythonProject\Deadshot - ModMail\cogs\events.py", line 134, in on_message_edit
    with open('data/ticket.json', 'w') as f:
FileNotFoundError: [Errno 2] No such file or directory: 'data/ticket.json'
[2022-11-03 18:20:22] [ERROR   ] discord.client: Ignoring exception in on_message_edit
Traceback (most recent call last):
  File "D:\pythonProject\Deadshot - ModMail\venv\lib\site-packages\discord\client.py", line 409, in _run_event
    await coro(*args, **kwargs)
  File "D:\pythonProject\Deadshot - ModMail\cogs\events.py", line 134, in on_message_edit
    with open('data/ticket.json', 'w') as f:
FileNotFoundError: [Errno 2] No such file or directory: 'data/ticket.json'
[2022-11-03 18:20:23] [ERROR   ] discord.client: Ignoring exception in on_message_edit
Traceback (most recent call last):
  File "D:\pythonProject\Deadshot - ModMail\venv\lib\site-packages\discord\client.py", line 409, in _run_event
    await coro(*args, **kwargs)
  File "D:\pythonProject\Deadshot - ModMail\cogs\events.py", line 134, in on_message_edit
    with open('data/ticket.json', 'w') as f:
FileNotFoundError: [Errno 2] No such file or directory: 'data/ticket.json'
[2022-11-03 18:20:35] [ERROR   ] discord.client: Ignoring exception in on_message_edit
Traceback (most recent call last):
  File "D:\pythonProject\Deadshot - ModMail\venv\lib\site-packages\discord\client.py", line 409, in _run_event
    await coro(*args, **kwargs)
  File "D:\pythonProject\Deadshot - ModMail\cogs\events.py", line 134, in on_message_edit
    with open('data/ticket.json', 'w') as f:
FileNotFoundError: [Errno 2] No such file or directory: 'data/ticket.json'
[2022-11-03 18:20:42] [ERROR   ] discord.client: Ignoring exception in on_message_edit
Traceback (most recent call last):
  File "D:\pythonProject\Deadshot - ModMail\venv\lib\site-packages\discord\client.py", line 409, in _run_event
    await coro(*args, **kwargs)
  File "D:\pythonProject\Deadshot - ModMail\cogs\events.py", line 134, in on_message_edit
    with open('data/ticket.json', 'w') as f:
FileNotFoundError: [Errno 2] No such file or directory: 'data/ticket.json'
[2022-11-03 18:20:50] [ERROR   ] discord.client: Ignoring exception in on_message_edit
Traceback (most recent call last):
  File "D:\pythonProject\Deadshot - ModMail\venv\lib\site-packages\discord\client.py", line 409, in _run_event
    await coro(*args, **kwargs)
  File "D:\pythonProject\Deadshot - ModMail\cogs\events.py", line 134, in on_message_edit
    with open('data/ticket.json', 'w') as f:
FileNotFoundError: [Errno 2] No such file or directory: 'data/ticket.json'
[2022-11-03 18:21:29] [ERROR   ] discord.client: Ignoring exception in on_message_edit
Traceback (most recent call last):
  File "D:\pythonProject\Deadshot - ModMail\venv\lib\site-packages\discord\client.py", line 409, in _run_event
    await coro(*args, **kwargs)
  File "D:\pythonProject\Deadshot - ModMail\cogs\events.py", line 134, in on_message_edit
    with open('data/ticket.json', 'w') as f:
FileNotFoundError: [Errno 2] No such file or directory: 'data/ticket.json'
[2022-11-03 18:21:56] [INFO    ] discord: Reloaded 'info' | Ausgeführt von Luca♛#7857
[2022-11-03 18:22:02] [ERROR   ] discord.client: Ignoring exception in on_message_edit
Traceback (most recent call last):
  File "D:\pythonProject\Deadshot - ModMail\venv\lib\site-packages\discord\client.py", line 409, in _run_event
    await coro(*args, **kwargs)
  File "D:\pythonProject\Deadshot - ModMail\cogs\events.py", line 134, in on_message_edit
    with open('data/ticket.json', 'w') as f:
FileNotFoundError: [Errno 2] No such file or directory: 'data/ticket.json'
[2022-11-03 18:22:03] [ERROR   ] discord.client: Ignoring exception in on_message_edit
Traceback (most recent call last):
  File "D:\pythonProject\Deadshot - ModMail\venv\lib\site-packages\discord\client.py", line 409, in _run_event
    await coro(*args, **kwargs)
  File "D:\pythonProject\Deadshot - ModMail\cogs\events.py", line 134, in on_message_edit
    with open('data/ticket.json', 'w') as f:
FileNotFoundError: [Errno 2] No such file or directory: 'data/ticket.json'
[2022-11-03 18:22:04] [ERROR   ] discord.client: Ignoring exception in on_message_edit
Traceback (most recent call last):
  File "D:\pythonProject\Deadshot - ModMail\venv\lib\site-packages\discord\client.py", line 409, in _run_event
    await coro(*args, **kwargs)
  File "D:\pythonProject\Deadshot - ModMail\cogs\events.py", line 134, in on_message_edit
    with open('data/ticket.json', 'w') as f:
FileNotFoundError: [Errno 2] No such file or directory: 'data/ticket.json'
[2022-11-03 18:22:06] [ERROR   ] discord.client: Ignoring exception in on_message_edit
Traceback (most recent call last):
  File "D:\pythonProject\Deadshot - ModMail\venv\lib\site-packages\discord\client.py", line 409, in _run_event
    await coro(*args, **kwargs)
  File "D:\pythonProject\Deadshot - ModMail\cogs\events.py", line 134, in on_message_edit
    with open('data/ticket.json', 'w') as f:
FileNotFoundError: [Errno 2] No such file or directory: 'data/ticket.json'
[2022-11-03 18:22:07] [ERROR   ] discord.client: Ignoring exception in on_message_edit
Traceback (most recent call last):
  File "D:\pythonProject\Deadshot - ModMail\venv\lib\site-packages\discord\client.py", line 409, in _run_event
    await coro(*args, **kwargs)
  File "D:\pythonProject\Deadshot - ModMail\cogs\events.py", line 134, in on_message_edit
    with open('data/ticket.json', 'w') as f:
FileNotFoundError: [Errno 2] No such file or directory: 'data/ticket.json'
[2022-11-03 18:22:08] [ERROR   ] discord.client: Ignoring exception in on_message_edit
Traceback (most recent call last):
  File "D:\pythonProject\Deadshot - ModMail\venv\lib\site-packages\discord\client.py", line 409, in _run_event
    await coro(*args, **kwargs)
  File "D:\pythonProject\Deadshot - ModMail\cogs\events.py", line 134, in on_message_edit
    with open('data/ticket.json', 'w') as f:
FileNotFoundError: [Errno 2] No such file or directory: 'data/ticket.json'
[2022-11-03 18:22:09] [ERROR   ] discord.client: Ignoring exception in on_message_edit
Traceback (most recent call last):
  File "D:\pythonProject\Deadshot - ModMail\venv\lib\site-packages\discord\client.py", line 409, in _run_event
    await coro(*args, **kwargs)
  File "D:\pythonProject\Deadshot - ModMail\cogs\events.py", line 134, in on_message_edit
    with open('data/ticket.json', 'w') as f:
FileNotFoundError: [Errno 2] No such file or directory: 'data/ticket.json'
[2022-11-03 18:22:43] [INFO    ] discord: Reloaded 'info' | Ausgeführt von Luca♛#7857
[2022-11-03 18:22:50] [ERROR   ] discord.client: Ignoring exception in on_message_edit
Traceback (most recent call last):
  File "D:\pythonProject\Deadshot - ModMail\venv\lib\site-packages\discord\client.py", line 409, in _run_event
    await coro(*args, **kwargs)
  File "D:\pythonProject\Deadshot - ModMail\cogs\events.py", line 134, in on_message_edit
    with open('data/ticket.json', 'w') as f:
FileNotFoundError: [Errno 2] No such file or directory: 'data/ticket.json'
[2022-11-03 18:22:51] [ERROR   ] discord.client: Ignoring exception in on_message_edit
Traceback (most recent call last):
  File "D:\pythonProject\Deadshot - ModMail\venv\lib\site-packages\discord\client.py", line 409, in _run_event
    await coro(*args, **kwargs)
  File "D:\pythonProject\Deadshot - ModMail\cogs\events.py", line 134, in on_message_edit
    with open('data/ticket.json', 'w') as f:
FileNotFoundError: [Errno 2] No such file or directory: 'data/ticket.json'
[2022-11-03 18:23:06] [ERROR   ] discord.client: Ignoring exception in on_message_edit
Traceback (most recent call last):
  File "D:\pythonProject\Deadshot - ModMail\venv\lib\site-packages\discord\client.py", line 409, in _run_event
    await coro(*args, **kwargs)
  File "D:\pythonProject\Deadshot - ModMail\cogs\events.py", line 134, in on_message_edit
    with open('data/ticket.json', 'w') as f:
FileNotFoundError: [Errno 2] No such file or directory: 'data/ticket.json'
[2022-11-03 18:23:10] [ERROR   ] discord.client: Ignoring exception in on_message_edit
Traceback (most recent call last):
  File "D:\pythonProject\Deadshot - ModMail\venv\lib\site-packages\discord\client.py", line 409, in _run_event
    await coro(*args, **kwargs)
  File "D:\pythonProject\Deadshot - ModMail\cogs\events.py", line 134, in on_message_edit
    with open('data/ticket.json', 'w') as f:
FileNotFoundError: [Errno 2] No such file or directory: 'data/ticket.json'
[2022-11-03 18:23:12] [ERROR   ] discord.client: Ignoring exception in on_message_edit
Traceback (most recent call last):
  File "D:\pythonProject\Deadshot - ModMail\venv\lib\site-packages\discord\client.py", line 409, in _run_event
    await coro(*args, **kwargs)
  File "D:\pythonProject\Deadshot - ModMail\cogs\events.py", line 134, in on_message_edit
    with open('data/ticket.json', 'w') as f:
FileNotFoundError: [Errno 2] No such file or directory: 'data/ticket.json'
[2022-11-03 18:23:13] [ERROR   ] discord.client: Ignoring exception in on_message_edit
Traceback (most recent call last):
  File "D:\pythonProject\Deadshot - ModMail\venv\lib\site-packages\discord\client.py", line 409, in _run_event
    await coro(*args, **kwargs)
  File "D:\pythonProject\Deadshot - ModMail\cogs\events.py", line 134, in on_message_edit
    with open('data/ticket.json', 'w') as f:
FileNotFoundError: [Errno 2] No such file or directory: 'data/ticket.json'
[2022-11-03 18:23:42] [INFO    ] discord: Reloaded 'info' | Ausgeführt von Luca♛#7857
[2022-11-03 18:23:54] [ERROR   ] discord.client: Ignoring exception in on_message_edit
Traceback (most recent call last):
  File "D:\pythonProject\Deadshot - ModMail\venv\lib\site-packages\discord\client.py", line 409, in _run_event
    await coro(*args, **kwargs)
  File "D:\pythonProject\Deadshot - ModMail\cogs\events.py", line 134, in on_message_edit
    with open('data/ticket.json', 'w') as f:
FileNotFoundError: [Errno 2] No such file or directory: 'data/ticket.json'
[2022-11-03 18:23:55] [ERROR   ] discord.client: Ignoring exception in on_message_edit
Traceback (most recent call last):
  File "D:\pythonProject\Deadshot - ModMail\venv\lib\site-packages\discord\client.py", line 409, in _run_event
    await coro(*args, **kwargs)
  File "D:\pythonProject\Deadshot - ModMail\cogs\events.py", line 134, in on_message_edit
    with open('data/ticket.json', 'w') as f:
FileNotFoundError: [Errno 2] No such file or directory: 'data/ticket.json'
[2022-11-03 18:23:57] [ERROR   ] discord.client: Ignoring exception in on_message_edit
Traceback (most recent call last):
  File "D:\pythonProject\Deadshot - ModMail\venv\lib\site-packages\discord\client.py", line 409, in _run_event
    await coro(*args, **kwargs)
  File "D:\pythonProject\Deadshot - ModMail\cogs\events.py", line 134, in on_message_edit
    with open('data/ticket.json', 'w') as f:
FileNotFoundError: [Errno 2] No such file or directory: 'data/ticket.json'
[2022-11-03 18:23:58] [ERROR   ] discord.client: Ignoring exception in on_message_edit
Traceback (most recent call last):
  File "D:\pythonProject\Deadshot - ModMail\venv\lib\site-packages\discord\client.py", line 409, in _run_event
    await coro(*args, **kwargs)
  File "D:\pythonProject\Deadshot - ModMail\cogs\events.py", line 134, in on_message_edit
    with open('data/ticket.json', 'w') as f:
FileNotFoundError: [Errno 2] No such file or directory: 'data/ticket.json'
[2022-11-03 18:23:59] [ERROR   ] discord.client: Ignoring exception in on_message_edit
Traceback (most recent call last):
  File "D:\pythonProject\Deadshot - ModMail\venv\lib\site-packages\discord\client.py", line 409, in _run_event
    await coro(*args, **kwargs)
  File "D:\pythonProject\Deadshot - ModMail\cogs\events.py", line 134, in on_message_edit
    with open('data/ticket.json', 'w') as f:
FileNotFoundError: [Errno 2] No such file or directory: 'data/ticket.json'
[2022-11-03 18:24:00] [ERROR   ] discord.client: Ignoring exception in on_message_edit
Traceback (most recent call last):
  File "D:\pythonProject\Deadshot - ModMail\venv\lib\site-packages\discord\client.py", line 409, in _run_event
    await coro(*args, **kwargs)
  File "D:\pythonProject\Deadshot - ModMail\cogs\events.py", line 134, in on_message_edit
    with open('data/ticket.json', 'w') as f:
FileNotFoundError: [Errno 2] No such file or directory: 'data/ticket.json'
[2022-11-03 18:27:11] [INFO    ] discord: Reloaded 'info' | Ausgeführt von Luca♛#7857
[2022-11-03 18:27:15] [ERROR   ] discord.client: Ignoring exception in on_message_edit
Traceback (most recent call last):
  File "D:\pythonProject\Deadshot - ModMail\venv\lib\site-packages\discord\client.py", line 409, in _run_event
    await coro(*args, **kwargs)
  File "D:\pythonProject\Deadshot - ModMail\cogs\events.py", line 134, in on_message_edit
    with open('data/ticket.json', 'w') as f:
FileNotFoundError: [Errno 2] No such file or directory: 'data/ticket.json'
[2022-11-03 18:27:16] [ERROR   ] discord.ui.view: Ignoring exception in view <View timeout=180.0 children=3> for item <Button_Fuehrung style=<ButtonStyle.secondary: 2> url=None disabled=False label=None emoji=<PartialEmoji animated=False name='DeadShotZurck' id=1037760360276574228> row=None>
Traceback (most recent call last):
  File "D:\pythonProject\Deadshot - ModMail\venv\lib\site-packages\discord\ui\view.py", line 425, in _scheduled_task
    await item.callback(interaction)
  File "D:\pythonProject\Deadshot - ModMail\cogs\info.py", line 37, in callback
    if var == 0:
UnboundLocalError: local variable 'var' referenced before assignment
[2022-11-03 18:27:41] [INFO    ] discord: Reloaded 'info' | Ausgeführt von Luca♛#7857
[2022-11-03 18:27:45] [ERROR   ] discord.client: Ignoring exception in on_message_edit
Traceback (most recent call last):
  File "D:\pythonProject\Deadshot - ModMail\venv\lib\site-packages\discord\client.py", line 409, in _run_event
    await coro(*args, **kwargs)
  File "D:\pythonProject\Deadshot - ModMail\cogs\events.py", line 134, in on_message_edit
    with open('data/ticket.json', 'w') as f:
FileNotFoundError: [Errno 2] No such file or directory: 'data/ticket.json'
[2022-11-03 18:27:47] [ERROR   ] discord.client: Ignoring exception in on_message_edit
Traceback (most recent call last):
  File "D:\pythonProject\Deadshot - ModMail\venv\lib\site-packages\discord\client.py", line 409, in _run_event
    await coro(*args, **kwargs)
  File "D:\pythonProject\Deadshot - ModMail\cogs\events.py", line 134, in on_message_edit
    with open('data/ticket.json', 'w') as f:
FileNotFoundError: [Errno 2] No such file or directory: 'data/ticket.json'
[2022-11-03 18:27:48] [ERROR   ] discord.client: Ignoring exception in on_message_edit
Traceback (most recent call last):
  File "D:\pythonProject\Deadshot - ModMail\venv\lib\site-packages\discord\client.py", line 409, in _run_event
    await coro(*args, **kwargs)
  File "D:\pythonProject\Deadshot - ModMail\cogs\events.py", line 134, in on_message_edit
    with open('data/ticket.json', 'w') as f:
FileNotFoundError: [Errno 2] No such file or directory: 'data/ticket.json'
[2022-11-03 18:27:50] [ERROR   ] discord.client: Ignoring exception in on_message_edit
Traceback (most recent call last):
  File "D:\pythonProject\Deadshot - ModMail\venv\lib\site-packages\discord\client.py", line 409, in _run_event
    await coro(*args, **kwargs)
  File "D:\pythonProject\Deadshot - ModMail\cogs\events.py", line 134, in on_message_edit
    with open('data/ticket.json', 'w') as f:
FileNotFoundError: [Errno 2] No such file or directory: 'data/ticket.json'
[2022-11-03 18:27:51] [ERROR   ] discord.client: Ignoring exception in on_message_edit
Traceback (most recent call last):
  File "D:\pythonProject\Deadshot - ModMail\venv\lib\site-packages\discord\client.py", line 409, in _run_event
    await coro(*args, **kwargs)
  File "D:\pythonProject\Deadshot - ModMail\cogs\events.py", line 134, in on_message_edit
    with open('data/ticket.json', 'w') as f:
FileNotFoundError: [Errno 2] No such file or directory: 'data/ticket.json'
[2022-11-03 18:27:56] [ERROR   ] discord.client: Ignoring exception in on_message_edit
Traceback (most recent call last):
  File "D:\pythonProject\Deadshot - ModMail\venv\lib\site-packages\discord\client.py", line 409, in _run_event
    await coro(*args, **kwargs)
  File "D:\pythonProject\Deadshot - ModMail\cogs\events.py", line 134, in on_message_edit
    with open('data/ticket.json', 'w') as f:
FileNotFoundError: [Errno 2] No such file or directory: 'data/ticket.json'
[2022-11-03 18:27:58] [ERROR   ] discord.client: Ignoring exception in on_message_edit
Traceback (most recent call last):
  File "D:\pythonProject\Deadshot - ModMail\venv\lib\site-packages\discord\client.py", line 409, in _run_event
    await coro(*args, **kwargs)
  File "D:\pythonProject\Deadshot - ModMail\cogs\events.py", line 134, in on_message_edit
    with open('data/ticket.json', 'w') as f:
FileNotFoundError: [Errno 2] No such file or directory: 'data/ticket.json'
[2022-11-03 18:28:06] [ERROR   ] discord.client: Ignoring exception in on_message_edit
Traceback (most recent call last):
  File "D:\pythonProject\Deadshot - ModMail\venv\lib\site-packages\discord\client.py", line 409, in _run_event
    await coro(*args, **kwargs)
  File "D:\pythonProject\Deadshot - ModMail\cogs\events.py", line 134, in on_message_edit
    with open('data/ticket.json', 'w') as f:
FileNotFoundError: [Errno 2] No such file or directory: 'data/ticket.json'
[2022-11-03 18:28:09] [ERROR   ] discord.client: Ignoring exception in on_message_edit
Traceback (most recent call last):
  File "D:\pythonProject\Deadshot - ModMail\venv\lib\site-packages\discord\client.py", line 409, in _run_event
    await coro(*args, **kwargs)
  File "D:\pythonProject\Deadshot - ModMail\cogs\events.py", line 134, in on_message_edit
    with open('data/ticket.json', 'w') as f:
FileNotFoundError: [Errno 2] No such file or directory: 'data/ticket.json'
[2022-11-03 18:28:11] [ERROR   ] discord.client: Ignoring exception in on_message_edit
Traceback (most recent call last):
  File "D:\pythonProject\Deadshot - ModMail\venv\lib\site-packages\discord\client.py", line 409, in _run_event
    await coro(*args, **kwargs)
  File "D:\pythonProject\Deadshot - ModMail\cogs\events.py", line 134, in on_message_edit
    with open('data/ticket.json', 'w') as f:
FileNotFoundError: [Errno 2] No such file or directory: 'data/ticket.json'
[2022-11-03 18:28:12] [ERROR   ] discord.client: Ignoring exception in on_message_edit
Traceback (most recent call last):
  File "D:\pythonProject\Deadshot - ModMail\venv\lib\site-packages\discord\client.py", line 409, in _run_event
    await coro(*args, **kwargs)
  File "D:\pythonProject\Deadshot - ModMail\cogs\events.py", line 134, in on_message_edit
    with open('data/ticket.json', 'w') as f:
FileNotFoundError: [Errno 2] No such file or directory: 'data/ticket.json'
[2022-11-03 18:28:16] [ERROR   ] discord.client: Ignoring exception in on_message_edit
Traceback (most recent call last):
  File "D:\pythonProject\Deadshot - ModMail\venv\lib\site-packages\discord\client.py", line 409, in _run_event
    await coro(*args, **kwargs)
  File "D:\pythonProject\Deadshot - ModMail\cogs\events.py", line 134, in on_message_edit
    with open('data/ticket.json', 'w') as f:
FileNotFoundError: [Errno 2] No such file or directory: 'data/ticket.json'
[2022-11-03 18:28:40] [INFO    ] discord: Reloaded 'info' | Ausgeführt von Luca♛#7857
[2022-11-03 18:28:46] [ERROR   ] discord.app_commands.tree: Ignoring exception in command 'help'
Traceback (most recent call last):
  File "D:\pythonProject\Deadshot - ModMail\venv\lib\site-packages\discord\app_commands\commands.py", line 850, in _do_call
    return await self._callback(self.binding, interaction, **params)  # type: ignore
  File "D:\pythonProject\Deadshot - ModMail\cogs\info.py", line 590, in help
    await interaction.response.send_message(embed=embed, view=view)
  File "D:\pythonProject\Deadshot - ModMail\venv\lib\site-packages\discord\interactions.py", line 718, in send_message
    await adapter.create_interaction_response(
  File "D:\pythonProject\Deadshot - ModMail\venv\lib\site-packages\discord\webhook\async_.py", line 219, in request
    raise NotFound(response, data)
discord.errors.NotFound: 404 Not Found (error code: 10062): Unknown interaction

The above exception was the direct cause of the following exception:

Traceback (most recent call last):
  File "D:\pythonProject\Deadshot - ModMail\venv\lib\site-packages\discord\app_commands\tree.py", line 1240, in _call
    await command._invoke_with_namespace(interaction, namespace)
  File "D:\pythonProject\Deadshot - ModMail\venv\lib\site-packages\discord\app_commands\commands.py", line 876, in _invoke_with_namespace
    return await self._do_call(interaction, transformed_values)
  File "D:\pythonProject\Deadshot - ModMail\venv\lib\site-packages\discord\app_commands\commands.py", line 869, in _do_call
    raise CommandInvokeError(self, e) from e
discord.app_commands.errors.CommandInvokeError: Command 'help' raised an exception: NotFound: 404 Not Found (error code: 10062): Unknown interaction
[2022-11-03 18:29:03] [ERROR   ] discord.client: Ignoring exception in on_message_edit
Traceback (most recent call last):
  File "D:\pythonProject\Deadshot - ModMail\venv\lib\site-packages\discord\client.py", line 409, in _run_event
    await coro(*args, **kwargs)
  File "D:\pythonProject\Deadshot - ModMail\cogs\events.py", line 134, in on_message_edit
    with open('data/ticket.json', 'w') as f:
FileNotFoundError: [Errno 2] No such file or directory: 'data/ticket.json'
[2022-11-03 18:29:06] [ERROR   ] discord.client: Ignoring exception in on_message_edit
Traceback (most recent call last):
  File "D:\pythonProject\Deadshot - ModMail\venv\lib\site-packages\discord\client.py", line 409, in _run_event
    await coro(*args, **kwargs)
  File "D:\pythonProject\Deadshot - ModMail\cogs\events.py", line 134, in on_message_edit
    with open('data/ticket.json', 'w') as f:
FileNotFoundError: [Errno 2] No such file or directory: 'data/ticket.json'
[2022-11-03 18:29:11] [ERROR   ] discord.client: Ignoring exception in on_message_edit
Traceback (most recent call last):
  File "D:\pythonProject\Deadshot - ModMail\venv\lib\site-packages\discord\client.py", line 409, in _run_event
    await coro(*args, **kwargs)
  File "D:\pythonProject\Deadshot - ModMail\cogs\events.py", line 134, in on_message_edit
    with open('data/ticket.json', 'w') as f:
FileNotFoundError: [Errno 2] No such file or directory: 'data/ticket.json'
[2022-11-03 18:29:13] [ERROR   ] discord.client: Ignoring exception in on_message_edit
Traceback (most recent call last):
  File "D:\pythonProject\Deadshot - ModMail\venv\lib\site-packages\discord\client.py", line 409, in _run_event
    await coro(*args, **kwargs)
  File "D:\pythonProject\Deadshot - ModMail\cogs\events.py", line 134, in on_message_edit
    with open('data/ticket.json', 'w') as f:
FileNotFoundError: [Errno 2] No such file or directory: 'data/ticket.json'
[2022-11-03 18:29:15] [ERROR   ] discord.client: Ignoring exception in on_message_edit
Traceback (most recent call last):
  File "D:\pythonProject\Deadshot - ModMail\venv\lib\site-packages\discord\client.py", line 409, in _run_event
    await coro(*args, **kwargs)
  File "D:\pythonProject\Deadshot - ModMail\cogs\events.py", line 134, in on_message_edit
    with open('data/ticket.json', 'w') as f:
FileNotFoundError: [Errno 2] No such file or directory: 'data/ticket.json'
[2022-11-03 18:29:18] [ERROR   ] discord.client: Ignoring exception in on_message_edit
Traceback (most recent call last):
  File "D:\pythonProject\Deadshot - ModMail\venv\lib\site-packages\discord\client.py", line 409, in _run_event
    await coro(*args, **kwargs)
  File "D:\pythonProject\Deadshot - ModMail\cogs\events.py", line 134, in on_message_edit
    with open('data/ticket.json', 'w') as f:
FileNotFoundError: [Errno 2] No such file or directory: 'data/ticket.json'
[2022-11-03 18:29:34] [INFO    ] discord: Reloaded 'info' | Ausgeführt von Luca♛#7857
[2022-11-03 18:29:38] [ERROR   ] discord.client: Ignoring exception in on_message_edit
Traceback (most recent call last):
  File "D:\pythonProject\Deadshot - ModMail\venv\lib\site-packages\discord\client.py", line 409, in _run_event
    await coro(*args, **kwargs)
  File "D:\pythonProject\Deadshot - ModMail\cogs\events.py", line 134, in on_message_edit
    with open('data/ticket.json', 'w') as f:
FileNotFoundError: [Errno 2] No such file or directory: 'data/ticket.json'
[2022-11-03 18:29:40] [ERROR   ] discord.client: Ignoring exception in on_message_edit
Traceback (most recent call last):
  File "D:\pythonProject\Deadshot - ModMail\venv\lib\site-packages\discord\client.py", line 409, in _run_event
    await coro(*args, **kwargs)
  File "D:\pythonProject\Deadshot - ModMail\cogs\events.py", line 134, in on_message_edit
    with open('data/ticket.json', 'w') as f:
FileNotFoundError: [Errno 2] No such file or directory: 'data/ticket.json'
[2022-11-03 18:29:41] [ERROR   ] discord.client: Ignoring exception in on_message_edit
Traceback (most recent call last):
  File "D:\pythonProject\Deadshot - ModMail\venv\lib\site-packages\discord\client.py", line 409, in _run_event
    await coro(*args, **kwargs)
  File "D:\pythonProject\Deadshot - ModMail\cogs\events.py", line 134, in on_message_edit
    with open('data/ticket.json', 'w') as f:
FileNotFoundError: [Errno 2] No such file or directory: 'data/ticket.json'
[2022-11-03 18:30:04] [INFO    ] discord: Reloaded 'info' | Ausgeführt von Luca♛#7857
[2022-11-03 18:30:09] [ERROR   ] discord.client: Ignoring exception in on_message_edit
Traceback (most recent call last):
  File "D:\pythonProject\Deadshot - ModMail\venv\lib\site-packages\discord\client.py", line 409, in _run_event
    await coro(*args, **kwargs)
  File "D:\pythonProject\Deadshot - ModMail\cogs\events.py", line 134, in on_message_edit
    with open('data/ticket.json', 'w') as f:
FileNotFoundError: [Errno 2] No such file or directory: 'data/ticket.json'
[2022-11-03 18:30:11] [ERROR   ] discord.client: Ignoring exception in on_message_edit
Traceback (most recent call last):
  File "D:\pythonProject\Deadshot - ModMail\venv\lib\site-packages\discord\client.py", line 409, in _run_event
    await coro(*args, **kwargs)
  File "D:\pythonProject\Deadshot - ModMail\cogs\events.py", line 134, in on_message_edit
    with open('data/ticket.json', 'w') as f:
FileNotFoundError: [Errno 2] No such file or directory: 'data/ticket.json'
[2022-11-03 18:30:13] [ERROR   ] discord.client: Ignoring exception in on_message_edit
Traceback (most recent call last):
  File "D:\pythonProject\Deadshot - ModMail\venv\lib\site-packages\discord\client.py", line 409, in _run_event
    await coro(*args, **kwargs)
  File "D:\pythonProject\Deadshot - ModMail\cogs\events.py", line 134, in on_message_edit
    with open('data/ticket.json', 'w') as f:
FileNotFoundError: [Errno 2] No such file or directory: 'data/ticket.json'
[2022-11-03 18:30:41] [ERROR   ] discord.client: Ignoring exception in on_message_edit
Traceback (most recent call last):
  File "D:\pythonProject\Deadshot - ModMail\venv\lib\site-packages\discord\client.py", line 409, in _run_event
    await coro(*args, **kwargs)
  File "D:\pythonProject\Deadshot - ModMail\cogs\events.py", line 134, in on_message_edit
    with open('data/ticket.json', 'w') as f:
FileNotFoundError: [Errno 2] No such file or directory: 'data/ticket.json'
[2022-11-03 18:30:45] [ERROR   ] discord.client: Ignoring exception in on_message_edit
Traceback (most recent call last):
  File "D:\pythonProject\Deadshot - ModMail\venv\lib\site-packages\discord\client.py", line 409, in _run_event
    await coro(*args, **kwargs)
  File "D:\pythonProject\Deadshot - ModMail\cogs\events.py", line 134, in on_message_edit
    with open('data/ticket.json', 'w') as f:
FileNotFoundError: [Errno 2] No such file or directory: 'data/ticket.json'
[2022-11-03 18:30:45] [ERROR   ] discord.client: Ignoring exception in on_message_edit
Traceback (most recent call last):
  File "D:\pythonProject\Deadshot - ModMail\venv\lib\site-packages\discord\client.py", line 409, in _run_event
    await coro(*args, **kwargs)
  File "D:\pythonProject\Deadshot - ModMail\cogs\events.py", line 134, in on_message_edit
    with open('data/ticket.json', 'w') as f:
FileNotFoundError: [Errno 2] No such file or directory: 'data/ticket.json'
[2022-11-03 18:30:48] [ERROR   ] discord.client: Ignoring exception in on_message_edit
Traceback (most recent call last):
  File "D:\pythonProject\Deadshot - ModMail\venv\lib\site-packages\discord\client.py", line 409, in _run_event
    await coro(*args, **kwargs)
  File "D:\pythonProject\Deadshot - ModMail\cogs\events.py", line 134, in on_message_edit
    with open('data/ticket.json', 'w') as f:
FileNotFoundError: [Errno 2] No such file or directory: 'data/ticket.json'
[2022-11-03 18:30:49] [ERROR   ] discord.client: Ignoring exception in on_message_edit
Traceback (most recent call last):
  File "D:\pythonProject\Deadshot - ModMail\venv\lib\site-packages\discord\client.py", line 409, in _run_event
    await coro(*args, **kwargs)
  File "D:\pythonProject\Deadshot - ModMail\cogs\events.py", line 134, in on_message_edit
    with open('data/ticket.json', 'w') as f:
FileNotFoundError: [Errno 2] No such file or directory: 'data/ticket.json'
[2022-11-03 18:33:52] [INFO    ] discord: Reloaded 'info' | Ausgeführt von Luca♛#7857
[2022-11-03 18:33:56] [ERROR   ] discord.client: Ignoring exception in on_message_edit
Traceback (most recent call last):
  File "D:\pythonProject\Deadshot - ModMail\venv\lib\site-packages\discord\client.py", line 409, in _run_event
    await coro(*args, **kwargs)
  File "D:\pythonProject\Deadshot - ModMail\cogs\events.py", line 134, in on_message_edit
    with open('data/ticket.json', 'w') as f:
FileNotFoundError: [Errno 2] No such file or directory: 'data/ticket.json'
[2022-11-03 18:34:01] [ERROR   ] discord.client: Ignoring exception in on_message_edit
Traceback (most recent call last):
  File "D:\pythonProject\Deadshot - ModMail\venv\lib\site-packages\discord\client.py", line 409, in _run_event
    await coro(*args, **kwargs)
  File "D:\pythonProject\Deadshot - ModMail\cogs\events.py", line 134, in on_message_edit
    with open('data/ticket.json', 'w') as f:
FileNotFoundError: [Errno 2] No such file or directory: 'data/ticket.json'
[2022-11-03 18:34:16] [ERROR   ] discord.client: Ignoring exception in on_message_edit
Traceback (most recent call last):
  File "D:\pythonProject\Deadshot - ModMail\venv\lib\site-packages\discord\client.py", line 409, in _run_event
    await coro(*args, **kwargs)
  File "D:\pythonProject\Deadshot - ModMail\cogs\events.py", line 134, in on_message_edit
    with open('data/ticket.json', 'w') as f:
FileNotFoundError: [Errno 2] No such file or directory: 'data/ticket.json'
[2022-11-03 18:35:16] [INFO    ] discord: Reloaded 'info' | Ausgeführt von Luca♛#7857
[2022-11-03 18:35:20] [ERROR   ] discord.client: Ignoring exception in on_message_edit
Traceback (most recent call last):
  File "D:\pythonProject\Deadshot - ModMail\venv\lib\site-packages\discord\client.py", line 409, in _run_event
    await coro(*args, **kwargs)
  File "D:\pythonProject\Deadshot - ModMail\cogs\events.py", line 134, in on_message_edit
    with open('data/ticket.json', 'w') as f:
FileNotFoundError: [Errno 2] No such file or directory: 'data/ticket.json'
[2022-11-03 18:35:21] [ERROR   ] discord.client: Ignoring exception in on_message_edit
Traceback (most recent call last):
  File "D:\pythonProject\Deadshot - ModMail\venv\lib\site-packages\discord\client.py", line 409, in _run_event
    await coro(*args, **kwargs)
  File "D:\pythonProject\Deadshot - ModMail\cogs\events.py", line 134, in on_message_edit
    with open('data/ticket.json', 'w') as f:
FileNotFoundError: [Errno 2] No such file or directory: 'data/ticket.json'
[2022-11-03 18:35:26] [ERROR   ] discord.client: Ignoring exception in on_message_edit
Traceback (most recent call last):
  File "D:\pythonProject\Deadshot - ModMail\venv\lib\site-packages\discord\client.py", line 409, in _run_event
    await coro(*args, **kwargs)
  File "D:\pythonProject\Deadshot - ModMail\cogs\events.py", line 134, in on_message_edit
    with open('data/ticket.json', 'w') as f:
FileNotFoundError: [Errno 2] No such file or directory: 'data/ticket.json'
[2022-11-03 18:35:30] [ERROR   ] discord.client: Ignoring exception in on_message_edit
Traceback (most recent call last):
  File "D:\pythonProject\Deadshot - ModMail\venv\lib\site-packages\discord\client.py", line 409, in _run_event
    await coro(*args, **kwargs)
  File "D:\pythonProject\Deadshot - ModMail\cogs\events.py", line 134, in on_message_edit
    with open('data/ticket.json', 'w') as f:
FileNotFoundError: [Errno 2] No such file or directory: 'data/ticket.json'
[2022-11-03 18:35:30] [ERROR   ] discord.client: Ignoring exception in on_message_edit
Traceback (most recent call last):
  File "D:\pythonProject\Deadshot - ModMail\venv\lib\site-packages\discord\client.py", line 409, in _run_event
    await coro(*args, **kwargs)
  File "D:\pythonProject\Deadshot - ModMail\cogs\events.py", line 134, in on_message_edit
    with open('data/ticket.json', 'w') as f:
FileNotFoundError: [Errno 2] No such file or directory: 'data/ticket.json'
[2022-11-03 18:35:31] [ERROR   ] discord.client: Ignoring exception in on_message_edit
Traceback (most recent call last):
  File "D:\pythonProject\Deadshot - ModMail\venv\lib\site-packages\discord\client.py", line 409, in _run_event
    await coro(*args, **kwargs)
  File "D:\pythonProject\Deadshot - ModMail\cogs\events.py", line 134, in on_message_edit
    with open('data/ticket.json', 'w') as f:
FileNotFoundError: [Errno 2] No such file or directory: 'data/ticket.json'
[2022-11-03 18:35:33] [ERROR   ] discord.client: Ignoring exception in on_message_edit
Traceback (most recent call last):
  File "D:\pythonProject\Deadshot - ModMail\venv\lib\site-packages\discord\client.py", line 409, in _run_event
    await coro(*args, **kwargs)
  File "D:\pythonProject\Deadshot - ModMail\cogs\events.py", line 134, in on_message_edit
    with open('data/ticket.json', 'w') as f:
FileNotFoundError: [Errno 2] No such file or directory: 'data/ticket.json'
[2022-11-03 18:35:34] [ERROR   ] discord.client: Ignoring exception in on_message_edit
Traceback (most recent call last):
  File "D:\pythonProject\Deadshot - ModMail\venv\lib\site-packages\discord\client.py", line 409, in _run_event
    await coro(*args, **kwargs)
  File "D:\pythonProject\Deadshot - ModMail\cogs\events.py", line 134, in on_message_edit
    with open('data/ticket.json', 'w') as f:
FileNotFoundError: [Errno 2] No such file or directory: 'data/ticket.json'
[2022-11-03 18:47:56] [ERROR   ] discord.client: Ignoring exception in on_message_edit
Traceback (most recent call last):
  File "D:\pythonProject\Deadshot - ModMail\venv\lib\site-packages\discord\client.py", line 409, in _run_event
    await coro(*args, **kwargs)
  File "D:\pythonProject\Deadshot - ModMail\cogs\events.py", line 134, in on_message_edit
    with open('data/ticket.json', 'w') as f:
FileNotFoundError: [Errno 2] No such file or directory: 'data/ticket.json'
[2022-11-03 18:51:26] [ERROR   ] discord.client: Ignoring exception in on_message_edit
Traceback (most recent call last):
  File "D:\pythonProject\Deadshot - ModMail\venv\lib\site-packages\discord\client.py", line 409, in _run_event
    await coro(*args, **kwargs)
  File "D:\pythonProject\Deadshot - ModMail\cogs\events.py", line 134, in on_message_edit
    with open('data/ticket.json', 'w') as f:
FileNotFoundError: [Errno 2] No such file or directory: 'data/ticket.json'
[2022-11-03 18:51:57] [ERROR   ] discord.client: Ignoring exception in on_message_edit
Traceback (most recent call last):
  File "D:\pythonProject\Deadshot - ModMail\venv\lib\site-packages\discord\client.py", line 409, in _run_event
    await coro(*args, **kwargs)
  File "D:\pythonProject\Deadshot - ModMail\cogs\events.py", line 134, in on_message_edit
    with open('data/ticket.json', 'w') as f:
FileNotFoundError: [Errno 2] No such file or directory: 'data/ticket.json'
[2022-11-03 19:01:53] [ERROR   ] discord.client: Ignoring exception in on_message_edit
Traceback (most recent call last):
  File "D:\pythonProject\Deadshot - ModMail\venv\lib\site-packages\discord\client.py", line 409, in _run_event
    await coro(*args, **kwargs)
  File "D:\pythonProject\Deadshot - ModMail\cogs\events.py", line 134, in on_message_edit
    with open('data/ticket.json', 'w') as f:
FileNotFoundError: [Errno 2] No such file or directory: 'data/ticket.json'
[2022-11-03 19:02:31] [ERROR   ] discord.client: Ignoring exception in on_message_edit
Traceback (most recent call last):
  File "D:\pythonProject\Deadshot - ModMail\venv\lib\site-packages\discord\client.py", line 409, in _run_event
    await coro(*args, **kwargs)
  File "D:\pythonProject\Deadshot - ModMail\cogs\events.py", line 134, in on_message_edit
    with open('data/ticket.json', 'w') as f:
FileNotFoundError: [Errno 2] No such file or directory: 'data/ticket.json'
[2022-11-03 19:02:49] [ERROR   ] discord.client: Ignoring exception in on_message_edit
Traceback (most recent call last):
  File "D:\pythonProject\Deadshot - ModMail\venv\lib\site-packages\discord\client.py", line 409, in _run_event
    await coro(*args, **kwargs)
  File "D:\pythonProject\Deadshot - ModMail\cogs\events.py", line 134, in on_message_edit
    with open('data/ticket.json', 'w') as f:
FileNotFoundError: [Errno 2] No such file or directory: 'data/ticket.json'
[2022-11-03 19:14:50] [ERROR   ] discord.ui.view: Ignoring exception in view <DropdownView timeout=180.0 children=1> for item <Dropdown placeholder='Triff eine Auswahl' min_values=1 max_values=1 options=[<SelectOption label='Bot - Führung' value='führung' description=None emoji=<PartialEmoji animated=False name='DeadShotHelp' id=1037756726704881685> default=False>, <SelectOption label='Team Befehle' value='1' description=None emoji=<PartialEmoji animated=False name='DeadShotMod' id=914516537057116160> default=False>, <SelectOption label='Einstellungs Befehle' value='2' description=None emoji=<PartialEmoji animated=False name='DeadShotSettings' id=1034191404487954442> default=False>, <SelectOption label='Informations Befehle' value='3' description=None emoji=<PartialEmoji animated=False name='DeadShotInfos' id=1034196978013319228> default=False>, <SelectOption label='Löschen' value='4' description=None emoji=<PartialEmoji animated=False name='DeadShotDelete' id=1034205579297702028> default=False>] disabled=False>
Traceback (most recent call last):
  File "D:\pythonProject\Deadshot - ModMail\venv\lib\site-packages\discord\ui\view.py", line 425, in _scheduled_task
    await item.callback(interaction)
  File "D:\pythonProject\Deadshot - ModMail\cogs\info.py", line 210, in callback
    await interaction.response.edit_message(embed=embed, view=view)
  File "D:\pythonProject\Deadshot - ModMail\venv\lib\site-packages\discord\interactions.py", line 812, in edit_message
    await adapter.create_interaction_response(
  File "D:\pythonProject\Deadshot - ModMail\venv\lib\site-packages\discord\webhook\async_.py", line 221, in request
    raise HTTPException(response, data)
discord.errors.HTTPException: 400 Bad Request (error code: 50035): Invalid Form Body
In components.0.components.2.emoji.id: Invalid emoji
[2022-11-03 19:14:55] [INFO    ] discord: Reloaded 'info' | Ausgeführt von Luca♛#7857
[2022-11-03 19:15:00] [ERROR   ] discord.client: Ignoring exception in on_message_edit
Traceback (most recent call last):
  File "D:\pythonProject\Deadshot - ModMail\venv\lib\site-packages\discord\client.py", line 409, in _run_event
    await coro(*args, **kwargs)
  File "D:\pythonProject\Deadshot - ModMail\cogs\events.py", line 134, in on_message_edit
    with open('data/ticket.json', 'w') as f:
FileNotFoundError: [Errno 2] No such file or directory: 'data/ticket.json'
[2022-11-03 19:15:01] [ERROR   ] discord.client: Ignoring exception in on_message_edit
Traceback (most recent call last):
  File "D:\pythonProject\Deadshot - ModMail\venv\lib\site-packages\discord\client.py", line 409, in _run_event
    await coro(*args, **kwargs)
  File "D:\pythonProject\Deadshot - ModMail\cogs\events.py", line 134, in on_message_edit
    with open('data/ticket.json', 'w') as f:
FileNotFoundError: [Errno 2] No such file or directory: 'data/ticket.json'
[2022-11-03 19:19:26] [ERROR   ] discord.client: Ignoring exception in on_message_edit
Traceback (most recent call last):
  File "D:\pythonProject\Deadshot - ModMail\venv\lib\site-packages\discord\client.py", line 409, in _run_event
    await coro(*args, **kwargs)
  File "D:\pythonProject\Deadshot - ModMail\cogs\events.py", line 134, in on_message_edit
    with open('data/ticket.json', 'w') as f:
FileNotFoundError: [Errno 2] No such file or directory: 'data/ticket.json'
[2022-11-03 19:32:09] [ERROR   ] discord.client: Ignoring exception in on_message_edit
Traceback (most recent call last):
  File "D:\pythonProject\Deadshot - ModMail\venv\lib\site-packages\discord\client.py", line 409, in _run_event
    await coro(*args, **kwargs)
  File "D:\pythonProject\Deadshot - ModMail\cogs\events.py", line 134, in on_message_edit
    with open('data/ticket.json', 'w') as f:
FileNotFoundError: [Errno 2] No such file or directory: 'data/ticket.json'
[2022-11-03 19:34:08] [ERROR   ] discord.client: Ignoring exception in on_message_edit
Traceback (most recent call last):
  File "D:\pythonProject\Deadshot - ModMail\venv\lib\site-packages\discord\client.py", line 409, in _run_event
    await coro(*args, **kwargs)
  File "D:\pythonProject\Deadshot - ModMail\cogs\events.py", line 134, in on_message_edit
    with open('data/ticket.json', 'w') as f:
FileNotFoundError: [Errno 2] No such file or directory: 'data/ticket.json'
[2022-11-03 19:37:40] [ERROR   ] discord.client: Ignoring exception in on_message_edit
Traceback (most recent call last):
  File "D:\pythonProject\Deadshot - ModMail\venv\lib\site-packages\discord\client.py", line 409, in _run_event
    await coro(*args, **kwargs)
  File "D:\pythonProject\Deadshot - ModMail\cogs\events.py", line 134, in on_message_edit
    with open('data/ticket.json', 'w') as f:
FileNotFoundError: [Errno 2] No such file or directory: 'data/ticket.json'
[2022-11-03 20:04:28] [ERROR   ] discord.client: Ignoring exception in on_message_edit
Traceback (most recent call last):
  File "D:\pythonProject\Deadshot - ModMail\venv\lib\site-packages\discord\client.py", line 409, in _run_event
    await coro(*args, **kwargs)
  File "D:\pythonProject\Deadshot - ModMail\cogs\events.py", line 134, in on_message_edit
    with open('data/ticket.json', 'w') as f:
FileNotFoundError: [Errno 2] No such file or directory: 'data/ticket.json'
[2022-11-03 20:04:49] [ERROR   ] discord.client: Ignoring exception in on_message_edit
Traceback (most recent call last):
  File "D:\pythonProject\Deadshot - ModMail\venv\lib\site-packages\discord\client.py", line 409, in _run_event
    await coro(*args, **kwargs)
  File "D:\pythonProject\Deadshot - ModMail\cogs\events.py", line 134, in on_message_edit
    with open('data/ticket.json', 'w') as f:
FileNotFoundError: [Errno 2] No such file or directory: 'data/ticket.json'
[2022-11-03 20:04:57] [ERROR   ] discord.client: Ignoring exception in on_message_edit
Traceback (most recent call last):
  File "D:\pythonProject\Deadshot - ModMail\venv\lib\site-packages\discord\client.py", line 409, in _run_event
    await coro(*args, **kwargs)
  File "D:\pythonProject\Deadshot - ModMail\cogs\events.py", line 134, in on_message_edit
    with open('data/ticket.json', 'w') as f:
FileNotFoundError: [Errno 2] No such file or directory: 'data/ticket.json'
[2022-11-03 20:05:08] [ERROR   ] discord.client: Ignoring exception in on_message_edit
Traceback (most recent call last):
  File "D:\pythonProject\Deadshot - ModMail\venv\lib\site-packages\discord\client.py", line 409, in _run_event
    await coro(*args, **kwargs)
  File "D:\pythonProject\Deadshot - ModMail\cogs\events.py", line 134, in on_message_edit
    with open('data/ticket.json', 'w') as f:
FileNotFoundError: [Errno 2] No such file or directory: 'data/ticket.json'
[2022-11-03 20:05:27] [ERROR   ] discord.client: Ignoring exception in on_message_edit
Traceback (most recent call last):
  File "D:\pythonProject\Deadshot - ModMail\venv\lib\site-packages\discord\client.py", line 409, in _run_event
    await coro(*args, **kwargs)
  File "D:\pythonProject\Deadshot - ModMail\cogs\events.py", line 134, in on_message_edit
    with open('data/ticket.json', 'w') as f:
FileNotFoundError: [Errno 2] No such file or directory: 'data/ticket.json'
[2022-11-03 20:05:41] [ERROR   ] discord.client: Ignoring exception in on_message_edit
Traceback (most recent call last):
  File "D:\pythonProject\Deadshot - ModMail\venv\lib\site-packages\discord\client.py", line 409, in _run_event
    await coro(*args, **kwargs)
  File "D:\pythonProject\Deadshot - ModMail\cogs\events.py", line 134, in on_message_edit
    with open('data/ticket.json', 'w') as f:
FileNotFoundError: [Errno 2] No such file or directory: 'data/ticket.json'
[2022-11-03 20:05:58] [ERROR   ] discord.client: Ignoring exception in on_message_edit
Traceback (most recent call last):
  File "D:\pythonProject\Deadshot - ModMail\venv\lib\site-packages\discord\client.py", line 409, in _run_event
    await coro(*args, **kwargs)
  File "D:\pythonProject\Deadshot - ModMail\cogs\events.py", line 134, in on_message_edit
    with open('data/ticket.json', 'w') as f:
FileNotFoundError: [Errno 2] No such file or directory: 'data/ticket.json'
[2022-11-03 20:06:10] [ERROR   ] discord.client: Ignoring exception in on_message_edit
Traceback (most recent call last):
  File "D:\pythonProject\Deadshot - ModMail\venv\lib\site-packages\discord\client.py", line 409, in _run_event
    await coro(*args, **kwargs)
  File "D:\pythonProject\Deadshot - ModMail\cogs\events.py", line 134, in on_message_edit
    with open('data/ticket.json', 'w') as f:
FileNotFoundError: [Errno 2] No such file or directory: 'data/ticket.json'
[2022-11-03 20:06:26] [ERROR   ] discord.client: Ignoring exception in on_message_edit
Traceback (most recent call last):
  File "D:\pythonProject\Deadshot - ModMail\venv\lib\site-packages\discord\client.py", line 409, in _run_event
    await coro(*args, **kwargs)
  File "D:\pythonProject\Deadshot - ModMail\cogs\events.py", line 134, in on_message_edit
    with open('data/ticket.json', 'w') as f:
FileNotFoundError: [Errno 2] No such file or directory: 'data/ticket.json'
[2022-11-03 20:06:35] [ERROR   ] discord.client: Ignoring exception in on_message_edit
Traceback (most recent call last):
  File "D:\pythonProject\Deadshot - ModMail\venv\lib\site-packages\discord\client.py", line 409, in _run_event
    await coro(*args, **kwargs)
  File "D:\pythonProject\Deadshot - ModMail\cogs\events.py", line 134, in on_message_edit
    with open('data/ticket.json', 'w') as f:
FileNotFoundError: [Errno 2] No such file or directory: 'data/ticket.json'
[2022-11-03 20:07:08] [ERROR   ] discord.client: Ignoring exception in on_message_edit
Traceback (most recent call last):
  File "D:\pythonProject\Deadshot - ModMail\venv\lib\site-packages\discord\client.py", line 409, in _run_event
    await coro(*args, **kwargs)
  File "D:\pythonProject\Deadshot - ModMail\cogs\events.py", line 134, in on_message_edit
    with open('data/ticket.json', 'w') as f:
FileNotFoundError: [Errno 2] No such file or directory: 'data/ticket.json'
[2022-11-03 20:08:13] [ERROR   ] discord.client: Ignoring exception in on_message_edit
Traceback (most recent call last):
  File "D:\pythonProject\Deadshot - ModMail\venv\lib\site-packages\discord\client.py", line 409, in _run_event
    await coro(*args, **kwargs)
  File "D:\pythonProject\Deadshot - ModMail\cogs\events.py", line 134, in on_message_edit
    with open('data/ticket.json', 'w') as f:
FileNotFoundError: [Errno 2] No such file or directory: 'data/ticket.json'
[2022-11-03 20:08:25] [ERROR   ] discord.client: Ignoring exception in on_message_edit
Traceback (most recent call last):
  File "D:\pythonProject\Deadshot - ModMail\venv\lib\site-packages\discord\client.py", line 409, in _run_event
    await coro(*args, **kwargs)
  File "D:\pythonProject\Deadshot - ModMail\cogs\events.py", line 134, in on_message_edit
    with open('data/ticket.json', 'w') as f:
FileNotFoundError: [Errno 2] No such file or directory: 'data/ticket.json'
[2022-11-03 20:08:44] [ERROR   ] discord.client: Ignoring exception in on_message_edit
Traceback (most recent call last):
  File "D:\pythonProject\Deadshot - ModMail\venv\lib\site-packages\discord\client.py", line 409, in _run_event
    await coro(*args, **kwargs)
  File "D:\pythonProject\Deadshot - ModMail\cogs\events.py", line 134, in on_message_edit
    with open('data/ticket.json', 'w') as f:
FileNotFoundError: [Errno 2] No such file or directory: 'data/ticket.json'
[2022-11-03 20:08:54] [ERROR   ] discord.client: Ignoring exception in on_message_edit
Traceback (most recent call last):
  File "D:\pythonProject\Deadshot - ModMail\venv\lib\site-packages\discord\client.py", line 409, in _run_event
    await coro(*args, **kwargs)
  File "D:\pythonProject\Deadshot - ModMail\cogs\events.py", line 134, in on_message_edit
    with open('data/ticket.json', 'w') as f:
FileNotFoundError: [Errno 2] No such file or directory: 'data/ticket.json'
[2022-11-03 20:09:09] [INFO    ] discord: Reloaded 'info' | Ausgeführt von Luca♛#7857
[2022-11-03 20:09:12] [ERROR   ] discord.client: Ignoring exception in on_message_edit
Traceback (most recent call last):
  File "D:\pythonProject\Deadshot - ModMail\venv\lib\site-packages\discord\client.py", line 409, in _run_event
    await coro(*args, **kwargs)
  File "D:\pythonProject\Deadshot - ModMail\cogs\events.py", line 134, in on_message_edit
    with open('data/ticket.json', 'w') as f:
FileNotFoundError: [Errno 2] No such file or directory: 'data/ticket.json'
[2022-11-03 20:09:37] [INFO    ] discord: Reloaded 'info' | Ausgeführt von Luca♛#7857
[2022-11-03 20:09:42] [ERROR   ] discord.client: Ignoring exception in on_message_edit
Traceback (most recent call last):
  File "D:\pythonProject\Deadshot - ModMail\venv\lib\site-packages\discord\client.py", line 409, in _run_event
    await coro(*args, **kwargs)
  File "D:\pythonProject\Deadshot - ModMail\cogs\events.py", line 134, in on_message_edit
    with open('data/ticket.json', 'w') as f:
FileNotFoundError: [Errno 2] No such file or directory: 'data/ticket.json'
[2022-11-03 20:11:50] [ERROR   ] discord.client: Ignoring exception in on_message_edit
Traceback (most recent call last):
  File "D:\pythonProject\Deadshot - ModMail\venv\lib\site-packages\discord\client.py", line 409, in _run_event
    await coro(*args, **kwargs)
  File "D:\pythonProject\Deadshot - ModMail\cogs\events.py", line 134, in on_message_edit
    with open('data/ticket.json', 'w') as f:
FileNotFoundError: [Errno 2] No such file or directory: 'data/ticket.json'
[2022-11-03 20:12:30] [ERROR   ] discord.client: Ignoring exception in on_message_edit
Traceback (most recent call last):
  File "D:\pythonProject\Deadshot - ModMail\venv\lib\site-packages\discord\client.py", line 409, in _run_event
    await coro(*args, **kwargs)
  File "D:\pythonProject\Deadshot - ModMail\cogs\events.py", line 134, in on_message_edit
    with open('data/ticket.json', 'w') as f:
FileNotFoundError: [Errno 2] No such file or directory: 'data/ticket.json'
[2022-11-03 20:12:48] [ERROR   ] discord.client: Ignoring exception in on_message_edit
Traceback (most recent call last):
  File "D:\pythonProject\Deadshot - ModMail\venv\lib\site-packages\discord\client.py", line 409, in _run_event
    await coro(*args, **kwargs)
  File "D:\pythonProject\Deadshot - ModMail\cogs\events.py", line 134, in on_message_edit
    with open('data/ticket.json', 'w') as f:
FileNotFoundError: [Errno 2] No such file or directory: 'data/ticket.json'
[2022-11-03 20:13:28] [ERROR   ] discord.client: Ignoring exception in on_message_edit
Traceback (most recent call last):
  File "D:\pythonProject\Deadshot - ModMail\venv\lib\site-packages\discord\client.py", line 409, in _run_event
    await coro(*args, **kwargs)
  File "D:\pythonProject\Deadshot - ModMail\cogs\events.py", line 134, in on_message_edit
    with open('data/ticket.json', 'w') as f:
FileNotFoundError: [Errno 2] No such file or directory: 'data/ticket.json'
[2022-11-03 20:13:56] [ERROR   ] discord.client: Ignoring exception in on_message_edit
Traceback (most recent call last):
  File "D:\pythonProject\Deadshot - ModMail\venv\lib\site-packages\discord\client.py", line 409, in _run_event
    await coro(*args, **kwargs)
  File "D:\pythonProject\Deadshot - ModMail\cogs\events.py", line 134, in on_message_edit
    with open('data/ticket.json', 'w') as f:
FileNotFoundError: [Errno 2] No such file or directory: 'data/ticket.json'
[2022-11-03 20:14:26] [INFO    ] discord: Reloaded 'info' | Ausgeführt von Luca♛#7857
[2022-11-03 20:14:31] [ERROR   ] discord.app_commands.tree: Ignoring exception in command 'reload'
Traceback (most recent call last):
  File "D:\pythonProject\Deadshot - ModMail\venv\lib\site-packages\discord\app_commands\commands.py", line 851, in _do_call
    return await self._callback(interaction, **params)  # type: ignore
  File "D:\pythonProject\Deadshot - ModMail\main.py", line 120, in reload
    await interaction.response.send_message(embed=embed, ephemeral=True)
  File "D:\pythonProject\Deadshot - ModMail\venv\lib\site-packages\discord\interactions.py", line 718, in send_message
    await adapter.create_interaction_response(
  File "D:\pythonProject\Deadshot - ModMail\venv\lib\site-packages\discord\webhook\async_.py", line 219, in request
    raise NotFound(response, data)
discord.errors.NotFound: 404 Not Found (error code: 10062): Unknown interaction

The above exception was the direct cause of the following exception:

Traceback (most recent call last):
  File "D:\pythonProject\Deadshot - ModMail\venv\lib\site-packages\discord\app_commands\tree.py", line 1240, in _call
    await command._invoke_with_namespace(interaction, namespace)
  File "D:\pythonProject\Deadshot - ModMail\venv\lib\site-packages\discord\app_commands\commands.py", line 876, in _invoke_with_namespace
    return await self._do_call(interaction, transformed_values)
  File "D:\pythonProject\Deadshot - ModMail\venv\lib\site-packages\discord\app_commands\commands.py", line 869, in _do_call
    raise CommandInvokeError(self, e) from e
discord.app_commands.errors.CommandInvokeError: Command 'reload' raised an exception: NotFound: 404 Not Found (error code: 10062): Unknown interaction
[2022-11-03 20:14:32] [WARNING ] discord.client: PyNaCl is not installed, voice will NOT be supported
[2022-11-03 20:14:32] [INFO    ] discord.client: logging in using static token
[2022-11-03 20:14:41] [INFO    ] discord.gateway: Shard ID None has connected to Gateway (Session ID: 035f4b3d38a3071f12a70f9f8a7e522a).
[2022-11-03 20:14:48] [ERROR   ] discord.client: Ignoring exception in on_message_edit
Traceback (most recent call last):
  File "D:\pythonProject\Deadshot - ModMail\venv\lib\site-packages\discord\client.py", line 409, in _run_event
    await coro(*args, **kwargs)
  File "D:\pythonProject\Deadshot - ModMail\cogs\events.py", line 134, in on_message_edit
    with open('data/ticket.json', 'w') as f:
FileNotFoundError: [Errno 2] No such file or directory: 'data/ticket.json'
[2022-11-03 20:14:52] [ERROR   ] discord.client: Ignoring exception in on_message_edit
Traceback (most recent call last):
  File "D:\pythonProject\Deadshot - ModMail\venv\lib\site-packages\discord\client.py", line 409, in _run_event
    await coro(*args, **kwargs)
  File "D:\pythonProject\Deadshot - ModMail\cogs\events.py", line 134, in on_message_edit
    with open('data/ticket.json', 'w') as f:
FileNotFoundError: [Errno 2] No such file or directory: 'data/ticket.json'
[2022-11-03 20:14:54] [ERROR   ] discord.ui.view: Ignoring exception in view <Button_Fuehrung timeout=180.0 children=3> for item <Button style=<ButtonStyle.secondary: 2> url=None disabled=False label=None emoji=<PartialEmoji animated=False name='DeadShotweiter' id=1037791915422253128> row=None>
Traceback (most recent call last):
  File "D:\pythonProject\Deadshot - ModMail\venv\lib\site-packages\discord\ui\view.py", line 425, in _scheduled_task
    await item.callback(interaction)
  File "D:\pythonProject\Deadshot - ModMail\cogs\info.py", line 60, in weiter
    counter = str(button_counter + 1)
TypeError: can only concatenate str (not "int") to str
[2022-11-03 20:15:02] [ERROR   ] discord.client: Ignoring exception in on_message_edit
Traceback (most recent call last):
  File "D:\pythonProject\Deadshot - ModMail\venv\lib\site-packages\discord\client.py", line 409, in _run_event
    await coro(*args, **kwargs)
  File "D:\pythonProject\Deadshot - ModMail\cogs\events.py", line 134, in on_message_edit
    with open('data/ticket.json', 'w') as f:
FileNotFoundError: [Errno 2] No such file or directory: 'data/ticket.json'
[2022-11-03 20:15:22] [ERROR   ] discord.client: Ignoring exception in on_message_edit
Traceback (most recent call last):
  File "D:\pythonProject\Deadshot - ModMail\venv\lib\site-packages\discord\client.py", line 409, in _run_event
    await coro(*args, **kwargs)
  File "D:\pythonProject\Deadshot - ModMail\cogs\events.py", line 134, in on_message_edit
    with open('data/ticket.json', 'w') as f:
FileNotFoundError: [Errno 2] No such file or directory: 'data/ticket.json'
[2022-11-03 20:15:38] [ERROR   ] discord.client: Ignoring exception in on_message_edit
Traceback (most recent call last):
  File "D:\pythonProject\Deadshot - ModMail\venv\lib\site-packages\discord\client.py", line 409, in _run_event
    await coro(*args, **kwargs)
  File "D:\pythonProject\Deadshot - ModMail\cogs\events.py", line 134, in on_message_edit
    with open('data/ticket.json', 'w') as f:
FileNotFoundError: [Errno 2] No such file or directory: 'data/ticket.json'
[2022-11-03 20:15:46] [ERROR   ] discord.client: Ignoring exception in on_message_edit
Traceback (most recent call last):
  File "D:\pythonProject\Deadshot - ModMail\venv\lib\site-packages\discord\client.py", line 409, in _run_event
    await coro(*args, **kwargs)
  File "D:\pythonProject\Deadshot - ModMail\cogs\events.py", line 134, in on_message_edit
    with open('data/ticket.json', 'w') as f:
FileNotFoundError: [Errno 2] No such file or directory: 'data/ticket.json'
[2022-11-03 20:16:04] [ERROR   ] discord.client: Ignoring exception in on_message_edit
Traceback (most recent call last):
  File "D:\pythonProject\Deadshot - ModMail\venv\lib\site-packages\discord\client.py", line 409, in _run_event
    await coro(*args, **kwargs)
  File "D:\pythonProject\Deadshot - ModMail\cogs\events.py", line 134, in on_message_edit
    with open('data/ticket.json', 'w') as f:
FileNotFoundError: [Errno 2] No such file or directory: 'data/ticket.json'
[2022-11-03 20:16:20] [ERROR   ] discord.client: Ignoring exception in on_message_edit
Traceback (most recent call last):
  File "D:\pythonProject\Deadshot - ModMail\venv\lib\site-packages\discord\client.py", line 409, in _run_event
    await coro(*args, **kwargs)
  File "D:\pythonProject\Deadshot - ModMail\cogs\events.py", line 134, in on_message_edit
    with open('data/ticket.json', 'w') as f:
FileNotFoundError: [Errno 2] No such file or directory: 'data/ticket.json'
[2022-11-03 20:16:42] [ERROR   ] discord.client: Ignoring exception in on_message_edit
Traceback (most recent call last):
  File "D:\pythonProject\Deadshot - ModMail\venv\lib\site-packages\discord\client.py", line 409, in _run_event
    await coro(*args, **kwargs)
  File "D:\pythonProject\Deadshot - ModMail\cogs\events.py", line 134, in on_message_edit
    with open('data/ticket.json', 'w') as f:
FileNotFoundError: [Errno 2] No such file or directory: 'data/ticket.json'
[2022-11-03 20:17:07] [ERROR   ] discord.client: Ignoring exception in on_message_edit
Traceback (most recent call last):
  File "D:\pythonProject\Deadshot - ModMail\venv\lib\site-packages\discord\client.py", line 409, in _run_event
    await coro(*args, **kwargs)
  File "D:\pythonProject\Deadshot - ModMail\cogs\events.py", line 134, in on_message_edit
    with open('data/ticket.json', 'w') as f:
FileNotFoundError: [Errno 2] No such file or directory: 'data/ticket.json'
[2022-11-03 20:17:20] [ERROR   ] discord.client: Ignoring exception in on_message_edit
Traceback (most recent call last):
  File "D:\pythonProject\Deadshot - ModMail\venv\lib\site-packages\discord\client.py", line 409, in _run_event
    await coro(*args, **kwargs)
  File "D:\pythonProject\Deadshot - ModMail\cogs\events.py", line 134, in on_message_edit
    with open('data/ticket.json', 'w') as f:
FileNotFoundError: [Errno 2] No such file or directory: 'data/ticket.json'
[2022-11-03 20:17:39] [ERROR   ] discord.client: Ignoring exception in on_message_edit
Traceback (most recent call last):
  File "D:\pythonProject\Deadshot - ModMail\venv\lib\site-packages\discord\client.py", line 409, in _run_event
    await coro(*args, **kwargs)
  File "D:\pythonProject\Deadshot - ModMail\cogs\events.py", line 134, in on_message_edit
    with open('data/ticket.json', 'w') as f:
FileNotFoundError: [Errno 2] No such file or directory: 'data/ticket.json'
[2022-11-03 20:17:49] [ERROR   ] discord.client: Ignoring exception in on_message_edit
Traceback (most recent call last):
  File "D:\pythonProject\Deadshot - ModMail\venv\lib\site-packages\discord\client.py", line 409, in _run_event
    await coro(*args, **kwargs)
  File "D:\pythonProject\Deadshot - ModMail\cogs\events.py", line 134, in on_message_edit
    with open('data/ticket.json', 'w') as f:
FileNotFoundError: [Errno 2] No such file or directory: 'data/ticket.json'
[2022-11-03 20:17:57] [ERROR   ] discord.client: Ignoring exception in on_message_edit
Traceback (most recent call last):
  File "D:\pythonProject\Deadshot - ModMail\venv\lib\site-packages\discord\client.py", line 409, in _run_event
    await coro(*args, **kwargs)
  File "D:\pythonProject\Deadshot - ModMail\cogs\events.py", line 134, in on_message_edit
    with open('data/ticket.json', 'w') as f:
FileNotFoundError: [Errno 2] No such file or directory: 'data/ticket.json'
[2022-11-03 20:18:24] [INFO    ] discord: Reloaded 'info' | Ausgeführt von Luca♛#7857
[2022-11-03 20:18:25] [ERROR   ] discord.client: Ignoring exception in on_message_edit
Traceback (most recent call last):
  File "D:\pythonProject\Deadshot - ModMail\venv\lib\site-packages\discord\client.py", line 409, in _run_event
    await coro(*args, **kwargs)
  File "D:\pythonProject\Deadshot - ModMail\cogs\events.py", line 134, in on_message_edit
    with open('data/ticket.json', 'w') as f:
FileNotFoundError: [Errno 2] No such file or directory: 'data/ticket.json'
[2022-11-03 20:18:35] [ERROR   ] discord.client: Ignoring exception in on_message_edit
Traceback (most recent call last):
  File "D:\pythonProject\Deadshot - ModMail\venv\lib\site-packages\discord\client.py", line 409, in _run_event
    await coro(*args, **kwargs)
  File "D:\pythonProject\Deadshot - ModMail\cogs\events.py", line 134, in on_message_edit
    with open('data/ticket.json', 'w') as f:
FileNotFoundError: [Errno 2] No such file or directory: 'data/ticket.json'
[2022-11-03 20:18:36] [ERROR   ] discord.client: Ignoring exception in on_message_edit
Traceback (most recent call last):
  File "D:\pythonProject\Deadshot - ModMail\venv\lib\site-packages\discord\client.py", line 409, in _run_event
    await coro(*args, **kwargs)
  File "D:\pythonProject\Deadshot - ModMail\cogs\events.py", line 134, in on_message_edit
    with open('data/ticket.json', 'w') as f:
FileNotFoundError: [Errno 2] No such file or directory: 'data/ticket.json'
[2022-11-03 20:18:42] [ERROR   ] discord.client: Ignoring exception in on_message_edit
Traceback (most recent call last):
  File "D:\pythonProject\Deadshot - ModMail\venv\lib\site-packages\discord\client.py", line 409, in _run_event
    await coro(*args, **kwargs)
  File "D:\pythonProject\Deadshot - ModMail\cogs\events.py", line 134, in on_message_edit
    with open('data/ticket.json', 'w') as f:
FileNotFoundError: [Errno 2] No such file or directory: 'data/ticket.json'
[2022-11-03 20:19:33] [INFO    ] discord: Reloaded 'events' | Ausgeführt von Luca♛#7857
[2022-11-03 20:20:24] [INFO    ] discord: Reloaded 'info' | Ausgeführt von Luca♛#7857
[2022-11-03 20:21:11] [INFO    ] discord: Reloaded 'info' | Ausgeführt von Luca♛#7857
[2022-11-03 20:22:13] [INFO    ] discord: Reloaded 'info' | Ausgeführt von Luca♛#7857
[2022-11-03 20:22:18] [ERROR   ] discord.ui.view: Ignoring exception in view <Button_Fuehrung timeout=180.0 children=3> for item <Button style=<ButtonStyle.secondary: 2> url=None disabled=False label=None emoji=<PartialEmoji animated=False name='DeadShotweiter' id=1037791915422253128> row=None>
Traceback (most recent call last):
  File "D:\pythonProject\Deadshot - ModMail\venv\lib\site-packages\discord\ui\view.py", line 425, in _scheduled_task
    await item.callback(interaction)
  File "D:\pythonProject\Deadshot - ModMail\cogs\info.py", line 63, in weiter
    counter = int(button_counter + int(1))
TypeError: can only concatenate str (not "int") to str
[2022-11-03 20:22:34] [INFO    ] discord: Reloaded 'info' | Ausgeführt von Luca♛#7857
[2022-11-03 20:23:27] [INFO    ] discord: Reloaded 'info' | Ausgeführt von Luca♛#7857
[2022-11-03 20:24:34] [INFO    ] discord: Reloaded 'info' | Ausgeführt von Luca♛#7857
[2022-11-03 20:25:44] [INFO    ] discord: Reloaded 'info' | Ausgeführt von Luca♛#7857
[2022-11-03 20:27:17] [INFO    ] discord: Reloaded 'info' | Ausgeführt von Luca♛#7857
[2022-11-03 20:27:23] [ERROR   ] discord.ui.view: Ignoring exception in view <Button_Fuehrung timeout=180.0 children=3> for item <Button style=<ButtonStyle.secondary: 2> url=None disabled=False label='1' emoji=<PartialEmoji animated=False name='DeadShotweiter' id=1037791915422253128> row=None>
Traceback (most recent call last):
  File "D:\pythonProject\Deadshot - ModMail\venv\lib\site-packages\discord\ui\view.py", line 425, in _scheduled_task
    await item.callback(interaction)
  File "D:\pythonProject\Deadshot - ModMail\cogs\info.py", line 74, in weiter
    await i.response.edit_mesage(view=self)
AttributeError: 'InteractionResponse' object has no attribute 'edit_mesage'
[2022-11-03 20:27:50] [INFO    ] discord: Reloaded 'info' | Ausgeführt von Luca♛#7857
[2022-11-03 20:27:56] [ERROR   ] discord.ui.view: Ignoring exception in view <Button_Fuehrung timeout=180.0 children=3> for item <Button style=<ButtonStyle.secondary: 2> url=None disabled=False label=None emoji=<PartialEmoji animated=False name='DeadShotweiter' id=1037791915422253128> row=None>
Traceback (most recent call last):
  File "D:\pythonProject\Deadshot - ModMail\venv\lib\site-packages\discord\ui\view.py", line 425, in _scheduled_task
    await item.callback(interaction)
  File "D:\pythonProject\Deadshot - ModMail\cogs\info.py", line 74, in weiter
    await i.response.edit_mesage(view=self)
AttributeError: 'InteractionResponse' object has no attribute 'edit_mesage'
[2022-11-03 20:32:10] [INFO    ] discord: Reloaded 'info' | Ausgeführt von Luca♛#7857
[2022-11-03 20:32:15] [ERROR   ] discord.ui.view: Ignoring exception in view <Button_Fuehrung timeout=180.0 children=3> for item <Button style=<ButtonStyle.secondary: 2> url=None disabled=False label=None emoji=<PartialEmoji animated=False name='DeadShotweiter' id=1037791915422253128> row=None>
Traceback (most recent call last):
  File "D:\pythonProject\Deadshot - ModMail\venv\lib\site-packages\discord\ui\view.py", line 425, in _scheduled_task
    await item.callback(interaction)
  File "D:\pythonProject\Deadshot - ModMail\cogs\info.py", line 74, in weiter
    await i.response.edit_mesage(view=self)
AttributeError: 'InteractionResponse' object has no attribute 'edit_mesage'
[2022-11-03 20:33:25] [INFO    ] discord: Reloaded 'info' | Ausgeführt von Luca♛#7857
[2022-11-03 20:33:31] [ERROR   ] discord.ui.view: Ignoring exception in view <Button_Fuehrung timeout=180.0 children=3> for item <Button style=<ButtonStyle.secondary: 2> url=None disabled=False label=None emoji=<PartialEmoji animated=False name='DeadShotweiter' id=1037791915422253128> row=None>
Traceback (most recent call last):
  File "D:\pythonProject\Deadshot - ModMail\venv\lib\site-packages\discord\ui\view.py", line 425, in _scheduled_task
    await item.callback(interaction)
  File "D:\pythonProject\Deadshot - ModMail\cogs\info.py", line 77, in weiter
    await self.response.edit(view=self)
AttributeError: 'NoneType' object has no attribute 'edit'
[2022-11-03 20:37:09] [INFO    ] discord: Reloaded 'info' | Ausgeführt von Luca♛#7857
[2022-11-03 20:37:16] [ERROR   ] discord.ui.view: Ignoring exception in view <Button_Fuehrung timeout=180.0 children=3> for item <Button style=<ButtonStyle.secondary: 2> url=None disabled=False label=None emoji=<PartialEmoji animated=False name='DeadShotweiter' id=1037791915422253128> row=None>
Traceback (most recent call last):
  File "D:\pythonProject\Deadshot - ModMail\venv\lib\site-packages\discord\ui\view.py", line 425, in _scheduled_task
    await item.callback(interaction)
  File "D:\pythonProject\Deadshot - ModMail\cogs\info.py", line 74, in weiter
    await self.response.edit(view=self)
AttributeError: 'Button_Fuehrung' object has no attribute 'response'
[2022-11-03 20:42:07] [INFO    ] discord: Reloaded 'info' | Ausgeführt von Luca♛#7857
[2022-11-03 20:42:30] [INFO    ] discord: Reloaded 'info' | Ausgeführt von Luca♛#7857
[2022-11-03 20:44:21] [INFO    ] discord: Reloaded 'info' | Ausgeführt von Luca♛#7857
[2022-11-03 20:44:28] [ERROR   ] discord.ui.view: Ignoring exception in view <Button_Fuehrung timeout=180.0 children=3> for item <Button style=<ButtonStyle.secondary: 2> url=None disabled=False label=None emoji=<PartialEmoji animated=False name='DeadShotZurck' id=1037760360276574228> row=None>
Traceback (most recent call last):
  File "D:\pythonProject\Deadshot - ModMail\venv\lib\site-packages\discord\ui\view.py", line 425, in _scheduled_task
    await item.callback(interaction)
  File "D:\pythonProject\Deadshot - ModMail\cogs\info.py", line 19, in zrueck
    counter = int(button_counter - 1)
TypeError: unsupported operand type(s) for -: 'str' and 'int'
[2022-11-03 20:44:33] [ERROR   ] discord.ui.view: Ignoring exception in view <Button_Fuehrung timeout=180.0 children=3> for item <Button style=<ButtonStyle.secondary: 2> url=None disabled=False label=None emoji=<PartialEmoji animated=False name='DeadShotZurck' id=1037760360276574228> row=None>
Traceback (most recent call last):
  File "D:\pythonProject\Deadshot - ModMail\venv\lib\site-packages\discord\ui\view.py", line 425, in _scheduled_task
    await item.callback(interaction)
  File "D:\pythonProject\Deadshot - ModMail\cogs\info.py", line 19, in zrueck
    counter = int(button_counter - 1)
TypeError: unsupported operand type(s) for -: 'str' and 'int'
[2022-11-03 20:44:50] [INFO    ] discord: Reloaded 'info' | Ausgeführt von Luca♛#7857
[2022-11-03 20:45:33] [INFO    ] discord: Reloaded 'info' | Ausgeführt von Luca♛#7857
[2022-11-03 20:46:19] [INFO    ] discord: Reloaded 'info' | Ausgeführt von Luca♛#7857
[2022-11-03 20:46:25] [ERROR   ] discord.ui.view: Ignoring exception in view <Button_Fuehrung timeout=180.0 children=3> for item <Button style=<ButtonStyle.secondary: 2> url=None disabled=False label=None emoji=<PartialEmoji animated=False name='DeadShotweiter' id=1037791915422253128> row=None>
Traceback (most recent call last):
  File "D:\pythonProject\Deadshot - ModMail\venv\lib\site-packages\discord\ui\view.py", line 425, in _scheduled_task
    await item.callback(interaction)
  File "D:\pythonProject\Deadshot - ModMail\cogs\info.py", line 55, in weiter
    counter = int(button_counter) + 1
ValueError: invalid literal for int() with base 10: 'Seite: 0'
[2022-11-03 20:47:27] [INFO    ] discord: Reloaded 'info' | Ausgeführt von Luca♛#7857
[2022-11-03 20:47:31] [ERROR   ] discord.ui.view: Ignoring exception in view <Button_Fuehrung timeout=180.0 children=3> for item <Button style=<ButtonStyle.secondary: 2> url=None disabled=False label=None emoji=<PartialEmoji animated=False name='DeadShotweiter' id=1037791915422253128> row=None>
Traceback (most recent call last):
  File "D:\pythonProject\Deadshot - ModMail\venv\lib\site-packages\discord\ui\view.py", line 425, in _scheduled_task
    await item.callback(interaction)
  File "D:\pythonProject\Deadshot - ModMail\cogs\info.py", line 55, in weiter
    counter = int(button_counter) + 1
TypeError: int() argument must be a string, a bytes-like object or a real number, not 'list'
[2022-11-03 20:47:43] [INFO    ] discord: Reloaded 'info' | Ausgeführt von Luca♛#7857
[2022-11-03 20:47:52] [ERROR   ] discord.ui.view: Ignoring exception in view <Button_Fuehrung timeout=180.0 children=3> for item <Button style=<ButtonStyle.secondary: 2> url=None disabled=False label=None emoji=<PartialEmoji animated=False name='DeadShotweiter' id=1037791915422253128> row=None>
Traceback (most recent call last):
  File "D:\pythonProject\Deadshot - ModMail\venv\lib\site-packages\discord\ui\view.py", line 425, in _scheduled_task
    await item.callback(interaction)
  File "D:\pythonProject\Deadshot - ModMail\cogs\info.py", line 56, in weiter
    counter = int(button_counter) + 1
TypeError: int() argument must be a string, a bytes-like object or a real number, not 'list'
[2022-11-03 20:48:07] [INFO    ] discord: Reloaded 'info' | Ausgeführt von Luca♛#7857
[2022-11-03 20:48:49] [INFO    ] discord: Reloaded 'info' | Ausgeführt von Luca♛#7857
[2022-11-03 20:49:37] [INFO    ] discord: Reloaded 'info' | Ausgeführt von Luca♛#7857
[2022-11-03 20:49:50] [INFO    ] discord: Reloaded 'info' | Ausgeführt von Luca♛#7857
[2022-11-03 20:51:07] [INFO    ] discord: Reloaded 'info' | Ausgeführt von Luca♛#7857
[2022-11-03 20:51:38] [INFO    ] discord: Reloaded 'info' | Ausgeführt von Luca♛#7857
[2022-11-03 20:52:19] [INFO    ] discord: Reloaded 'info' | Ausgeführt von Luca♛#7857
[2022-11-03 20:52:47] [INFO    ] discord: Reloaded 'info' | Ausgeführt von Luca♛#7857
[2022-11-03 20:54:55] [INFO    ] discord: Reloaded 'info' | Ausgeführt von Luca♛#7857
[2022-11-03 20:55:43] [INFO    ] discord: Reloaded 'info' | Ausgeführt von Luca♛#7857
[2022-11-03 21:03:52] [INFO    ] discord: Reloaded 'info' | Ausgeführt von Luca♛#7857
[2022-11-03 21:07:15] [INFO    ] discord: Reloaded 'info' | Ausgeführt von Luca♛#7857
[2022-11-03 21:08:04] [INFO    ] discord: Reloaded 'info' | Ausgeführt von Luca♛#7857
[2022-11-03 21:09:30] [INFO    ] discord: Reloaded 'info' | Ausgeführt von Luca♛#7857
[2022-11-03 21:11:24] [INFO    ] discord: Reloaded 'info' | Ausgeführt von Luca♛#7857
[2022-11-03 21:15:59] [ERROR   ] discord.app_commands.tree: Ignoring exception in command 'show'
Traceback (most recent call last):
  File "D:\pythonProject\Deadshot - ModMail\venv\lib\site-packages\discord\app_commands\commands.py", line 850, in _do_call
    return await self._callback(self.binding, interaction, **params)  # type: ignore
  File "D:\pythonProject\Deadshot - ModMail\cogs\settings.py", line 158, in show
    await interaction.response.send_message(embed=error_embed, ephemeral=True)
  File "D:\pythonProject\Deadshot - ModMail\venv\lib\site-packages\discord\interactions.py", line 692, in send_message
    raise InteractionResponded(self._parent)
discord.errors.InteractionResponded: This interaction has already been responded to before

The above exception was the direct cause of the following exception:

Traceback (most recent call last):
  File "D:\pythonProject\Deadshot - ModMail\venv\lib\site-packages\discord\app_commands\tree.py", line 1240, in _call
    await command._invoke_with_namespace(interaction, namespace)
  File "D:\pythonProject\Deadshot - ModMail\venv\lib\site-packages\discord\app_commands\commands.py", line 876, in _invoke_with_namespace
    return await self._do_call(interaction, transformed_values)
  File "D:\pythonProject\Deadshot - ModMail\venv\lib\site-packages\discord\app_commands\commands.py", line 869, in _do_call
    raise CommandInvokeError(self, e) from e
discord.app_commands.errors.CommandInvokeError: Command 'show' raised an exception: InteractionResponded: This interaction has already been responded to before
[2022-11-03 21:16:06] [INFO    ] discord: Reloaded 'info' | Ausgeführt von Luca♛#7857
[2022-11-03 21:17:10] [INFO    ] discord: Reloaded 'info' | Ausgeführt von Luca♛#7857
[2022-11-03 21:18:03] [INFO    ] discord: Reloaded 'info' | Ausgeführt von Luca♛#7857
[2022-11-03 21:20:50] [INFO    ] discord: Reloaded 'info' | Ausgeführt von Luca♛#7857
[2022-11-03 21:23:50] [INFO    ] discord: Reloaded 'info' | Ausgeführt von Luca♛#7857
[2022-11-03 21:24:42] [INFO    ] discord: Reloaded 'info' | Ausgeführt von Luca♛#7857
[2022-11-03 21:27:53] [INFO    ] discord: Reloaded 'info' | Ausgeführt von Luca♛#7857
[2022-11-04 12:41:27] [WARNING ] discord.client: PyNaCl is not installed, voice will NOT be supported
[2022-11-04 12:41:27] [INFO    ] discord.client: logging in using static token
[2022-11-04 12:41:29] [INFO    ] discord.gateway: Shard ID None has connected to Gateway (Session ID: 3b8a3e16c7b14cf3c850faef3555d1bb).
[2022-11-04 12:42:08] [WARNING ] discord.http: We are being rate limited. PUT https://discord.com/api/v10/channels/909501269759127602/messages/1038055626682683432/reactions/%3ADeadShotHacken%3A1034554637845532692/@me responded with 429. Retrying in 0.11 seconds.
[2022-11-04 12:43:46] [INFO    ] discord: Reloaded 'ModMail' | Ausgeführt von Luca♛#7857
[2022-11-04 12:57:42] [INFO    ] discord.gateway: Shard ID None has connected to Gateway (Session ID: 4aaa7fef2f5db2e0e1b962a1fa2c276b).
[2022-11-04 12:58:17] [ERROR   ] discord.ext.commands.bot: Ignoring exception in command global_ban
Traceback (most recent call last):
  File "D:\pythonProject\Deadshot - ModMail\venv\lib\site-packages\discord\ext\commands\core.py", line 190, in wrapped
    ret = await coro(*args, **kwargs)
  File "D:\pythonProject\Deadshot - ModMail\cogs\developer.py", line 95, in global_ban
    await cur.execute("INSERT INTO global_ban(userID, authorID) VALUES(%s, %s)", user.id, ctx.author.id)
TypeError: Cursor.execute() takes from 2 to 3 positional arguments but 4 were given

The above exception was the direct cause of the following exception:

Traceback (most recent call last):
  File "D:\pythonProject\Deadshot - ModMail\venv\lib\site-packages\discord\ext\commands\bot.py", line 1347, in invoke
    await ctx.command.invoke(ctx)
  File "D:\pythonProject\Deadshot - ModMail\venv\lib\site-packages\discord\ext\commands\core.py", line 986, in invoke
    await injected(*ctx.args, **ctx.kwargs)  # type: ignore
  File "D:\pythonProject\Deadshot - ModMail\venv\lib\site-packages\discord\ext\commands\core.py", line 199, in wrapped
    raise CommandInvokeError(exc) from exc
discord.ext.commands.errors.CommandInvokeError: Command raised an exception: TypeError: Cursor.execute() takes from 2 to 3 positional arguments but 4 were given
[2022-11-04 13:00:12] [INFO    ] discord.gateway: Shard ID None has connected to Gateway (Session ID: 6353183158cbe447d3ca18705127ca1f).
[2022-11-04 13:03:58] [INFO    ] discord: Reloaded 'ModMail' | Ausgeführt von Luca♛#7857
[2022-11-04 13:04:50] [INFO    ] discord.gateway: Shard ID None has connected to Gateway (Session ID: 8e8c986c3c40d4b34ae8513f77171cd8).
[2022-11-04 13:08:30] [INFO    ] discord: Reloaded 'events' | Ausgeführt von Luca♛#7857
[2022-11-04 13:08:36] [ERROR   ] discord.client: Ignoring exception in on_message_delete
Traceback (most recent call last):
  File "D:\pythonProject\Deadshot - ModMail\venv\lib\site-packages\discord\client.py", line 409, in _run_event
    await coro(*args, **kwargs)
  File "D:\pythonProject\Deadshot - ModMail\cogs\events.py", line 109, in on_message_delete
    des2 = msg.embeds[0].description
IndexError: list index out of range
[2022-11-04 13:08:36] [ERROR   ] discord.client: Ignoring exception in on_message_delete
Traceback (most recent call last):
  File "D:\pythonProject\Deadshot - ModMail\venv\lib\site-packages\discord\client.py", line 409, in _run_event
    await coro(*args, **kwargs)
  File "D:\pythonProject\Deadshot - ModMail\cogs\events.py", line 39, in on_message_delete
    await cur.execute("SELECT ticketID FROM setup WHERE authorID = (%s)", message.author.id)
  File "D:\pythonProject\Deadshot - ModMail\venv\lib\site-packages\aiomysql\cursors.py", line 239, in execute
    await self._query(query)
  File "D:\pythonProject\Deadshot - ModMail\venv\lib\site-packages\aiomysql\cursors.py", line 457, in _query
    await conn.query(q)
  File "D:\pythonProject\Deadshot - ModMail\venv\lib\site-packages\aiomysql\connection.py", line 469, in query
    await self._read_query_result(unbuffered=unbuffered)
  File "D:\pythonProject\Deadshot - ModMail\venv\lib\site-packages\aiomysql\connection.py", line 672, in _read_query_result
    await result.read()
  File "D:\pythonProject\Deadshot - ModMail\venv\lib\site-packages\aiomysql\connection.py", line 1153, in read
    first_packet = await self.connection._read_packet()
  File "D:\pythonProject\Deadshot - ModMail\venv\lib\site-packages\aiomysql\connection.py", line 641, in _read_packet
    packet.raise_for_error()
  File "D:\pythonProject\Deadshot - ModMail\venv\lib\site-packages\pymysql\protocol.py", line 221, in raise_for_error
    err.raise_mysql_exception(self._data)
  File "D:\pythonProject\Deadshot - ModMail\venv\lib\site-packages\pymysql\err.py", line 143, in raise_mysql_exception
    raise errorclass(errno, errval)
pymysql.err.OperationalError: (1054, "Unknown column 'ticketID' in 'field list'")
[2022-11-04 13:08:43] [ERROR   ] discord.client: Ignoring exception in on_message_delete
Traceback (most recent call last):
  File "D:\pythonProject\Deadshot - ModMail\venv\lib\site-packages\discord\client.py", line 409, in _run_event
    await coro(*args, **kwargs)
  File "D:\pythonProject\Deadshot - ModMail\cogs\events.py", line 39, in on_message_delete
    await cur.execute("SELECT ticketID FROM setup WHERE authorID = (%s)", message.author.id)
  File "D:\pythonProject\Deadshot - ModMail\venv\lib\site-packages\aiomysql\cursors.py", line 239, in execute
    await self._query(query)
  File "D:\pythonProject\Deadshot - ModMail\venv\lib\site-packages\aiomysql\cursors.py", line 457, in _query
    await conn.query(q)
  File "D:\pythonProject\Deadshot - ModMail\venv\lib\site-packages\aiomysql\connection.py", line 469, in query
    await self._read_query_result(unbuffered=unbuffered)
  File "D:\pythonProject\Deadshot - ModMail\venv\lib\site-packages\aiomysql\connection.py", line 672, in _read_query_result
    await result.read()
  File "D:\pythonProject\Deadshot - ModMail\venv\lib\site-packages\aiomysql\connection.py", line 1153, in read
    first_packet = await self.connection._read_packet()
  File "D:\pythonProject\Deadshot - ModMail\venv\lib\site-packages\aiomysql\connection.py", line 641, in _read_packet
    packet.raise_for_error()
  File "D:\pythonProject\Deadshot - ModMail\venv\lib\site-packages\pymysql\protocol.py", line 221, in raise_for_error
    err.raise_mysql_exception(self._data)
  File "D:\pythonProject\Deadshot - ModMail\venv\lib\site-packages\pymysql\err.py", line 143, in raise_mysql_exception
    raise errorclass(errno, errval)
pymysql.err.OperationalError: (1054, "Unknown column 'ticketID' in 'field list'")
[2022-11-04 13:09:06] [INFO    ] discord: Reloaded 'events' | Ausgeführt von Luca♛#7857
[2022-11-04 13:09:10] [ERROR   ] discord.client: Ignoring exception in on_message_edit
Traceback (most recent call last):
  File "D:\pythonProject\Deadshot - ModMail\venv\lib\site-packages\discord\client.py", line 409, in _run_event
    await coro(*args, **kwargs)
  File "D:\pythonProject\Deadshot - ModMail\cogs\events.py", line 129, in on_message_edit
    with open('data/ticket.json', 'w') as f:
FileNotFoundError: [Errno 2] No such file or directory: 'data/ticket.json'
[2022-11-04 13:09:10] [ERROR   ] discord.client: Ignoring exception in on_message_edit
Traceback (most recent call last):
  File "D:\pythonProject\Deadshot - ModMail\venv\lib\site-packages\discord\client.py", line 409, in _run_event
    await coro(*args, **kwargs)
  File "D:\pythonProject\Deadshot - ModMail\cogs\events.py", line 129, in on_message_edit
    with open('data/ticket.json', 'w') as f:
FileNotFoundError: [Errno 2] No such file or directory: 'data/ticket.json'
[2022-11-04 13:09:44] [INFO    ] discord: Reloaded 'events' | Ausgeführt von Luca♛#7857
[2022-11-04 13:09:51] [ERROR   ] discord.client: Ignoring exception in on_message_edit
Traceback (most recent call last):
  File "D:\pythonProject\Deadshot - ModMail\venv\lib\site-packages\discord\client.py", line 409, in _run_event
    await coro(*args, **kwargs)
  File "D:\pythonProject\Deadshot - ModMail\cogs\events.py", line 121, in on_message_edit
    with open('data/ticket.json', 'w') as f:
FileNotFoundError: [Errno 2] No such file or directory: 'data/ticket.json'
[2022-11-04 13:11:16] [ERROR   ] discord.client: Ignoring exception in on_message_edit
Traceback (most recent call last):
  File "D:\pythonProject\Deadshot - ModMail\venv\lib\site-packages\discord\client.py", line 409, in _run_event
    await coro(*args, **kwargs)
  File "D:\pythonProject\Deadshot - ModMail\cogs\events.py", line 121, in on_message_edit
    return
FileNotFoundError: [Errno 2] No such file or directory: 'data/ticket.json'
[2022-11-04 13:11:29] [INFO    ] discord: Reloaded 'events' | Ausgeführt von Luca♛#7857
[2022-11-04 13:11:34] [ERROR   ] discord.client: Ignoring exception in on_message_edit
Traceback (most recent call last):
  File "D:\pythonProject\Deadshot - ModMail\venv\lib\site-packages\discord\client.py", line 409, in _run_event
    await coro(*args, **kwargs)
  File "D:\pythonProject\Deadshot - ModMail\cogs\events.py", line 123, in on_message_edit
    await cur.execute("SELECT ticketID FROM setup WHERE authorID = (%s)", message.author.id)
  File "D:\pythonProject\Deadshot - ModMail\venv\lib\site-packages\aiomysql\cursors.py", line 239, in execute
    await self._query(query)
  File "D:\pythonProject\Deadshot - ModMail\venv\lib\site-packages\aiomysql\cursors.py", line 457, in _query
    await conn.query(q)
  File "D:\pythonProject\Deadshot - ModMail\venv\lib\site-packages\aiomysql\connection.py", line 469, in query
    await self._read_query_result(unbuffered=unbuffered)
  File "D:\pythonProject\Deadshot - ModMail\venv\lib\site-packages\aiomysql\connection.py", line 672, in _read_query_result
    await result.read()
  File "D:\pythonProject\Deadshot - ModMail\venv\lib\site-packages\aiomysql\connection.py", line 1153, in read
    first_packet = await self.connection._read_packet()
  File "D:\pythonProject\Deadshot - ModMail\venv\lib\site-packages\aiomysql\connection.py", line 641, in _read_packet
    packet.raise_for_error()
  File "D:\pythonProject\Deadshot - ModMail\venv\lib\site-packages\pymysql\protocol.py", line 221, in raise_for_error
    err.raise_mysql_exception(self._data)
  File "D:\pythonProject\Deadshot - ModMail\venv\lib\site-packages\pymysql\err.py", line 143, in raise_mysql_exception
    raise errorclass(errno, errval)
pymysql.err.OperationalError: (1054, "Unknown column 'ticketID' in 'field list'")
[2022-11-04 13:11:58] [INFO    ] discord: Reloaded 'events' | Ausgeführt von Luca♛#7857
[2022-11-04 13:16:21] [INFO    ] discord: Reloaded 'info' | Ausgeführt von Luca♛#7857
[2022-11-04 13:20:59] [INFO    ] discord: Reloaded 'prefix' | Ausgeführt von Luca♛#7857
[2022-11-04 14:56:37] [INFO    ] discord.gateway: Shard ID None has successfully RESUMED session 8e8c986c3c40d4b34ae8513f77171cd8.
[2022-11-04 15:55:15] [INFO    ] discord: Reloaded 'info' | Ausgeführt von Luca♛#7857
[2022-11-04 15:55:16] [ERROR   ] discord.app_commands.tree: Ignoring exception in command 'reload'
Traceback (most recent call last):
  File "D:\pythonProject\Deadshot - ModMail\venv\lib\site-packages\discord\app_commands\commands.py", line 850, in _do_call
    return await self._callback(self.binding, interaction, **params)  # type: ignore
  File "D:\pythonProject\Deadshot - ModMail\cogs\developer.py", line 69, in reload
    await interaction.response.send_message(embed=embed, ephemeral=True)
  File "D:\pythonProject\Deadshot - ModMail\venv\lib\site-packages\discord\interactions.py", line 718, in send_message
    await adapter.create_interaction_response(
  File "D:\pythonProject\Deadshot - ModMail\venv\lib\site-packages\discord\webhook\async_.py", line 219, in request
    raise NotFound(response, data)
discord.errors.NotFound: 404 Not Found (error code: 10062): Unknown interaction

The above exception was the direct cause of the following exception:

Traceback (most recent call last):
  File "D:\pythonProject\Deadshot - ModMail\venv\lib\site-packages\discord\app_commands\tree.py", line 1240, in _call
    await command._invoke_with_namespace(interaction, namespace)
  File "D:\pythonProject\Deadshot - ModMail\venv\lib\site-packages\discord\app_commands\commands.py", line 876, in _invoke_with_namespace
    return await self._do_call(interaction, transformed_values)
  File "D:\pythonProject\Deadshot - ModMail\venv\lib\site-packages\discord\app_commands\commands.py", line 869, in _do_call
    raise CommandInvokeError(self, e) from e
discord.app_commands.errors.CommandInvokeError: Command 'reload' raised an exception: NotFound: 404 Not Found (error code: 10062): Unknown interaction
[2022-11-04 15:55:23] [INFO    ] discord: Es wurden 1 Befehle synchronisiert. | Ausgeführt von Luca♛#7857
[2022-11-04 15:55:25] [INFO    ] discord: Reloaded 'info' | Ausgeführt von Luca♛#7857
[2022-11-04 16:22:29] [INFO    ] discord.gateway: Shard ID None has successfully RESUMED session 8e8c986c3c40d4b34ae8513f77171cd8.
[2022-11-04 16:54:32] [INFO    ] discord.gateway: Shard ID None has successfully RESUMED session 8e8c986c3c40d4b34ae8513f77171cd8.
[2022-11-04 17:16:20] [INFO    ] discord.gateway: Shard ID None has successfully RESUMED session 8e8c986c3c40d4b34ae8513f77171cd8.
[2022-11-04 18:03:13] [INFO    ] discord.gateway: Shard ID None has successfully RESUMED session 8e8c986c3c40d4b34ae8513f77171cd8.
[2022-11-04 18:11:08] [ERROR   ] discord.app_commands.tree: Ignoring exception in command 'reload'
Traceback (most recent call last):
  File "D:\pythonProject\Deadshot - ModMail\venv\lib\site-packages\discord\ext\commands\bot.py", line 934, in _load_from_module_spec
    spec.loader.exec_module(lib)  # type: ignore
  File "<frozen importlib._bootstrap_external>", line 879, in exec_module
  File "<frozen importlib._bootstrap_external>", line 1017, in get_code
  File "<frozen importlib._bootstrap_external>", line 947, in source_to_code
  File "<frozen importlib._bootstrap>", line 241, in _call_with_frames_removed
  File "D:\pythonProject\Deadshot - ModMail\cogs\ModMail.py", line 584
    await cur.execute("DELETE FROM tickets WHERE authorID = (%s)", int(interaction.user.id)
                     ^
SyntaxError: '(' was never closed

The above exception was the direct cause of the following exception:

Traceback (most recent call last):
  File "D:\pythonProject\Deadshot - ModMail\cogs\developer.py", line 56, in reload
    await self.bot.reload_extension(f"cogs.{datei.value}")
  File "D:\pythonProject\Deadshot - ModMail\venv\lib\site-packages\discord\ext\commands\bot.py", line 1114, in reload_extension
    await self.load_extension(name)
  File "D:\pythonProject\Deadshot - ModMail\venv\lib\site-packages\discord\ext\commands\bot.py", line 1012, in load_extension
    await self._load_from_module_spec(spec, name)
  File "D:\pythonProject\Deadshot - ModMail\venv\lib\site-packages\discord\ext\commands\bot.py", line 937, in _load_from_module_spec
    raise errors.ExtensionFailed(key, e) from e
discord.ext.commands.errors.ExtensionFailed: Extension 'cogs.ModMail' raised an error: SyntaxError: '(' was never closed (ModMail.py, line 584)

During handling of the above exception, another exception occurred:

Traceback (most recent call last):
  File "D:\pythonProject\Deadshot - ModMail\venv\lib\site-packages\discord\app_commands\commands.py", line 850, in _do_call
    return await self._callback(self.binding, interaction, **params)  # type: ignore
  File "D:\pythonProject\Deadshot - ModMail\cogs\developer.py", line 60, in reload
    await self.bot.load_extension(f"cogs.{datei.value}")
  File "D:\pythonProject\Deadshot - ModMail\venv\lib\site-packages\discord\ext\commands\bot.py", line 1006, in load_extension
    raise errors.ExtensionAlreadyLoaded(name)
discord.ext.commands.errors.ExtensionAlreadyLoaded: Extension 'cogs.ModMail' is already loaded.

The above exception was the direct cause of the following exception:

Traceback (most recent call last):
  File "D:\pythonProject\Deadshot - ModMail\venv\lib\site-packages\discord\app_commands\tree.py", line 1240, in _call
    await command._invoke_with_namespace(interaction, namespace)
  File "D:\pythonProject\Deadshot - ModMail\venv\lib\site-packages\discord\app_commands\commands.py", line 876, in _invoke_with_namespace
    return await self._do_call(interaction, transformed_values)
  File "D:\pythonProject\Deadshot - ModMail\venv\lib\site-packages\discord\app_commands\commands.py", line 869, in _do_call
    raise CommandInvokeError(self, e) from e
discord.app_commands.errors.CommandInvokeError: Command 'reload' raised an exception: ExtensionAlreadyLoaded: Extension 'cogs.ModMail' is already loaded.
[2022-11-04 18:11:13] [INFO    ] discord: Es wurden 1 Befehle synchronisiert. | Ausgeführt von Luca♛#7857
[2022-11-04 18:11:17] [ERROR   ] discord.app_commands.tree: Ignoring exception in command 'reload'
Traceback (most recent call last):
  File "D:\pythonProject\Deadshot - ModMail\venv\lib\site-packages\discord\ext\commands\bot.py", line 934, in _load_from_module_spec
    spec.loader.exec_module(lib)  # type: ignore
  File "<frozen importlib._bootstrap_external>", line 879, in exec_module
  File "<frozen importlib._bootstrap_external>", line 1017, in get_code
  File "<frozen importlib._bootstrap_external>", line 947, in source_to_code
  File "<frozen importlib._bootstrap>", line 241, in _call_with_frames_removed
  File "D:\pythonProject\Deadshot - ModMail\cogs\ModMail.py", line 584
    await cur.execute("DELETE FROM tickets WHERE authorID = (%s)", int(interaction.user.id)
                     ^
SyntaxError: '(' was never closed

The above exception was the direct cause of the following exception:

Traceback (most recent call last):
  File "D:\pythonProject\Deadshot - ModMail\cogs\developer.py", line 56, in reload
    await self.bot.reload_extension(f"cogs.{datei.value}")
  File "D:\pythonProject\Deadshot - ModMail\venv\lib\site-packages\discord\ext\commands\bot.py", line 1114, in reload_extension
    await self.load_extension(name)
  File "D:\pythonProject\Deadshot - ModMail\venv\lib\site-packages\discord\ext\commands\bot.py", line 1012, in load_extension
    await self._load_from_module_spec(spec, name)
  File "D:\pythonProject\Deadshot - ModMail\venv\lib\site-packages\discord\ext\commands\bot.py", line 937, in _load_from_module_spec
    raise errors.ExtensionFailed(key, e) from e
discord.ext.commands.errors.ExtensionFailed: Extension 'cogs.ModMail' raised an error: SyntaxError: '(' was never closed (ModMail.py, line 584)

During handling of the above exception, another exception occurred:

Traceback (most recent call last):
  File "D:\pythonProject\Deadshot - ModMail\venv\lib\site-packages\discord\app_commands\commands.py", line 850, in _do_call
    return await self._callback(self.binding, interaction, **params)  # type: ignore
  File "D:\pythonProject\Deadshot - ModMail\cogs\developer.py", line 60, in reload
    await self.bot.load_extension(f"cogs.{datei.value}")
  File "D:\pythonProject\Deadshot - ModMail\venv\lib\site-packages\discord\ext\commands\bot.py", line 1006, in load_extension
    raise errors.ExtensionAlreadyLoaded(name)
discord.ext.commands.errors.ExtensionAlreadyLoaded: Extension 'cogs.ModMail' is already loaded.

The above exception was the direct cause of the following exception:

Traceback (most recent call last):
  File "D:\pythonProject\Deadshot - ModMail\venv\lib\site-packages\discord\app_commands\tree.py", line 1240, in _call
    await command._invoke_with_namespace(interaction, namespace)
  File "D:\pythonProject\Deadshot - ModMail\venv\lib\site-packages\discord\app_commands\commands.py", line 876, in _invoke_with_namespace
    return await self._do_call(interaction, transformed_values)
  File "D:\pythonProject\Deadshot - ModMail\venv\lib\site-packages\discord\app_commands\commands.py", line 869, in _do_call
    raise CommandInvokeError(self, e) from e
discord.app_commands.errors.CommandInvokeError: Command 'reload' raised an exception: ExtensionAlreadyLoaded: Extension 'cogs.ModMail' is already loaded.
[2022-11-04 18:11:44] [INFO    ] discord: Reloaded 'ModMail' | Ausgeführt von Luca♛#7857
[2022-11-04 18:12:30] [INFO    ] discord: Reloaded 'ModMail' | Ausgeführt von Luca♛#7857
[2022-11-04 19:21:18] [INFO    ] discord.gateway: Shard ID None has successfully RESUMED session 8e8c986c3c40d4b34ae8513f77171cd8.
[2022-11-04 19:48:12] [INFO    ] discord.gateway: Shard ID None has successfully RESUMED session 8e8c986c3c40d4b34ae8513f77171cd8.
[2022-11-04 19:54:07] [INFO    ] discord.gateway: Shard ID None has successfully RESUMED session 8e8c986c3c40d4b34ae8513f77171cd8.
[2022-11-04 22:06:52] [ERROR   ] discord.ext.commands.bot: Ignoring exception in command None
discord.ext.commands.errors.CommandNotFound: Command "global_unban" is not found
[2022-11-04 22:07:12] [INFO    ] discord.gateway: Shard ID None has connected to Gateway (Session ID: e55916f270e730148cf5d08505b9638e).
[2022-11-04 22:07:56] [INFO    ] discord.gateway: Shard ID None has connected to Gateway (Session ID: 749ebe317c4e2e9c248ffec22db4bd36).
[2022-11-04 22:09:13] [ERROR   ] discord.ext.commands.bot: Ignoring exception in command global_unban
Traceback (most recent call last):
  File "D:\pythonProject\Deadshot - ModMail\venv\lib\site-packages\discord\ext\commands\core.py", line 190, in wrapped
    ret = await coro(*args, **kwargs)
  File "D:\pythonProject\Deadshot - ModMail\cogs\developer.py", line 110, in global_unban
    await cur.execute("DELETE FROM global_ban WHERE userID", user.id)
  File "D:\pythonProject\Deadshot - ModMail\venv\lib\site-packages\aiomysql\cursors.py", line 237, in execute
    query = query % self._escape_args(args, conn)
TypeError: not all arguments converted during string formatting

The above exception was the direct cause of the following exception:

Traceback (most recent call last):
  File "D:\pythonProject\Deadshot - ModMail\venv\lib\site-packages\discord\ext\commands\bot.py", line 1347, in invoke
    await ctx.command.invoke(ctx)
  File "D:\pythonProject\Deadshot - ModMail\venv\lib\site-packages\discord\ext\commands\core.py", line 986, in invoke
    await injected(*ctx.args, **ctx.kwargs)  # type: ignore
  File "D:\pythonProject\Deadshot - ModMail\venv\lib\site-packages\discord\ext\commands\core.py", line 199, in wrapped
    raise CommandInvokeError(exc) from exc
discord.ext.commands.errors.CommandInvokeError: Command raised an exception: TypeError: not all arguments converted during string formatting
[2022-11-04 22:09:21] [ERROR   ] discord.ext.commands.bot: Ignoring exception in command global_unban
Traceback (most recent call last):
  File "D:\pythonProject\Deadshot - ModMail\venv\lib\site-packages\discord\ext\commands\core.py", line 190, in wrapped
    ret = await coro(*args, **kwargs)
  File "D:\pythonProject\Deadshot - ModMail\cogs\developer.py", line 110, in global_unban
    await cur.execute("DELETE FROM global_ban WHERE userID", user.id)
  File "D:\pythonProject\Deadshot - ModMail\venv\lib\site-packages\aiomysql\cursors.py", line 237, in execute
    query = query % self._escape_args(args, conn)
TypeError: not all arguments converted during string formatting

The above exception was the direct cause of the following exception:

Traceback (most recent call last):
  File "D:\pythonProject\Deadshot - ModMail\venv\lib\site-packages\discord\ext\commands\bot.py", line 1347, in invoke
    await ctx.command.invoke(ctx)
  File "D:\pythonProject\Deadshot - ModMail\venv\lib\site-packages\discord\ext\commands\core.py", line 986, in invoke
    await injected(*ctx.args, **ctx.kwargs)  # type: ignore
  File "D:\pythonProject\Deadshot - ModMail\venv\lib\site-packages\discord\ext\commands\core.py", line 199, in wrapped
    raise CommandInvokeError(exc) from exc
discord.ext.commands.errors.CommandInvokeError: Command raised an exception: TypeError: not all arguments converted during string formatting
[2022-11-04 22:12:08] [ERROR   ] discord.ext.commands.bot: Ignoring exception in command global_unban
Traceback (most recent call last):
  File "D:\pythonProject\Deadshot - ModMail\venv\lib\site-packages\discord\ext\commands\core.py", line 190, in wrapped
    ret = await coro(*args, **kwargs)
  File "D:\pythonProject\Deadshot - ModMail\cogs\developer.py", line 110, in global_unban
    await cur.execute("DELETE FROM global_ban WHERE userID", user.id)
  File "D:\pythonProject\Deadshot - ModMail\venv\lib\site-packages\aiomysql\cursors.py", line 237, in execute
    query = query % self._escape_args(args, conn)
TypeError: not all arguments converted during string formatting

The above exception was the direct cause of the following exception:

Traceback (most recent call last):
  File "D:\pythonProject\Deadshot - ModMail\venv\lib\site-packages\discord\ext\commands\bot.py", line 1347, in invoke
    await ctx.command.invoke(ctx)
  File "D:\pythonProject\Deadshot - ModMail\venv\lib\site-packages\discord\ext\commands\core.py", line 986, in invoke
    await injected(*ctx.args, **ctx.kwargs)  # type: ignore
  File "D:\pythonProject\Deadshot - ModMail\venv\lib\site-packages\discord\ext\commands\core.py", line 199, in wrapped
    raise CommandInvokeError(exc) from exc
discord.ext.commands.errors.CommandInvokeError: Command raised an exception: TypeError: not all arguments converted during string formatting
[2022-11-04 22:13:12] [ERROR   ] discord.ext.commands.bot: Ignoring exception in command global_unban
Traceback (most recent call last):
  File "D:\pythonProject\Deadshot - ModMail\venv\lib\site-packages\discord\ext\commands\core.py", line 190, in wrapped
    ret = await coro(*args, **kwargs)
  File "D:\pythonProject\Deadshot - ModMail\cogs\developer.py", line 110, in global_unban
    await cur.execute("DELETE FROM global_ban WHERE userID", int(user.id))
  File "D:\pythonProject\Deadshot - ModMail\venv\lib\site-packages\aiomysql\cursors.py", line 237, in execute
    query = query % self._escape_args(args, conn)
TypeError: not all arguments converted during string formatting

The above exception was the direct cause of the following exception:

Traceback (most recent call last):
  File "D:\pythonProject\Deadshot - ModMail\venv\lib\site-packages\discord\ext\commands\bot.py", line 1347, in invoke
    await ctx.command.invoke(ctx)
  File "D:\pythonProject\Deadshot - ModMail\venv\lib\site-packages\discord\ext\commands\core.py", line 986, in invoke
    await injected(*ctx.args, **ctx.kwargs)  # type: ignore
  File "D:\pythonProject\Deadshot - ModMail\venv\lib\site-packages\discord\ext\commands\core.py", line 199, in wrapped
    raise CommandInvokeError(exc) from exc
discord.ext.commands.errors.CommandInvokeError: Command raised an exception: TypeError: not all arguments converted during string formatting
[2022-11-04 22:14:52] [INFO    ] discord.gateway: Shard ID None has connected to Gateway (Session ID: ef02d12e5b366e68b12212be4827d2bb).
[2022-11-04 22:14:56] [ERROR   ] discord.ext.commands.bot: Ignoring exception in command global_unban
Traceback (most recent call last):
  File "D:\pythonProject\Deadshot - ModMail\venv\lib\site-packages\discord\ext\commands\core.py", line 190, in wrapped
    ret = await coro(*args, **kwargs)
  File "D:\pythonProject\Deadshot - ModMail\cogs\developer.py", line 111, in global_unban
    await cur.execute("DELETE FROM global_ban WHERE userID", user.id)
  File "D:\pythonProject\Deadshot - ModMail\venv\lib\site-packages\aiomysql\cursors.py", line 237, in execute
    query = query % self._escape_args(args, conn)
TypeError: not all arguments converted during string formatting

The above exception was the direct cause of the following exception:

Traceback (most recent call last):
  File "D:\pythonProject\Deadshot - ModMail\venv\lib\site-packages\discord\ext\commands\bot.py", line 1347, in invoke
    await ctx.command.invoke(ctx)
  File "D:\pythonProject\Deadshot - ModMail\venv\lib\site-packages\discord\ext\commands\core.py", line 986, in invoke
    await injected(*ctx.args, **ctx.kwargs)  # type: ignore
  File "D:\pythonProject\Deadshot - ModMail\venv\lib\site-packages\discord\ext\commands\core.py", line 199, in wrapped
    raise CommandInvokeError(exc) from exc
discord.ext.commands.errors.CommandInvokeError: Command raised an exception: TypeError: not all arguments converted during string formatting
[2022-11-04 22:15:26] [INFO    ] discord.gateway: Shard ID None has connected to Gateway (Session ID: fd9964eca415bbbcde9776143a76c2f5).
[2022-11-04 23:07:19] [INFO    ] discord: Reloaded 'info' | Ausgeführt von Luca♛#7857
[2022-11-04 23:07:26] [ERROR   ] discord.app_commands.tree: Ignoring exception in command 'ticketinfo'
Traceback (most recent call last):
  File "D:\pythonProject\Deadshot - ModMail\venv\lib\site-packages\discord\app_commands\commands.py", line 850, in _do_call
    return await self._callback(self.binding, interaction, **params)  # type: ignore
  File "D:\pythonProject\Deadshot - ModMail\cogs\info.py", line 424, in ticket_info
    await interaction.response.send_message(embed=embed).defer(thinking=True)
AttributeError: 'coroutine' object has no attribute 'defer'

The above exception was the direct cause of the following exception:

Traceback (most recent call last):
  File "D:\pythonProject\Deadshot - ModMail\venv\lib\site-packages\discord\app_commands\tree.py", line 1240, in _call
    await command._invoke_with_namespace(interaction, namespace)
  File "D:\pythonProject\Deadshot - ModMail\venv\lib\site-packages\discord\app_commands\commands.py", line 876, in _invoke_with_namespace
    return await self._do_call(interaction, transformed_values)
  File "D:\pythonProject\Deadshot - ModMail\venv\lib\site-packages\discord\app_commands\commands.py", line 869, in _do_call
    raise CommandInvokeError(self, e) from e
discord.app_commands.errors.CommandInvokeError: Command 'ticketinfo' raised an exception: AttributeError: 'coroutine' object has no attribute 'defer'
[2022-11-04 23:13:02] [INFO    ] discord: Reloaded 'info' | Ausgeführt von Luca♛#7857
[2022-11-04 23:13:06] [ERROR   ] discord.app_commands.tree: Ignoring exception in command 'ticketinfo'
Traceback (most recent call last):
  File "D:\pythonProject\Deadshot - ModMail\venv\lib\site-packages\discord\app_commands\commands.py", line 850, in _do_call
    return await self._callback(self.binding, interaction, **params)  # type: ignore
  File "D:\pythonProject\Deadshot - ModMail\cogs\info.py", line 424, in ticket_info
    await interaction.response.deferred_channel_message(embed=embed, thinking=True)
AttributeError: 'InteractionResponse' object has no attribute 'deferred_channel_message'

The above exception was the direct cause of the following exception:

Traceback (most recent call last):
  File "D:\pythonProject\Deadshot - ModMail\venv\lib\site-packages\discord\app_commands\tree.py", line 1240, in _call
    await command._invoke_with_namespace(interaction, namespace)
  File "D:\pythonProject\Deadshot - ModMail\venv\lib\site-packages\discord\app_commands\commands.py", line 876, in _invoke_with_namespace
    return await self._do_call(interaction, transformed_values)
  File "D:\pythonProject\Deadshot - ModMail\venv\lib\site-packages\discord\app_commands\commands.py", line 869, in _do_call
    raise CommandInvokeError(self, e) from e
discord.app_commands.errors.CommandInvokeError: Command 'ticketinfo' raised an exception: AttributeError: 'InteractionResponse' object has no attribute 'deferred_channel_message'
[2022-11-04 23:18:12] [INFO    ] discord: Reloaded 'info' | Ausgeführt von Luca♛#7857
[2022-11-04 23:18:26] [ERROR   ] discord.app_commands.tree: Ignoring exception in command 'ticketinfo'
Traceback (most recent call last):
  File "D:\pythonProject\Deadshot - ModMail\venv\lib\site-packages\discord\app_commands\commands.py", line 850, in _do_call
    return await self._callback(self.binding, interaction, **params)  # type: ignore
  File "D:\pythonProject\Deadshot - ModMail\cogs\info.py", line 426, in ticket_info
    await interaction.followup.send_message(embed=embed)
AttributeError: 'Webhook' object has no attribute 'send_message'

The above exception was the direct cause of the following exception:

Traceback (most recent call last):
  File "D:\pythonProject\Deadshot - ModMail\venv\lib\site-packages\discord\app_commands\tree.py", line 1240, in _call
    await command._invoke_with_namespace(interaction, namespace)
  File "D:\pythonProject\Deadshot - ModMail\venv\lib\site-packages\discord\app_commands\commands.py", line 876, in _invoke_with_namespace
    return await self._do_call(interaction, transformed_values)
  File "D:\pythonProject\Deadshot - ModMail\venv\lib\site-packages\discord\app_commands\commands.py", line 869, in _do_call
    raise CommandInvokeError(self, e) from e
discord.app_commands.errors.CommandInvokeError: Command 'ticketinfo' raised an exception: AttributeError: 'Webhook' object has no attribute 'send_message'
[2022-11-04 23:18:53] [INFO    ] discord: Reloaded 'info' | Ausgeführt von Luca♛#7857
[2022-11-04 23:31:26] [INFO    ] discord.gateway: Shard ID None has successfully RESUMED session fd9964eca415bbbcde9776143a76c2f5.
[2022-11-05 09:23:03] [INFO    ] discord.gateway: Shard ID None has connected to Gateway (Session ID: 8a034660c670a958f387e9acaa634d98).
[2022-11-05 10:50:47] [INFO    ] discord.gateway: Shard ID None has successfully RESUMED session 8a034660c670a958f387e9acaa634d98.
[2022-11-05 12:41:11] [INFO    ] discord.gateway: Shard ID None has successfully RESUMED session 8a034660c670a958f387e9acaa634d98.
[2022-11-05 14:48:52] [INFO    ] discord: Reloaded 'ModMail' | Ausgeführt von Luca♛#7857
[2022-11-05 14:49:44] [INFO    ] discord: Reloaded 'ModMail' | Ausgeführt von Luca♛#7857
[2022-11-05 14:50:19] [INFO    ] discord: Reloaded 'ModMail' | Ausgeführt von Luca♛#7857
[2022-11-05 14:51:21] [INFO    ] discord: Reloaded 'ModMail' | Ausgeführt von Luca♛#7857
[2022-11-05 14:52:24] [INFO    ] discord: Reloaded 'ModMail' | Ausgeführt von Luca♛#7857
[2022-11-05 15:01:42] [INFO    ] discord: Reloaded 'ModMail' | Ausgeführt von Luca♛#7857
[2022-11-05 15:04:26] [ERROR   ] discord.app_commands.tree: Ignoring exception in command 'add'
Traceback (most recent call last):
  File "D:\pythonProject\Deadshot - ModMail\venv\lib\site-packages\discord\app_commands\commands.py", line 850, in _do_call
    return await self._callback(self.binding, interaction, **params)  # type: ignore
  File "D:\pythonProject\Deadshot - ModMail\cogs\autotag.py", line 78, in add
    await interaction.response.send_message(embed=error_embed, ephemeral=True)
  File "D:\pythonProject\Deadshot - ModMail\venv\lib\site-packages\discord\interactions.py", line 692, in send_message
    raise InteractionResponded(self._parent)
discord.errors.InteractionResponded: This interaction has already been responded to before

The above exception was the direct cause of the following exception:

Traceback (most recent call last):
  File "D:\pythonProject\Deadshot - ModMail\venv\lib\site-packages\discord\app_commands\tree.py", line 1240, in _call
    await command._invoke_with_namespace(interaction, namespace)
  File "D:\pythonProject\Deadshot - ModMail\venv\lib\site-packages\discord\app_commands\commands.py", line 876, in _invoke_with_namespace
    return await self._do_call(interaction, transformed_values)
  File "D:\pythonProject\Deadshot - ModMail\venv\lib\site-packages\discord\app_commands\commands.py", line 869, in _do_call
    raise CommandInvokeError(self, e) from e
discord.app_commands.errors.CommandInvokeError: Command 'add' raised an exception: InteractionResponded: This interaction has already been responded to before
[2022-11-05 15:04:54] [ERROR   ] discord.app_commands.tree: Ignoring exception in command 'edit'
Traceback (most recent call last):
  File "D:\pythonProject\Deadshot - ModMail\venv\lib\site-packages\discord\app_commands\commands.py", line 850, in _do_call
    return await self._callback(self.binding, interaction, **params)  # type: ignore
  File "D:\pythonProject\Deadshot - ModMail\cogs\autotag.py", line 223, in edit
    embed.set_author(name="Auto-Tag editiert", icon_url="https://cdn.discordapp.com/emojis/1034554637845532692.webp?size=96&quality=lossless")
UnboundLocalError: local variable 'embed' referenced before assignment

The above exception was the direct cause of the following exception:

Traceback (most recent call last):
  File "D:\pythonProject\Deadshot - ModMail\venv\lib\site-packages\discord\app_commands\tree.py", line 1240, in _call
    await command._invoke_with_namespace(interaction, namespace)
  File "D:\pythonProject\Deadshot - ModMail\venv\lib\site-packages\discord\app_commands\commands.py", line 876, in _invoke_with_namespace
    return await self._do_call(interaction, transformed_values)
  File "D:\pythonProject\Deadshot - ModMail\venv\lib\site-packages\discord\app_commands\commands.py", line 869, in _do_call
    raise CommandInvokeError(self, e) from e
discord.app_commands.errors.CommandInvokeError: Command 'edit' raised an exception: UnboundLocalError: local variable 'embed' referenced before assignment
[2022-11-05 15:08:55] [INFO    ] discord: Reloaded 'ModMail' | Ausgeführt von Luca♛#7857
[2022-11-05 15:09:01] [ERROR   ] discord.ui.view: Ignoring exception in view <Close_View timeout=None children=1> for item <Button style=<ButtonStyle.secondary: 2> url=None disabled=False label=None emoji=<PartialEmoji animated=False name='🔒' id=None> row=None>
Traceback (most recent call last):
  File "D:\pythonProject\Deadshot - ModMail\venv\lib\site-packages\discord\ui\view.py", line 425, in _scheduled_task
    await item.callback(interaction)
  File "D:\pythonProject\Deadshot - ModMail\cogs\ModMail.py", line 236, in button_callback_2
    await logging(interaction, f"Ticket geschlossen", interaction.user.display_avatar.url, f"Das Ticket {channel.mention} wurde geschlossen", discord.Colour.red(), f"Geschlossen von: {interaction.user}")
  File "D:\pythonProject\Deadshot - ModMail\cogs\ModMail.py", line 17, in logging
    await cur.execute("SELECT log_kanal, stand FROM setup WHERE guildID = (%s)", int(interaction.guild.id))
AttributeError: 'NoneType' object has no attribute 'id'
[2022-11-05 15:09:26] [ERROR   ] discord.ui.view: Ignoring exception in view <Close_View timeout=None children=1> for item <Button style=<ButtonStyle.secondary: 2> url=None disabled=False label=None emoji=<PartialEmoji animated=False name='🔒' id=None> row=None>
Traceback (most recent call last):
  File "D:\pythonProject\Deadshot - ModMail\venv\lib\site-packages\discord\ui\view.py", line 425, in _scheduled_task
    await item.callback(interaction)
  File "D:\pythonProject\Deadshot - ModMail\cogs\ModMail.py", line 236, in button_callback_2
  File "D:\pythonProject\Deadshot - ModMail\cogs\ModMail.py", line 17, in logging
    await cur.execute("SELECT log_kanal, stand FROM setup WHERE guildID = (%s)", int(interaction.guild.id))
AttributeError: 'NoneType' object has no attribute 'id'
[2022-11-05 15:09:31] [INFO    ] discord: Reloaded 'ModMail' | Ausgeführt von Luca♛#7857
[2022-11-05 15:09:42] [ERROR   ] discord.ui.modal: Ignoring exception in modal <my_modal timeout=None children=2>:
Traceback (most recent call last):
  File "D:\pythonProject\Deadshot - ModMail\venv\lib\site-packages\discord\ui\modal.py", line 186, in _scheduled_task
    await self.on_submit(interaction)
  File "D:\pythonProject\Deadshot - ModMail\cogs\ModMail.py", line 176, in on_submit
    await logging(interaction, f"Ticket geöffnet", interaction.user.display_avatar.url, f"Das Ticket {channel.mention} wurde geöffnet", discord.Colour.green(), f"Geöffnet von: {interaction.user}")
  File "D:\pythonProject\Deadshot - ModMail\cogs\ModMail.py", line 17, in logging
    await cur.execute("SELECT log_kanal, stand FROM setup WHERE guildID = (%s)", int(interaction.guild.id))
AttributeError: 'NoneType' object has no attribute 'id'
[2022-11-05 15:11:29] [INFO    ] discord: Reloaded 'ModMail' | Ausgeführt von Luca♛#7857
[2022-11-05 15:11:59] [ERROR   ] discord.ui.modal: Ignoring exception in modal <my_modal timeout=None children=2>:
Traceback (most recent call last):
  File "D:\pythonProject\Deadshot - ModMail\venv\lib\site-packages\discord\ui\modal.py", line 186, in _scheduled_task
    await self.on_submit(interaction)
  File "D:\pythonProject\Deadshot - ModMail\cogs\ModMail.py", line 176, in on_submit
    await logging(interaction, f"Ticket geöffnet", interaction.user.display_avatar.url, f"Das Ticket {channel.mention} wurde geöffnet", discord.Colour.green(), f"Geöffnet von: {interaction.user}")
  File "D:\pythonProject\Deadshot - ModMail\cogs\ModMail.py", line 17, in logging
    await cur.execute("SELECT log_kanal, stand FROM setup WHERE guildID = (%s)", int(interaction.guild.id))
AttributeError: 'NoneType' object has no attribute 'id'
[2022-11-05 15:12:30] [INFO    ] discord.gateway: Shard ID None has successfully RESUMED session 8a034660c670a958f387e9acaa634d98.
[2022-11-05 15:14:45] [ERROR   ] discord.app_commands.tree: Ignoring exception in command 'reload'
Traceback (most recent call last):
  File "D:\pythonProject\Deadshot - ModMail\venv\lib\site-packages\discord\ext\commands\bot.py", line 934, in _load_from_module_spec
    spec.loader.exec_module(lib)  # type: ignore
  File "<frozen importlib._bootstrap_external>", line 879, in exec_module
  File "<frozen importlib._bootstrap_external>", line 1017, in get_code
  File "<frozen importlib._bootstrap_external>", line 947, in source_to_code
  File "<frozen importlib._bootstrap>", line 241, in _call_with_frames_removed
  File "D:\pythonProject\Deadshot - ModMail\cogs\ModMail.py", line 22
    await cur.execute("SELECT log_kanal, stand FROM setup WHERE guildID = (%s)", int(guildid)
                     ^
SyntaxError: '(' was never closed

The above exception was the direct cause of the following exception:

Traceback (most recent call last):
  File "D:\pythonProject\Deadshot - ModMail\cogs\developer.py", line 56, in reload
    await self.bot.reload_extension(f"cogs.{datei.value}")
  File "D:\pythonProject\Deadshot - ModMail\venv\lib\site-packages\discord\ext\commands\bot.py", line 1114, in reload_extension
    await self.load_extension(name)
  File "D:\pythonProject\Deadshot - ModMail\venv\lib\site-packages\discord\ext\commands\bot.py", line 1012, in load_extension
    await self._load_from_module_spec(spec, name)
  File "D:\pythonProject\Deadshot - ModMail\venv\lib\site-packages\discord\ext\commands\bot.py", line 937, in _load_from_module_spec
    raise errors.ExtensionFailed(key, e) from e
discord.ext.commands.errors.ExtensionFailed: Extension 'cogs.ModMail' raised an error: SyntaxError: '(' was never closed (ModMail.py, line 22)

During handling of the above exception, another exception occurred:

Traceback (most recent call last):
  File "D:\pythonProject\Deadshot - ModMail\venv\lib\site-packages\discord\app_commands\commands.py", line 850, in _do_call
    return await self._callback(self.binding, interaction, **params)  # type: ignore
  File "D:\pythonProject\Deadshot - ModMail\cogs\developer.py", line 60, in reload
    await self.bot.load_extension(f"cogs.{datei.value}")
  File "D:\pythonProject\Deadshot - ModMail\venv\lib\site-packages\discord\ext\commands\bot.py", line 1006, in load_extension
    raise errors.ExtensionAlreadyLoaded(name)
discord.ext.commands.errors.ExtensionAlreadyLoaded: Extension 'cogs.ModMail' is already loaded.

The above exception was the direct cause of the following exception:

Traceback (most recent call last):
  File "D:\pythonProject\Deadshot - ModMail\venv\lib\site-packages\discord\app_commands\tree.py", line 1240, in _call
    await command._invoke_with_namespace(interaction, namespace)
  File "D:\pythonProject\Deadshot - ModMail\venv\lib\site-packages\discord\app_commands\commands.py", line 876, in _invoke_with_namespace
    return await self._do_call(interaction, transformed_values)
  File "D:\pythonProject\Deadshot - ModMail\venv\lib\site-packages\discord\app_commands\commands.py", line 869, in _do_call
    raise CommandInvokeError(self, e) from e
discord.app_commands.errors.CommandInvokeError: Command 'reload' raised an exception: ExtensionAlreadyLoaded: Extension 'cogs.ModMail' is already loaded.
[2022-11-05 15:14:50] [ERROR   ] discord.ui.view: Ignoring exception in view <Close_View timeout=None children=1> for item <Button style=<ButtonStyle.secondary: 2> url=None disabled=False label=None emoji=<PartialEmoji animated=False name='🔒' id=None> row=None>
Traceback (most recent call last):
  File "D:\pythonProject\Deadshot - ModMail\venv\lib\site-packages\discord\ui\view.py", line 425, in _scheduled_task
    await item.callback(interaction)
  File "D:\pythonProject\Deadshot - ModMail\cogs\ModMail.py", line 235, in button_callback_2
  File "D:\pythonProject\Deadshot - ModMail\cogs\ModMail.py", line 17, in logging
    guildid = guildid
AttributeError: 'NoneType' object has no attribute 'id'
[2022-11-05 15:15:06] [INFO    ] discord: Reloaded 'ModMail' | Ausgeführt von Luca♛#7857
[2022-11-05 15:15:23] [ERROR   ] discord.ui.modal: Ignoring exception in modal <my_modal timeout=None children=2>:
Traceback (most recent call last):
  File "D:\pythonProject\Deadshot - ModMail\venv\lib\site-packages\discord\ui\modal.py", line 186, in _scheduled_task
    await self.on_submit(interaction)
  File "D:\pythonProject\Deadshot - ModMail\cogs\ModMail.py", line 181, in on_submit
    await logging(interaction, f"Ticket geöffnet", interaction.user.display_avatar.url, f"Das Ticket {channel.mention} wurde geöffnet", discord.Colour.green(), f"Geöffnet von: {interaction.user}")
TypeError: logging() missing 1 required positional argument: 'guildid'
[2022-11-05 15:16:11] [INFO    ] discord: Reloaded 'ModMail' | Ausgeführt von Luca♛#7857
[2022-11-05 15:16:16] [ERROR   ] discord.ui.view: Ignoring exception in view <Close_View timeout=None children=1> for item <Button style=<ButtonStyle.secondary: 2> url=None disabled=False label=None emoji=<PartialEmoji animated=False name='🔒' id=None> row=None>
Traceback (most recent call last):
  File "D:\pythonProject\Deadshot - ModMail\venv\lib\site-packages\discord\ui\view.py", line 425, in _scheduled_task
    await item.callback(interaction)
  File "D:\pythonProject\Deadshot - ModMail\cogs\ModMail.py", line 240, in button_callback_2
    await logging(interaction, f"Ticket geschlossen", interaction.user.display_avatar.url, f"Das Ticket {channel.mention} wurde geschlossen", discord.Colour.red(), f"Geschlossen von: {interaction.user}")
TypeError: logging() missing 1 required positional argument: 'guildid'
[2022-11-05 15:16:29] [ERROR   ] discord.ui.modal: Ignoring exception in modal <my_modal timeout=None children=2>:
Traceback (most recent call last):
  File "D:\pythonProject\Deadshot - ModMail\venv\lib\site-packages\discord\ui\modal.py", line 186, in _scheduled_task
    await self.on_submit(interaction)
  File "D:\pythonProject\Deadshot - ModMail\cogs\ModMail.py", line 181, in on_submit
    await logging(interaction, f"Ticket geöffnet", interaction.user.display_avatar.url, f"Das Ticket {channel.mention} wurde geöffnet", discord.Colour.green(), f"Geöffnet von: {interaction.user}", guild.id)
  File "D:\pythonProject\Deadshot - ModMail\cogs\ModMail.py", line 26, in logging
    channel = interaction.guild.get_channel(int(db_daten[0]))
AttributeError: 'NoneType' object has no attribute 'get_channel'
[2022-11-05 15:19:27] [INFO    ] discord: Reloaded 'ModMail' | Ausgeführt von Luca♛#7857
[2022-11-05 15:19:30] [ERROR   ] discord.ui.view: Ignoring exception in view <Close_View timeout=None children=1> for item <Button style=<ButtonStyle.secondary: 2> url=None disabled=False label=None emoji=<PartialEmoji animated=False name='🔒' id=None> row=None>
Traceback (most recent call last):
  File "D:\pythonProject\Deadshot - ModMail\venv\lib\site-packages\discord\ui\view.py", line 425, in _scheduled_task
    await item.callback(interaction)
  File "D:\pythonProject\Deadshot - ModMail\cogs\ModMail.py", line 240, in button_callback_2
    color=discord.Colour.red(),
  File "D:\pythonProject\Deadshot - ModMail\cogs\ModMail.py", line 20, in logging
    if str(db_daten[1]) == "aktiv":
AttributeError: 'NoneType' object has no attribute 'id'
[2022-11-05 15:20:42] [INFO    ] discord.gateway: Shard ID None has connected to Gateway (Session ID: 634c1ce7bd080e995a55b1518938bf51).
[2022-11-05 15:20:46] [ERROR   ] discord.ui.view: Ignoring exception in view <Close_View timeout=None children=1> for item <Button style=<ButtonStyle.secondary: 2> url=None disabled=False label=None emoji=<PartialEmoji animated=False name='🔒' id=None> row=None>
Traceback (most recent call last):
  File "D:\pythonProject\Deadshot - ModMail\venv\lib\site-packages\discord\ui\view.py", line 425, in _scheduled_task
    await item.callback(interaction)
  File "D:\pythonProject\Deadshot - ModMail\cogs\ModMail.py", line 236, in button_callback_2
    await logging(interaction, f"Ticket geschlossen", interaction.user.display_avatar.url, f"Das Ticket {channel.mention} wurde geschlossen", discord.Colour.red(), f"Geschlossen von: {interaction.user}")
  File "D:\pythonProject\Deadshot - ModMail\cogs\ModMail.py", line 17, in logging
    await cur.execute("SELECT log_kanal, stand FROM setup WHERE guildID = (%s)", int(interaction.guild.id))
AttributeError: 'NoneType' object has no attribute 'id'
[2022-11-05 15:22:49] [INFO    ] discord: Reloaded 'ModMail' | Ausgeführt von Luca♛#7857
[2022-11-05 15:22:50] [ERROR   ] discord.ui.view: Ignoring exception in view <Close_View timeout=None children=1> for item <Button style=<ButtonStyle.secondary: 2> url=None disabled=False label=None emoji=<PartialEmoji animated=False name='🔒' id=None> row=None>
Traceback (most recent call last):
  File "D:\pythonProject\Deadshot - ModMail\venv\lib\site-packages\discord\ui\view.py", line 425, in _scheduled_task
    await item.callback(interaction)
  File "D:\pythonProject\Deadshot - ModMail\cogs\ModMail.py", line 236, in button_callback_2
    await channel.edit(name=f"Closed ({interaction.user.id})", archived=True, locked=True)
  File "D:\pythonProject\Deadshot - ModMail\cogs\ModMail.py", line 17, in logging
    await cur.execute("SELECT log_kanal, stand FROM setup WHERE guildID = (%s)", int(interaction.guild.id))
AttributeError: 'NoneType' object has no attribute 'id'
[2022-11-05 15:22:59] [ERROR   ] discord.ui.modal: Ignoring exception in modal <my_modal timeout=None children=2>:
Traceback (most recent call last):
  File "D:\pythonProject\Deadshot - ModMail\venv\lib\site-packages\discord\ui\modal.py", line 186, in _scheduled_task
    await self.on_submit(interaction)
  File "D:\pythonProject\Deadshot - ModMail\cogs\ModMail.py", line 182, in on_submit
    if autotag_daten[0] in self.grund:
TypeError: argument of type 'TextInput' is not iterable
[2022-11-05 15:23:20] [INFO    ] discord: Reloaded 'ModMail' | Ausgeführt von Luca♛#7857
[2022-11-05 15:23:23] [ERROR   ] discord.ui.view: Ignoring exception in view <Close_View timeout=None children=1> for item <Button style=<ButtonStyle.secondary: 2> url=None disabled=False label=None emoji=<PartialEmoji animated=False name='🔒' id=None> row=None>
Traceback (most recent call last):
  File "D:\pythonProject\Deadshot - ModMail\venv\lib\site-packages\discord\ui\view.py", line 425, in _scheduled_task
    await item.callback(interaction)
  File "D:\pythonProject\Deadshot - ModMail\cogs\ModMail.py", line 238, in button_callback_2
    await logging(interaction, f"Ticket geschlossen", interaction.user.display_avatar.url, f"Das Ticket {channel.mention} wurde geschlossen", discord.Colour.red(), f"Geschlossen von: {interaction.user}")
  File "D:\pythonProject\Deadshot - ModMail\cogs\ModMail.py", line 17, in logging
    await cur.execute("SELECT log_kanal, stand FROM setup WHERE guildID = (%s)", int(interaction.guild.id))
AttributeError: 'NoneType' object has no attribute 'id'
[2022-11-05 15:23:35] [ERROR   ] discord.ui.modal: Ignoring exception in modal <my_modal timeout=None children=2>:
Traceback (most recent call last):
  File "D:\pythonProject\Deadshot - ModMail\venv\lib\site-packages\discord\ui\modal.py", line 186, in _scheduled_task
    await self.on_submit(interaction)
  File "D:\pythonProject\Deadshot - ModMail\cogs\ModMail.py", line 182, in on_submit
    if autotag_daten[0] in self.grund:
TypeError: argument of type 'TextInput' is not iterable
[2022-11-05 15:24:06] [INFO    ] discord: Reloaded 'ModMail' | Ausgeführt von Luca♛#7857
[2022-11-05 15:24:09] [ERROR   ] discord.ui.view: Ignoring exception in view <Close_View timeout=None children=1> for item <Button style=<ButtonStyle.secondary: 2> url=None disabled=False label=None emoji=<PartialEmoji animated=False name='🔒' id=None> row=None>
Traceback (most recent call last):
  File "D:\pythonProject\Deadshot - ModMail\venv\lib\site-packages\discord\ui\view.py", line 425, in _scheduled_task
    await item.callback(interaction)
  File "D:\pythonProject\Deadshot - ModMail\cogs\ModMail.py", line 238, in button_callback_2
    await logging(interaction, f"Ticket geschlossen", interaction.user.display_avatar.url, f"Das Ticket {channel.mention} wurde geschlossen", discord.Colour.red(), f"Geschlossen von: {interaction.user}")
  File "D:\pythonProject\Deadshot - ModMail\cogs\ModMail.py", line 17, in logging
    await cur.execute("SELECT log_kanal, stand FROM setup WHERE guildID = (%s)", int(interaction.guild.id))
AttributeError: 'NoneType' object has no attribute 'id'
[2022-11-05 15:24:20] [ERROR   ] discord.ui.modal: Ignoring exception in modal <my_modal timeout=None children=2>:
Traceback (most recent call last):
  File "D:\pythonProject\Deadshot - ModMail\venv\lib\site-packages\discord\ui\modal.py", line 186, in _scheduled_task
    await self.on_submit(interaction)
  File "D:\pythonProject\Deadshot - ModMail\cogs\ModMail.py", line 183, in on_submit
    await interaction.response.send_message(autotag_daten[1])
  File "D:\pythonProject\Deadshot - ModMail\venv\lib\site-packages\discord\interactions.py", line 692, in send_message
    raise InteractionResponded(self._parent)
discord.errors.InteractionResponded: This interaction has already been responded to before
[2022-11-05 15:24:46] [INFO    ] discord: Reloaded 'ModMail' | Ausgeführt von Luca♛#7857
[2022-11-05 15:24:49] [ERROR   ] discord.ui.view: Ignoring exception in view <Close_View timeout=None children=1> for item <Button style=<ButtonStyle.secondary: 2> url=None disabled=False label=None emoji=<PartialEmoji animated=False name='🔒' id=None> row=None>
Traceback (most recent call last):
  File "D:\pythonProject\Deadshot - ModMail\venv\lib\site-packages\discord\ui\view.py", line 425, in _scheduled_task
    await item.callback(interaction)
  File "D:\pythonProject\Deadshot - ModMail\cogs\ModMail.py", line 238, in button_callback_2
    await logging(interaction, f"Ticket geschlossen", interaction.user.display_avatar.url, f"Das Ticket {channel.mention} wurde geschlossen", discord.Colour.red(), f"Geschlossen von: {interaction.user}")
  File "D:\pythonProject\Deadshot - ModMail\cogs\ModMail.py", line 17, in logging
    await cur.execute("SELECT log_kanal, stand FROM setup WHERE guildID = (%s)", int(interaction.guild.id))
AttributeError: 'NoneType' object has no attribute 'id'
[2022-11-05 15:25:08] [ERROR   ] discord.ui.modal: Ignoring exception in modal <my_modal timeout=None children=2>:
Traceback (most recent call last):
  File "D:\pythonProject\Deadshot - ModMail\venv\lib\site-packages\discord\ui\modal.py", line 186, in _scheduled_task
    await self.on_submit(interaction)
  File "D:\pythonProject\Deadshot - ModMail\cogs\ModMail.py", line 202, in on_submit
    await interaction.response.send_message(embed=embed, ephemeral=True)
  File "D:\pythonProject\Deadshot - ModMail\venv\lib\site-packages\discord\interactions.py", line 692, in send_message
    raise InteractionResponded(self._parent)
discord.errors.InteractionResponded: This interaction has already been responded to before
[2022-11-05 15:25:19] [INFO    ] discord: Reloaded 'ModMail' | Ausgeführt von Luca♛#7857
[2022-11-05 15:25:23] [ERROR   ] discord.ui.view: Ignoring exception in view <Close_View timeout=None children=1> for item <Button style=<ButtonStyle.secondary: 2> url=None disabled=False label=None emoji=<PartialEmoji animated=False name='🔒' id=None> row=None>
Traceback (most recent call last):
  File "D:\pythonProject\Deadshot - ModMail\venv\lib\site-packages\discord\ui\view.py", line 425, in _scheduled_task
    await item.callback(interaction)
  File "D:\pythonProject\Deadshot - ModMail\cogs\ModMail.py", line 238, in button_callback_2
    await logging(interaction, f"Ticket geschlossen", interaction.user.display_avatar.url, f"Das Ticket {channel.mention} wurde geschlossen", discord.Colour.red(), f"Geschlossen von: {interaction.user}")
  File "D:\pythonProject\Deadshot - ModMail\cogs\ModMail.py", line 17, in logging
    await cur.execute("SELECT log_kanal, stand FROM setup WHERE guildID = (%s)", int(interaction.guild.id))
AttributeError: 'NoneType' object has no attribute 'id'
[2022-11-05 15:25:34] [ERROR   ] discord.ui.modal: Ignoring exception in modal <my_modal timeout=None children=2>:
Traceback (most recent call last):
  File "D:\pythonProject\Deadshot - ModMail\venv\lib\site-packages\discord\ui\modal.py", line 186, in _scheduled_task
    await self.on_submit(interaction)
  File "D:\pythonProject\Deadshot - ModMail\cogs\ModMail.py", line 202, in on_submit
    await interaction.response.send_message(embed=embed, ephemeral=True)
  File "D:\pythonProject\Deadshot - ModMail\venv\lib\site-packages\discord\interactions.py", line 692, in send_message
    raise InteractionResponded(self._parent)
discord.errors.InteractionResponded: This interaction has already been responded to before
[2022-11-05 15:27:16] [INFO    ] discord: Reloaded 'ModMail' | Ausgeführt von Luca♛#7857
[2022-11-05 15:27:20] [ERROR   ] discord.ui.view: Ignoring exception in view <Close_View timeout=None children=1> for item <Button style=<ButtonStyle.secondary: 2> url=None disabled=False label=None emoji=<PartialEmoji animated=False name='🔒' id=None> row=None>
Traceback (most recent call last):
  File "D:\pythonProject\Deadshot - ModMail\venv\lib\site-packages\discord\ui\view.py", line 425, in _scheduled_task
    await item.callback(interaction)
  File "D:\pythonProject\Deadshot - ModMail\cogs\ModMail.py", line 238, in button_callback_2
    await channel.edit(name=f"Closed ({interaction.user.id})", archived=True, locked=True)
  File "D:\pythonProject\Deadshot - ModMail\cogs\ModMail.py", line 17, in logging
    await cur.execute("SELECT log_kanal, stand FROM setup WHERE guildID = (%s)", int(interaction.guild.id))
AttributeError: 'NoneType' object has no attribute 'id'
[2022-11-05 15:27:37] [ERROR   ] discord.ui.modal: Ignoring exception in modal <my_modal timeout=None children=2>:
Traceback (most recent call last):
  File "D:\pythonProject\Deadshot - ModMail\venv\lib\site-packages\discord\ui\modal.py", line 186, in _scheduled_task
    await self.on_submit(interaction)
  File "D:\pythonProject\Deadshot - ModMail\cogs\ModMail.py", line 181, in on_submit
    if autotag_daten[0].higher() in self.grund.value:
AttributeError: 'str' object has no attribute 'higher'
[2022-11-05 15:28:11] [INFO    ] discord: Reloaded 'ModMail' | Ausgeführt von Luca♛#7857
[2022-11-05 15:28:14] [ERROR   ] discord.ui.view: Ignoring exception in view <Close_View timeout=None children=1> for item <Button style=<ButtonStyle.secondary: 2> url=None disabled=False label=None emoji=<PartialEmoji animated=False name='🔒' id=None> row=None>
Traceback (most recent call last):
  File "D:\pythonProject\Deadshot - ModMail\venv\lib\site-packages\discord\ui\view.py", line 425, in _scheduled_task
    await item.callback(interaction)
  File "D:\pythonProject\Deadshot - ModMail\cogs\ModMail.py", line 240, in button_callback_2
    await logging(interaction, f"Ticket geschlossen", interaction.user.display_avatar.url, f"Das Ticket {channel.mention} wurde geschlossen", discord.Colour.red(), f"Geschlossen von: {interaction.user}")
  File "D:\pythonProject\Deadshot - ModMail\cogs\ModMail.py", line 17, in logging
    await cur.execute("SELECT log_kanal, stand FROM setup WHERE guildID = (%s)", int(interaction.guild.id))
AttributeError: 'NoneType' object has no attribute 'id'
[2022-11-05 15:28:24] [ERROR   ] discord.ui.modal: Ignoring exception in modal <my_modal timeout=None children=2>:
Traceback (most recent call last):
  File "D:\pythonProject\Deadshot - ModMail\venv\lib\site-packages\discord\ui\modal.py", line 186, in _scheduled_task
    await self.on_submit(interaction)
  File "D:\pythonProject\Deadshot - ModMail\cogs\ModMail.py", line 204, in on_submit
    await interaction.response.send_message(embed=embed, ephemeral=True)
  File "D:\pythonProject\Deadshot - ModMail\venv\lib\site-packages\discord\interactions.py", line 692, in send_message
    raise InteractionResponded(self._parent)
discord.errors.InteractionResponded: This interaction has already been responded to before
[2022-11-05 15:28:53] [INFO    ] discord: Reloaded 'ModMail' | Ausgeführt von Luca♛#7857
[2022-11-05 15:28:56] [ERROR   ] discord.ui.view: Ignoring exception in view <Close_View timeout=None children=1> for item <Button style=<ButtonStyle.secondary: 2> url=None disabled=False label=None emoji=<PartialEmoji animated=False name='🔒' id=None> row=None>
Traceback (most recent call last):
  File "D:\pythonProject\Deadshot - ModMail\venv\lib\site-packages\discord\ui\view.py", line 425, in _scheduled_task
    await item.callback(interaction)
  File "D:\pythonProject\Deadshot - ModMail\cogs\ModMail.py", line 240, in button_callback_2
    await logging(interaction, f"Ticket geschlossen", interaction.user.display_avatar.url, f"Das Ticket {channel.mention} wurde geschlossen", discord.Colour.red(), f"Geschlossen von: {interaction.user}")
  File "D:\pythonProject\Deadshot - ModMail\cogs\ModMail.py", line 17, in logging
    await cur.execute("SELECT log_kanal, stand FROM setup WHERE guildID = (%s)", int(interaction.guild.id))
AttributeError: 'NoneType' object has no attribute 'id'
[2022-11-05 15:29:10] [ERROR   ] discord.ui.modal: Ignoring exception in modal <my_modal timeout=None children=2>:
Traceback (most recent call last):
  File "D:\pythonProject\Deadshot - ModMail\venv\lib\site-packages\discord\ui\modal.py", line 186, in _scheduled_task
    await self.on_submit(interaction)
  File "D:\pythonProject\Deadshot - ModMail\cogs\ModMail.py", line 204, in on_submit
    await interaction.response.send_message(embed=embed, ephemeral=True)
  File "D:\pythonProject\Deadshot - ModMail\venv\lib\site-packages\discord\interactions.py", line 692, in send_message
    raise InteractionResponded(self._parent)
discord.errors.InteractionResponded: This interaction has already been responded to before
[2022-11-05 15:50:40] [INFO    ] discord.gateway: Shard ID None has connected to Gateway (Session ID: 3ff2ac9edcf122e4395926e7f10a6e15).
[2022-11-05 15:51:48] [ERROR   ] discord.app_commands.tree: Ignoring exception in command 'add'
Traceback (most recent call last):
  File "D:\pythonProject\Deadshot - ModMail\venv\lib\site-packages\discord\app_commands\commands.py", line 850, in _do_call
    return await self._callback(self.binding, interaction, **params)  # type: ignore
  File "D:\pythonProject\Deadshot - ModMail\cogs\autotag.py", line 78, in add
    await interaction.response.send_message(embed=error_embed, ephemeral=True)
  File "D:\pythonProject\Deadshot - ModMail\venv\lib\site-packages\discord\interactions.py", line 692, in send_message
    raise InteractionResponded(self._parent)
discord.errors.InteractionResponded: This interaction has already been responded to before

The above exception was the direct cause of the following exception:

Traceback (most recent call last):
  File "D:\pythonProject\Deadshot - ModMail\venv\lib\site-packages\discord\app_commands\tree.py", line 1240, in _call
    await command._invoke_with_namespace(interaction, namespace)
  File "D:\pythonProject\Deadshot - ModMail\venv\lib\site-packages\discord\app_commands\commands.py", line 876, in _invoke_with_namespace
    return await self._do_call(interaction, transformed_values)
  File "D:\pythonProject\Deadshot - ModMail\venv\lib\site-packages\discord\app_commands\commands.py", line 869, in _do_call
    raise CommandInvokeError(self, e) from e
discord.app_commands.errors.CommandInvokeError: Command 'add' raised an exception: InteractionResponded: This interaction has already been responded to before
[2022-11-05 15:52:06] [ERROR   ] discord.app_commands.tree: Ignoring exception in command 'edit'
Traceback (most recent call last):
  File "D:\pythonProject\Deadshot - ModMail\venv\lib\site-packages\discord\app_commands\commands.py", line 850, in _do_call
    return await self._callback(self.binding, interaction, **params)  # type: ignore
  File "D:\pythonProject\Deadshot - ModMail\cogs\autotag.py", line 223, in edit
    embed.set_author(name="Auto-Tag editiert", icon_url="https://cdn.discordapp.com/emojis/1034554637845532692.webp?size=96&quality=lossless")
UnboundLocalError: local variable 'embed' referenced before assignment

The above exception was the direct cause of the following exception:

Traceback (most recent call last):
  File "D:\pythonProject\Deadshot - ModMail\venv\lib\site-packages\discord\app_commands\tree.py", line 1240, in _call
    await command._invoke_with_namespace(interaction, namespace)
  File "D:\pythonProject\Deadshot - ModMail\venv\lib\site-packages\discord\app_commands\commands.py", line 876, in _invoke_with_namespace
    return await self._do_call(interaction, transformed_values)
  File "D:\pythonProject\Deadshot - ModMail\venv\lib\site-packages\discord\app_commands\commands.py", line 869, in _do_call
    raise CommandInvokeError(self, e) from e
discord.app_commands.errors.CommandInvokeError: Command 'edit' raised an exception: UnboundLocalError: local variable 'embed' referenced before assignment
[2022-11-05 15:52:55] [INFO    ] discord: Reloaded 'autotag' | Ausgeführt von Luca♛#7857
[2022-11-05 15:59:15] [INFO    ] discord: Reloaded 'autotag' | Ausgeführt von Luca♛#7857
[2022-11-05 15:59:16] [INFO    ] discord: Es wurden 15 Befehle synchronisiert. | Ausgeführt von Luca♛#7857
[2022-11-05 15:59:22] [ERROR   ] discord.app_commands.tree: Ignoring exception in command 'test'
Traceback (most recent call last):
  File "D:\pythonProject\Deadshot - ModMail\venv\lib\site-packages\discord\app_commands\commands.py", line 850, in _do_call
    return await self._callback(self.binding, interaction, **params)  # type: ignore
  File "D:\pythonProject\Deadshot - ModMail\cogs\autotag.py", line 252, in test
    await cur.execute("SELECT auto_antwort FROM autofaq WHERE guildID = (%s) AND tag = (%s)", tag)
  File "D:\pythonProject\Deadshot - ModMail\venv\lib\site-packages\aiomysql\cursors.py", line 237, in execute
    query = query % self._escape_args(args, conn)
TypeError: not enough arguments for format string

The above exception was the direct cause of the following exception:

Traceback (most recent call last):
  File "D:\pythonProject\Deadshot - ModMail\venv\lib\site-packages\discord\app_commands\tree.py", line 1240, in _call
    await command._invoke_with_namespace(interaction, namespace)
  File "D:\pythonProject\Deadshot - ModMail\venv\lib\site-packages\discord\app_commands\commands.py", line 876, in _invoke_with_namespace
    return await self._do_call(interaction, transformed_values)
  File "D:\pythonProject\Deadshot - ModMail\venv\lib\site-packages\discord\app_commands\commands.py", line 865, in _do_call
    raise CommandInvokeError(self, e) from e
discord.app_commands.errors.CommandInvokeError: Command 'test' raised an exception: TypeError: not enough arguments for format string
[2022-11-05 15:59:56] [ERROR   ] discord.app_commands.tree: Ignoring exception in command 'test'
Traceback (most recent call last):
  File "D:\pythonProject\Deadshot - ModMail\venv\lib\site-packages\discord\app_commands\commands.py", line 850, in _do_call
    return await self._callback(self.binding, interaction, **params)  # type: ignore
  File "D:\pythonProject\Deadshot - ModMail\cogs\autotag.py", line 252, in test
    await cur.execute("SELECT auto_antwort FROM autofaq WHERE guildID = (%s) AND tag = (%s)", tag)
  File "D:\pythonProject\Deadshot - ModMail\venv\lib\site-packages\aiomysql\cursors.py", line 237, in execute
    query = query % self._escape_args(args, conn)
TypeError: not enough arguments for format string

The above exception was the direct cause of the following exception:

Traceback (most recent call last):
  File "D:\pythonProject\Deadshot - ModMail\venv\lib\site-packages\discord\app_commands\tree.py", line 1240, in _call
    await command._invoke_with_namespace(interaction, namespace)
  File "D:\pythonProject\Deadshot - ModMail\venv\lib\site-packages\discord\app_commands\commands.py", line 876, in _invoke_with_namespace
    return await self._do_call(interaction, transformed_values)
  File "D:\pythonProject\Deadshot - ModMail\venv\lib\site-packages\discord\app_commands\commands.py", line 865, in _do_call
    raise CommandInvokeError(self, e) from e
discord.app_commands.errors.CommandInvokeError: Command 'test' raised an exception: TypeError: not enough arguments for format string
[2022-11-05 16:00:03] [ERROR   ] discord.app_commands.tree: Ignoring exception in command 'test'
Traceback (most recent call last):
  File "D:\pythonProject\Deadshot - ModMail\venv\lib\site-packages\discord\app_commands\commands.py", line 850, in _do_call
    return await self._callback(self.binding, interaction, **params)  # type: ignore
  File "D:\pythonProject\Deadshot - ModMail\cogs\autotag.py", line 252, in test
    await cur.execute("SELECT auto_antwort FROM autofaq WHERE guildID = (%s) AND tag = (%s)", tag)
  File "D:\pythonProject\Deadshot - ModMail\venv\lib\site-packages\aiomysql\cursors.py", line 237, in execute
    query = query % self._escape_args(args, conn)
TypeError: not enough arguments for format string

The above exception was the direct cause of the following exception:

Traceback (most recent call last):
  File "D:\pythonProject\Deadshot - ModMail\venv\lib\site-packages\discord\app_commands\tree.py", line 1240, in _call
    await command._invoke_with_namespace(interaction, namespace)
  File "D:\pythonProject\Deadshot - ModMail\venv\lib\site-packages\discord\app_commands\commands.py", line 876, in _invoke_with_namespace
    return await self._do_call(interaction, transformed_values)
  File "D:\pythonProject\Deadshot - ModMail\venv\lib\site-packages\discord\app_commands\commands.py", line 865, in _do_call
    raise CommandInvokeError(self, e) from e
discord.app_commands.errors.CommandInvokeError: Command 'test' raised an exception: TypeError: not enough arguments for format string
[2022-11-05 16:00:30] [INFO    ] discord: Reloaded 'autotag' | Ausgeführt von Luca♛#7857
[2022-11-05 16:00:47] [ERROR   ] discord.app_commands.tree: Ignoring exception in command 'test'
Traceback (most recent call last):
  File "D:\pythonProject\Deadshot - ModMail\venv\lib\site-packages\discord\app_commands\commands.py", line 850, in _do_call
    return await self._callback(self.binding, interaction, **params)  # type: ignore
  File "D:\pythonProject\Deadshot - ModMail\cogs\autotag.py", line 273, in test
    await interaction.response.send_message(embed=error_embed, ephemeral=True)
  File "D:\pythonProject\Deadshot - ModMail\venv\lib\site-packages\discord\interactions.py", line 692, in send_message
    raise InteractionResponded(self._parent)
discord.errors.InteractionResponded: This interaction has already been responded to before

The above exception was the direct cause of the following exception:

Traceback (most recent call last):
  File "D:\pythonProject\Deadshot - ModMail\venv\lib\site-packages\discord\app_commands\tree.py", line 1240, in _call
    await command._invoke_with_namespace(interaction, namespace)
  File "D:\pythonProject\Deadshot - ModMail\venv\lib\site-packages\discord\app_commands\commands.py", line 876, in _invoke_with_namespace
    return await self._do_call(interaction, transformed_values)
  File "D:\pythonProject\Deadshot - ModMail\venv\lib\site-packages\discord\app_commands\commands.py", line 869, in _do_call
    raise CommandInvokeError(self, e) from e
discord.app_commands.errors.CommandInvokeError: Command 'test' raised an exception: InteractionResponded: This interaction has already been responded to before
[2022-11-05 16:07:23] [INFO    ] discord.gateway: Shard ID None has connected to Gateway (Session ID: a1db0760d918a53fb1a6e405bfa208a7).
[2022-11-05 17:22:53] [INFO    ] discord: Reloaded 'ModMail' | Ausgeführt von Luca♛#7857
[2022-11-05 17:22:59] [ERROR   ] discord.ui.view: Ignoring exception in view <Close_View timeout=None children=1> for item <Button style=<ButtonStyle.secondary: 2> url=None disabled=False label=None emoji=<PartialEmoji animated=False name='🔒' id=None> row=None>
Traceback (most recent call last):
  File "D:\pythonProject\Deadshot - ModMail\venv\lib\site-packages\discord\ui\view.py", line 425, in _scheduled_task
    await item.callback(interaction)
  File "D:\pythonProject\Deadshot - ModMail\cogs\ModMail.py", line 243, in button_callback_2
    await logging(interaction, f"Ticket geschlossen", interaction.user.display_avatar.url, f"Das Ticket {channel.mention} wurde geschlossen", discord.Colour.red(), f"Geschlossen von: {interaction.user}")
  File "D:\pythonProject\Deadshot - ModMail\cogs\ModMail.py", line 17, in logging
    await cur.execute("SELECT log_kanal, stand FROM setup WHERE guildID = (%s)", int(interaction.guild.id))
AttributeError: 'NoneType' object has no attribute 'id'
[2022-11-05 17:23:02] [ERROR   ] discord.ui.view: Ignoring exception in view <DropdownView timeout=180.0 children=1> for item <Dropdown placeholder='📌 Wähle einen Server aus!' min_values=1 max_values=1 options=[<SelectOption label='luca server' value=862586373668470794 description='Server ID: 862586373668470794' emoji=None default=False>, <SelectOption label='💸 DeadShot' value=865251517832626176 description='Server ID: 865251517832626176' emoji=None default=False>, <SelectOption label='Jolina`s community' value=918502310701854750 description='Server ID: 918502310701854750' emoji=None default=False>] disabled=False>
Traceback (most recent call last):
  File "D:\pythonProject\Deadshot - ModMail\venv\lib\site-packages\discord\ui\view.py", line 425, in _scheduled_task
    await item.callback(interaction)
  File "D:\pythonProject\Deadshot - ModMail\cogs\ModMail.py", line 61, in callback
    await cur.execute("SELECT userID FROM block WHERE guildID = (%s) AND tag = (%s)", int(guildID))
  File "D:\pythonProject\Deadshot - ModMail\venv\lib\site-packages\aiomysql\cursors.py", line 237, in execute
    query = query % self._escape_args(args, conn)
TypeError: not enough arguments for format string
[2022-11-05 17:23:48] [ERROR   ] discord.ui.view: Ignoring exception in view <DropdownView timeout=180.0 children=1> for item <Dropdown placeholder='📌 Wähle einen Server aus!' min_values=1 max_values=1 options=[<SelectOption label='luca server' value=862586373668470794 description='Server ID: 862586373668470794' emoji=None default=False>, <SelectOption label='💸 DeadShot' value=865251517832626176 description='Server ID: 865251517832626176' emoji=None default=False>, <SelectOption label='Jolina`s community' value=918502310701854750 description='Server ID: 918502310701854750' emoji=None default=False>] disabled=False>
Traceback (most recent call last):
  File "D:\pythonProject\Deadshot - ModMail\venv\lib\site-packages\discord\ui\view.py", line 425, in _scheduled_task
    await item.callback(interaction)
  File "D:\pythonProject\Deadshot - ModMail\cogs\ModMail.py", line 61, in callback
    await cur.execute("SELECT userID FROM block WHERE guildID = (%s) AND tag = (%s)", int(guildID))
  File "D:\pythonProject\Deadshot - ModMail\venv\lib\site-packages\aiomysql\cursors.py", line 237, in execute
    query = query % self._escape_args(args, conn)
TypeError: not enough arguments for format string
[2022-11-05 17:24:48] [INFO    ] discord: Reloaded 'ModMail' | Ausgeführt von Luca♛#7857
[2022-11-05 17:24:50] [ERROR   ] discord.ui.view: Ignoring exception in view <DropdownView timeout=180.0 children=1> for item <Dropdown placeholder='📌 Wähle einen Server aus!' min_values=1 max_values=1 options=[<SelectOption label='luca server' value=862586373668470794 description='Server ID: 862586373668470794' emoji=None default=False>, <SelectOption label='💸 DeadShot' value=865251517832626176 description='Server ID: 865251517832626176' emoji=None default=False>, <SelectOption label='Jolina`s community' value=918502310701854750 description='Server ID: 918502310701854750' emoji=None default=False>] disabled=False>
Traceback (most recent call last):
  File "D:\pythonProject\Deadshot - ModMail\venv\lib\site-packages\discord\ui\view.py", line 425, in _scheduled_task
    await item.callback(interaction)
  File "D:\pythonProject\Deadshot - ModMail\cogs\ModMail.py", line 61, in callback
    await cur.execute("SELECT userID FROM block WHERE guildID = (%s)", int(guildID))
  File "D:\pythonProject\Deadshot - ModMail\venv\lib\site-packages\aiomysql\cursors.py", line 237, in execute
    query = query % self._escape_args(args, conn)
TypeError: not enough arguments for format string
[2022-11-05 17:28:19] [ERROR   ] discord.ui.view: Ignoring exception in view <Close_View timeout=None children=1> for item <Button style=<ButtonStyle.secondary: 2> url=None disabled=False label=None emoji=<PartialEmoji animated=False name='🔒' id=None> row=None>
Traceback (most recent call last):
  File "D:\pythonProject\Deadshot - ModMail\venv\lib\site-packages\discord\ui\view.py", line 425, in _scheduled_task
    await item.callback(interaction)
  File "D:\pythonProject\Deadshot - ModMail\cogs\ModMail.py", line 243, in button_callback_2
    await logging(interaction, f"Ticket geschlossen", interaction.user.display_avatar.url, f"Das Ticket {channel.mention} wurde geschlossen", discord.Colour.red(), f"Geschlossen von: {interaction.user}")
  File "D:\pythonProject\Deadshot - ModMail\cogs\ModMail.py", line 17, in logging
    await cur.execute("SELECT log_kanal, stand FROM setup WHERE guildID = (%s)", int(interaction.guild.id))
AttributeError: 'NoneType' object has no attribute 'id'
[2022-11-05 17:28:26] [INFO    ] discord: Reloaded 'ModMail' | Ausgeführt von Luca♛#7857
[2022-11-05 17:42:51] [INFO    ] discord: Reloaded 'ModMail' | Ausgeführt von Luca♛#7857
[2022-11-05 17:42:54] [ERROR   ] discord.ui.view: Ignoring exception in view <Close_View timeout=None children=1> for item <Button style=<ButtonStyle.secondary: 2> url=None disabled=False label=None emoji=<PartialEmoji animated=False name='🔒' id=None> row=None>
Traceback (most recent call last):
  File "D:\pythonProject\Deadshot - ModMail\venv\lib\site-packages\discord\ui\view.py", line 425, in _scheduled_task
    await item.callback(interaction)
  File "D:\pythonProject\Deadshot - ModMail\cogs\ModMail.py", line 243, in button_callback_2
    await cur.execute("DELETE FROM tickets WHERE authorID = (%s)", int(interaction.user.id))
  File "D:\pythonProject\Deadshot - ModMail\cogs\ModMail.py", line 17, in logging
    await cur.execute("SELECT log_kanal, stand FROM setup WHERE guildID = (%s)", int(interaction.guild.id))
AttributeError: 'NoneType' object has no attribute 'id'
[2022-11-05 17:45:24] [INFO    ] discord: Reloaded 'ModMail' | Ausgeführt von Luca♛#7857
[2022-11-05 17:45:40] [INFO    ] discord: Es wurden 15 Befehle synchronisiert. | Ausgeführt von Luca♛#7857
[2022-11-05 17:46:00] [INFO    ] discord.gateway: Shard ID None has connected to Gateway (Session ID: 4ae171888faac3fbb4373d03f5a37334).
[2022-11-05 17:47:17] [INFO    ] discord: Reloaded 'autotag' | Ausgeführt von Luca♛#7857
[2022-11-05 17:47:24] [ERROR   ] discord.app_commands.tree: Ignoring exception in command 'test'
Traceback (most recent call last):
  File "D:\pythonProject\Deadshot - ModMail\venv\lib\site-packages\discord\app_commands\commands.py", line 850, in _do_call
    return await self._callback(self.binding, interaction, **params)  # type: ignore
  File "D:\pythonProject\Deadshot - ModMail\cogs\autotag.py", line 252, in test
    await cur.execute("SELECT auto_antwort FROM autofaq WHERE guildID = (%s) AND tag = (%s) OR tag (%s)", (interaction.guild.id, tag.lower(), tag.upper()))
  File "D:\pythonProject\Deadshot - ModMail\venv\lib\site-packages\aiomysql\cursors.py", line 239, in execute
    await self._query(query)
  File "D:\pythonProject\Deadshot - ModMail\venv\lib\site-packages\aiomysql\cursors.py", line 457, in _query
    await conn.query(q)
  File "D:\pythonProject\Deadshot - ModMail\venv\lib\site-packages\aiomysql\connection.py", line 469, in query
    await self._read_query_result(unbuffered=unbuffered)
  File "D:\pythonProject\Deadshot - ModMail\venv\lib\site-packages\aiomysql\connection.py", line 672, in _read_query_result
    await result.read()
  File "D:\pythonProject\Deadshot - ModMail\venv\lib\site-packages\aiomysql\connection.py", line 1153, in read
    first_packet = await self.connection._read_packet()
  File "D:\pythonProject\Deadshot - ModMail\venv\lib\site-packages\aiomysql\connection.py", line 641, in _read_packet
    packet.raise_for_error()
  File "D:\pythonProject\Deadshot - ModMail\venv\lib\site-packages\pymysql\protocol.py", line 221, in raise_for_error
    err.raise_mysql_exception(self._data)
  File "D:\pythonProject\Deadshot - ModMail\venv\lib\site-packages\pymysql\err.py", line 143, in raise_mysql_exception
    raise errorclass(errno, errval)
pymysql.err.OperationalError: (1305, 'FUNCTION s210_DeadShot.tag does not exist')

The above exception was the direct cause of the following exception:

Traceback (most recent call last):
  File "D:\pythonProject\Deadshot - ModMail\venv\lib\site-packages\discord\app_commands\tree.py", line 1240, in _call
    await command._invoke_with_namespace(interaction, namespace)
  File "D:\pythonProject\Deadshot - ModMail\venv\lib\site-packages\discord\app_commands\commands.py", line 876, in _invoke_with_namespace
    return await self._do_call(interaction, transformed_values)
  File "D:\pythonProject\Deadshot - ModMail\venv\lib\site-packages\discord\app_commands\commands.py", line 869, in _do_call
    raise CommandInvokeError(self, e) from e
discord.app_commands.errors.CommandInvokeError: Command 'test' raised an exception: OperationalError: (1305, 'FUNCTION s210_DeadShot.tag does not exist')
[2022-11-05 17:48:23] [INFO    ] discord: Reloaded 'autotag' | Ausgeführt von Luca♛#7857
[2022-11-05 17:48:29] [ERROR   ] discord.app_commands.tree: Ignoring exception in command 'test'
Traceback (most recent call last):
  File "D:\pythonProject\Deadshot - ModMail\venv\lib\site-packages\discord\app_commands\commands.py", line 850, in _do_call
    return await self._callback(self.binding, interaction, **params)  # type: ignore
  File "D:\pythonProject\Deadshot - ModMail\cogs\autotag.py", line 255, in test
    tag_embed = discord.Embed(description=db_daten2[1],
IndexError: tuple index out of range

The above exception was the direct cause of the following exception:

Traceback (most recent call last):
  File "D:\pythonProject\Deadshot - ModMail\venv\lib\site-packages\discord\app_commands\tree.py", line 1240, in _call
    await command._invoke_with_namespace(interaction, namespace)
  File "D:\pythonProject\Deadshot - ModMail\venv\lib\site-packages\discord\app_commands\commands.py", line 876, in _invoke_with_namespace
    return await self._do_call(interaction, transformed_values)
  File "D:\pythonProject\Deadshot - ModMail\venv\lib\site-packages\discord\app_commands\commands.py", line 869, in _do_call
    raise CommandInvokeError(self, e) from e
discord.app_commands.errors.CommandInvokeError: Command 'test' raised an exception: IndexError: tuple index out of range
[2022-11-05 17:48:50] [INFO    ] discord: Reloaded 'autotag' | Ausgeführt von Luca♛#7857
[2022-11-05 17:57:45] [INFO    ] discord: Reloaded 'ModMail' | Ausgeführt von Luca♛#7857
[2022-11-05 18:00:49] [ERROR   ] discord.app_commands.tree: Ignoring exception in command 'add'
Traceback (most recent call last):
  File "D:\pythonProject\Deadshot - ModMail\venv\lib\site-packages\discord\app_commands\commands.py", line 850, in _do_call
    return await self._callback(self.binding, interaction, **params)  # type: ignore
  File "D:\pythonProject\Deadshot - ModMail\cogs\autotag.py", line 78, in add
    await interaction.response.send_message(embed=error_embed, ephemeral=True)
  File "D:\pythonProject\Deadshot - ModMail\venv\lib\site-packages\discord\interactions.py", line 692, in send_message
    raise InteractionResponded(self._parent)
discord.errors.InteractionResponded: This interaction has already been responded to before

The above exception was the direct cause of the following exception:

Traceback (most recent call last):
  File "D:\pythonProject\Deadshot - ModMail\venv\lib\site-packages\discord\app_commands\tree.py", line 1240, in _call
    await command._invoke_with_namespace(interaction, namespace)
  File "D:\pythonProject\Deadshot - ModMail\venv\lib\site-packages\discord\app_commands\commands.py", line 876, in _invoke_with_namespace
    return await self._do_call(interaction, transformed_values)
  File "D:\pythonProject\Deadshot - ModMail\venv\lib\site-packages\discord\app_commands\commands.py", line 869, in _do_call
    raise CommandInvokeError(self, e) from e
discord.app_commands.errors.CommandInvokeError: Command 'add' raised an exception: InteractionResponded: This interaction has already been responded to before
[2022-11-05 18:12:55] [INFO    ] discord: Reloaded 'autotag' | Ausgeführt von Luca♛#7857
[2022-11-05 18:13:29] [INFO    ] discord: Reloaded 'autotag' | Ausgeführt von Luca♛#7857
[2022-11-05 18:15:12] [INFO    ] discord: Reloaded 'autotag' | Ausgeführt von Luca♛#7857
[2022-11-05 18:15:40] [INFO    ] discord: Reloaded 'autotag' | Ausgeführt von Luca♛#7857
[2022-11-05 18:16:40] [INFO    ] discord: Reloaded 'ModMail' | Ausgeführt von Luca♛#7857
[2022-11-05 18:18:05] [ERROR   ] discord.ui.view: Ignoring exception in view <Close_View timeout=None children=1> for item <Button style=<ButtonStyle.secondary: 2> url=None disabled=False label=None emoji=<PartialEmoji animated=False name='🔒' id=None> row=None>
Traceback (most recent call last):
  File "D:\pythonProject\Deadshot - ModMail\venv\lib\site-packages\discord\ui\view.py", line 425, in _scheduled_task
    await item.callback(interaction)
  File "D:\pythonProject\Deadshot - ModMail\cogs\ModMail.py", line 244, in button_callback_2
    await logging(interaction, f"Ticket geschlossen", interaction.user.display_avatar.url, f"Das Ticket {channel.mention} wurde geschlossen", discord.Colour.red(), f"Geschlossen von: {interaction.user}")
  File "D:\pythonProject\Deadshot - ModMail\cogs\ModMail.py", line 17, in logging
    await cur.execute("SELECT log_kanal, stand FROM setup WHERE guildID = (%s)", int(interaction.guild.id))
AttributeError: 'NoneType' object has no attribute 'id'
[2022-11-05 18:18:14] [ERROR   ] discord.ui.modal: Ignoring exception in modal <open_ticket_modal timeout=None children=2>:
Traceback (most recent call last):
  File "D:\pythonProject\Deadshot - ModMail\venv\lib\site-packages\discord\ui\modal.py", line 186, in _scheduled_task
    await self.on_submit(interaction)
  File "D:\pythonProject\Deadshot - ModMail\cogs\ModMail.py", line 179, in on_submit
    msg = db_daten2[0].replace("$", "\n")
AttributeError: 'tuple' object has no attribute 'replace'
[2022-11-05 18:18:45] [INFO    ] discord: Reloaded 'ModMail' | Ausgeführt von Luca♛#7857
[2022-11-05 18:18:57] [ERROR   ] discord.client: Ignoring exception in on_message
Traceback (most recent call last):
  File "D:\pythonProject\Deadshot - ModMail\venv\lib\site-packages\discord\client.py", line 409, in _run_event
    await coro(*args, **kwargs)
  File "D:\pythonProject\Deadshot - ModMail\cogs\ModMail.py", line 380, in on_message
    await channel.send(embed=memberembed)
AttributeError: 'NoneType' object has no attribute 'send'
[2022-11-05 18:20:01] [ERROR   ] discord.ui.modal: Ignoring exception in modal <open_ticket_modal timeout=None children=2>:
Traceback (most recent call last):
  File "D:\pythonProject\Deadshot - ModMail\venv\lib\site-packages\discord\ui\modal.py", line 186, in _scheduled_task
    await self.on_submit(interaction)
  File "D:\pythonProject\Deadshot - ModMail\cogs\ModMail.py", line 186, in on_submit
    await msg.add_reaction(f"<:DeadShotHacken:1034554637845532692>")
AttributeError: 'str' object has no attribute 'add_reaction'
[2022-11-05 18:24:51] [INFO    ] discord: Reloaded 'ModMail' | Ausgeführt von Luca♛#7857
[2022-11-05 18:24:54] [ERROR   ] discord.ui.view: Ignoring exception in view <Close_View timeout=None children=1> for item <Button style=<ButtonStyle.secondary: 2> url=None disabled=False label=None emoji=<PartialEmoji animated=False name='🔒' id=None> row=None>
Traceback (most recent call last):
  File "D:\pythonProject\Deadshot - ModMail\venv\lib\site-packages\discord\ui\view.py", line 425, in _scheduled_task
    await item.callback(interaction)
  File "D:\pythonProject\Deadshot - ModMail\cogs\ModMail.py", line 244, in button_callback_2
    await channel.edit(name=f"Closed ({interaction.user.id})", archived=True, locked=True)
  File "D:\pythonProject\Deadshot - ModMail\cogs\ModMail.py", line 17, in logging
AttributeError: 'NoneType' object has no attribute 'id'
[2022-11-05 18:25:03] [ERROR   ] discord.ui.modal: Ignoring exception in modal <open_ticket_modal timeout=None children=2>:
Traceback (most recent call last):
  File "D:\pythonProject\Deadshot - ModMail\venv\lib\site-packages\discord\ui\modal.py", line 186, in _scheduled_task
    await self.on_submit(interaction)
  File "D:\pythonProject\Deadshot - ModMail\cogs\ModMail.py", line 187, in on_submit
    await msg.add_reaction(f"<:DeadShotHacken:1034554637845532692>")
AttributeError: 'str' object has no attribute 'add_reaction'
[2022-11-05 18:26:26] [INFO    ] discord: Reloaded 'ModMail' | Ausgeführt von Luca♛#7857
[2022-11-05 18:26:30] [ERROR   ] discord.ui.view: Ignoring exception in view <Close_View timeout=None children=1> for item <Button style=<ButtonStyle.secondary: 2> url=None disabled=False label=None emoji=<PartialEmoji animated=False name='🔒' id=None> row=None>
Traceback (most recent call last):
  File "D:\pythonProject\Deadshot - ModMail\venv\lib\site-packages\discord\ui\view.py", line 425, in _scheduled_task
    await item.callback(interaction)
  File "D:\pythonProject\Deadshot - ModMail\cogs\ModMail.py", line 246, in button_callback_2
    await cur.execute("DELETE FROM tickets WHERE authorID = (%s)", int(interaction.user.id))
  File "D:\pythonProject\Deadshot - ModMail\cogs\ModMail.py", line 18, in logging
    await cur.execute("SELECT log_kanal, stand FROM setup WHERE guildID = (%s)", int(interaction.guild.id))
AttributeError: 'NoneType' object has no attribute 'id'
[2022-11-05 18:26:40] [ERROR   ] discord.ui.modal: Ignoring exception in modal <open_ticket_modal timeout=None children=2>:
Traceback (most recent call last):
  File "D:\pythonProject\Deadshot - ModMail\venv\lib\site-packages\discord\ui\modal.py", line 186, in _scheduled_task
    await self.on_submit(interaction)
  File "D:\pythonProject\Deadshot - ModMail\cogs\ModMail.py", line 187, in on_submit
    await msg.add_reaction(f"<:DeadShotHacken:1034554637845532692>")
AttributeError: 'str' object has no attribute 'add_reaction'
[2022-11-05 18:27:10] [INFO    ] discord: Reloaded 'ModMail' | Ausgeführt von Luca♛#7857
[2022-11-05 18:27:16] [ERROR   ] discord.ui.view: Ignoring exception in view <Close_View timeout=None children=1> for item <Button style=<ButtonStyle.secondary: 2> url=None disabled=False label=None emoji=<PartialEmoji animated=False name='🔒' id=None> row=None>
Traceback (most recent call last):
  File "D:\pythonProject\Deadshot - ModMail\venv\lib\site-packages\discord\ui\view.py", line 425, in _scheduled_task
    await item.callback(interaction)
  File "D:\pythonProject\Deadshot - ModMail\cogs\ModMail.py", line 247, in button_callback_2
    await logging(interaction, f"Ticket geschlossen", interaction.user.display_avatar.url, f"Das Ticket {channel.mention} wurde geschlossen", discord.Colour.red(), f"Geschlossen von: {interaction.user}")
  File "D:\pythonProject\Deadshot - ModMail\cogs\ModMail.py", line 18, in logging
    await cur.execute("SELECT log_kanal, stand FROM setup WHERE guildID = (%s)", int(interaction.guild.id))
AttributeError: 'NoneType' object has no attribute 'id'
[2022-11-05 18:28:07] [INFO    ] discord: Reloaded 'ModMail' | Ausgeführt von Luca♛#7857
[2022-11-05 18:33:22] [ERROR   ] discord.app_commands.tree: Ignoring exception in command 'blocked'
Traceback (most recent call last):
  File "D:\pythonProject\Deadshot - ModMail\venv\lib\site-packages\discord\app_commands\commands.py", line 850, in _do_call
    return await self._callback(self.binding, interaction, **params)  # type: ignore
  File "D:\pythonProject\Deadshot - ModMail\cogs\moderation.py", line 199, in blocked
    await interaction.response.send_message(embed=error_embed, ephemeral=True)
  File "D:\pythonProject\Deadshot - ModMail\venv\lib\site-packages\discord\interactions.py", line 692, in send_message
    raise InteractionResponded(self._parent)
discord.errors.InteractionResponded: This interaction has already been responded to before

The above exception was the direct cause of the following exception:

Traceback (most recent call last):
  File "D:\pythonProject\Deadshot - ModMail\venv\lib\site-packages\discord\app_commands\tree.py", line 1240, in _call
    await command._invoke_with_namespace(interaction, namespace)
  File "D:\pythonProject\Deadshot - ModMail\venv\lib\site-packages\discord\app_commands\commands.py", line 876, in _invoke_with_namespace
    return await self._do_call(interaction, transformed_values)
  File "D:\pythonProject\Deadshot - ModMail\venv\lib\site-packages\discord\app_commands\commands.py", line 869, in _do_call
    raise CommandInvokeError(self, e) from e
discord.app_commands.errors.CommandInvokeError: Command 'blocked' raised an exception: InteractionResponded: This interaction has already been responded to before
[2022-11-05 18:33:53] [INFO    ] discord.gateway: Shard ID None has successfully RESUMED session 4ae171888faac3fbb4373d03f5a37334.
[2022-11-05 18:49:10] [ERROR   ] discord.app_commands.tree: Ignoring exception in command 'serverinfo'
Traceback (most recent call last):
  File "D:\pythonProject\Deadshot - ModMail\venv\lib\site-packages\discord\app_commands\commands.py", line 850, in _do_call
    return await self._callback(self.binding, interaction, **params)  # type: ignore
  File "D:\pythonProject\Deadshot - ModMail\cogs\info.py", line 545, in serverinfo
    embed.set_thumbnail(url=interaction.guild.icon.url)
AttributeError: 'NoneType' object has no attribute 'url'

The above exception was the direct cause of the following exception:

Traceback (most recent call last):
  File "D:\pythonProject\Deadshot - ModMail\venv\lib\site-packages\discord\app_commands\tree.py", line 1240, in _call
    await command._invoke_with_namespace(interaction, namespace)
  File "D:\pythonProject\Deadshot - ModMail\venv\lib\site-packages\discord\app_commands\commands.py", line 876, in _invoke_with_namespace
    return await self._do_call(interaction, transformed_values)
  File "D:\pythonProject\Deadshot - ModMail\venv\lib\site-packages\discord\app_commands\commands.py", line 869, in _do_call
    raise CommandInvokeError(self, e) from e
discord.app_commands.errors.CommandInvokeError: Command 'serverinfo' raised an exception: AttributeError: 'NoneType' object has no attribute 'url'
[2022-11-05 18:51:03] [INFO    ] discord: Reloaded 'info' | Ausgeführt von Luca♛#7857
[2022-11-05 18:51:16] [ERROR   ] discord.app_commands.tree: Ignoring exception in command 'serverinfo'
Traceback (most recent call last):
  File "D:\pythonProject\Deadshot - ModMail\venv\lib\site-packages\discord\app_commands\commands.py", line 850, in _do_call
    return await self._callback(self.binding, interaction, **params)  # type: ignore
  File "D:\pythonProject\Deadshot - ModMail\cogs\info.py", line 545, in serverinfo
    if interaction.guild.icon.url is not None:
AttributeError: 'NoneType' object has no attribute 'url'

The above exception was the direct cause of the following exception:

Traceback (most recent call last):
  File "D:\pythonProject\Deadshot - ModMail\venv\lib\site-packages\discord\app_commands\tree.py", line 1240, in _call
    await command._invoke_with_namespace(interaction, namespace)
  File "D:\pythonProject\Deadshot - ModMail\venv\lib\site-packages\discord\app_commands\commands.py", line 876, in _invoke_with_namespace
    return await self._do_call(interaction, transformed_values)
  File "D:\pythonProject\Deadshot - ModMail\venv\lib\site-packages\discord\app_commands\commands.py", line 869, in _do_call
    raise CommandInvokeError(self, e) from e
discord.app_commands.errors.CommandInvokeError: Command 'serverinfo' raised an exception: AttributeError: 'NoneType' object has no attribute 'url'
[2022-11-05 18:51:52] [INFO    ] discord: Reloaded 'info' | Ausgeführt von Luca♛#7857
[2022-11-05 18:52:07] [ERROR   ] discord.app_commands.tree: Ignoring exception in command 'teaminfo'
Traceback (most recent call last):
  File "D:\pythonProject\Deadshot - ModMail\venv\lib\site-packages\discord\app_commands\commands.py", line 850, in _do_call
    return await self._callback(self.binding, interaction, **params)  # type: ignore
  File "D:\pythonProject\Deadshot - ModMail\cogs\info.py", line 480, in teaminfo
    await interaction.response.send_message(embed=embed)
  File "D:\pythonProject\Deadshot - ModMail\venv\lib\site-packages\discord\interactions.py", line 692, in send_message
    raise InteractionResponded(self._parent)
discord.errors.InteractionResponded: This interaction has already been responded to before

The above exception was the direct cause of the following exception:

Traceback (most recent call last):
  File "D:\pythonProject\Deadshot - ModMail\venv\lib\site-packages\discord\app_commands\tree.py", line 1240, in _call
    await command._invoke_with_namespace(interaction, namespace)
  File "D:\pythonProject\Deadshot - ModMail\venv\lib\site-packages\discord\app_commands\commands.py", line 876, in _invoke_with_namespace
    return await self._do_call(interaction, transformed_values)
  File "D:\pythonProject\Deadshot - ModMail\venv\lib\site-packages\discord\app_commands\commands.py", line 869, in _do_call
    raise CommandInvokeError(self, e) from e
discord.app_commands.errors.CommandInvokeError: Command 'teaminfo' raised an exception: InteractionResponded: This interaction has already been responded to before
[2022-11-05 18:52:43] [INFO    ] discord: Es wurden 15 Befehle synchronisiert. | Ausgeführt von Luca♛#7857
[2022-11-05 18:57:11] [INFO    ] discord: Reloaded 'info' | Ausgeführt von Luca♛#7857
[2022-11-05 18:57:19] [ERROR   ] discord.ui.view: Ignoring exception in view <DropdownView timeout=180.0 children=1> for item <Dropdown placeholder='Triff eine Auswahl' min_values=1 max_values=1 options=[<SelectOption label='Bot - Führung' value='führung' description=None emoji=<PartialEmoji animated=False name='DeadShotHelp' id=1037756726704881685> default=False>, <SelectOption label='Team Befehle' value='1' description=None emoji=<PartialEmoji animated=False name='DeadShotMod' id=914516537057116160> default=False>, <SelectOption label='Einstellungs Befehle' value='2' description=None emoji=<PartialEmoji animated=False name='DeadShotSettings' id=1034191404487954442> default=False>, <SelectOption label='Informations Befehle' value='3' description=None emoji=<PartialEmoji animated=False name='DeadShotInfos' id=1034196978013319228> default=False>, <SelectOption label='Löschen' value='4' description=None emoji=<PartialEmoji animated=False name='DeadShotDelete' id=1034205579297702028> default=False>] disabled=False>
Traceback (most recent call last):
  File "D:\pythonProject\Deadshot - ModMail\venv\lib\site-packages\discord\ui\view.py", line 425, in _scheduled_task
    await item.callback(interaction)
  File "D:\pythonProject\Deadshot - ModMail\cogs\info.py", line 275, in callback
    await cur.execute("SELECT prefix FROM prefixes WHERE guildID = (%s)", i.guild.id)
NameError: name 'i' is not defined
[2022-11-05 18:57:41] [INFO    ] discord: Reloaded 'info' | Ausgeführt von Luca♛#7857
[2022-11-05 19:05:16] [ERROR   ] discord.app_commands.tree: Ignoring exception in command 'start'
Traceback (most recent call last):
  File "D:\pythonProject\Deadshot - ModMail\venv\lib\site-packages\discord\app_commands\commands.py", line 850, in _do_call
    return await self._callback(self.binding, interaction, **params)  # type: ignore
  File "D:\pythonProject\Deadshot - ModMail\cogs\settings.py", line 60, in start
    await interaction.response.send_message("› `❌` | Nur der **Server Owner** kann disen Command ausführen", ephemeral=True)
  File "D:\pythonProject\Deadshot - ModMail\venv\lib\site-packages\discord\interactions.py", line 692, in send_message
    raise InteractionResponded(self._parent)
discord.errors.InteractionResponded: This interaction has already been responded to before

The above exception was the direct cause of the following exception:

Traceback (most recent call last):
  File "D:\pythonProject\Deadshot - ModMail\venv\lib\site-packages\discord\app_commands\tree.py", line 1240, in _call
    await command._invoke_with_namespace(interaction, namespace)
  File "D:\pythonProject\Deadshot - ModMail\venv\lib\site-packages\discord\app_commands\commands.py", line 876, in _invoke_with_namespace
    return await self._do_call(interaction, transformed_values)
  File "D:\pythonProject\Deadshot - ModMail\venv\lib\site-packages\discord\app_commands\commands.py", line 869, in _do_call
    raise CommandInvokeError(self, e) from e
discord.app_commands.errors.CommandInvokeError: Command 'start' raised an exception: InteractionResponded: This interaction has already been responded to before
[2022-11-05 19:05:53] [ERROR   ] discord.ui.modal: Ignoring exception in modal <open_ticket_modal timeout=None children=2>:
Traceback (most recent call last):
  File "D:\pythonProject\Deadshot - ModMail\venv\lib\site-packages\discord\ui\modal.py", line 186, in _scheduled_task
    await self.on_submit(interaction)
  File "D:\pythonProject\Deadshot - ModMail\cogs\ModMail.py", line 120, in on_submit
    dmembed.set_author(name="Ticket geöffnet", icon_url=guild.icon.url)
AttributeError: 'NoneType' object has no attribute 'url'
[2022-11-05 19:05:58] [ERROR   ] discord.ui.modal: Ignoring exception in modal <open_ticket_modal timeout=None children=2>:
Traceback (most recent call last):
  File "D:\pythonProject\Deadshot - ModMail\venv\lib\site-packages\discord\ui\modal.py", line 186, in _scheduled_task
    await self.on_submit(interaction)
  File "D:\pythonProject\Deadshot - ModMail\cogs\ModMail.py", line 120, in on_submit
    dmembed.set_author(name="Ticket geöffnet", icon_url=guild.icon.url)
AttributeError: 'NoneType' object has no attribute 'url'
[2022-11-05 19:06:03] [ERROR   ] discord.ui.modal: Ignoring exception in modal <open_ticket_modal timeout=None children=2>:
Traceback (most recent call last):
  File "D:\pythonProject\Deadshot - ModMail\venv\lib\site-packages\discord\ui\modal.py", line 186, in _scheduled_task
    await self.on_submit(interaction)
  File "D:\pythonProject\Deadshot - ModMail\cogs\ModMail.py", line 120, in on_submit
    dmembed.set_author(name="Ticket geöffnet", icon_url=guild.icon.url)
AttributeError: 'NoneType' object has no attribute 'url'
[2022-11-05 19:06:08] [ERROR   ] discord.ui.view: Ignoring exception in view <Close_View timeout=None children=1> for item <Button style=<ButtonStyle.secondary: 2> url=None disabled=False label=None emoji=<PartialEmoji animated=False name='🔒' id=None> row=None>
Traceback (most recent call last):
  File "D:\pythonProject\Deadshot - ModMail\venv\lib\site-packages\discord\ui\view.py", line 425, in _scheduled_task
    await item.callback(interaction)
  File "D:\pythonProject\Deadshot - ModMail\cogs\ModMail.py", line 247, in button_callback_2
    await logging(interaction, f"Ticket geschlossen", interaction.user.display_avatar.url, f"Das Ticket {channel.mention} wurde geschlossen", discord.Colour.red(), f"Geschlossen von: {interaction.user}")
  File "D:\pythonProject\Deadshot - ModMail\cogs\ModMail.py", line 18, in logging
    await cur.execute("SELECT log_kanal, stand FROM setup WHERE guildID = (%s)", int(interaction.guild.id))
AttributeError: 'NoneType' object has no attribute 'id'
[2022-11-05 19:06:17] [ERROR   ] discord.ui.modal: Ignoring exception in modal <open_ticket_modal timeout=None children=2>:
Traceback (most recent call last):
  File "D:\pythonProject\Deadshot - ModMail\venv\lib\site-packages\discord\ui\modal.py", line 186, in _scheduled_task
    await self.on_submit(interaction)
  File "D:\pythonProject\Deadshot - ModMail\cogs\ModMail.py", line 120, in on_submit
    dmembed.set_author(name="Ticket geöffnet", icon_url=guild.icon.url)
AttributeError: 'NoneType' object has no attribute 'url'
[2022-11-05 19:07:54] [INFO    ] discord.gateway: Shard ID None has successfully RESUMED session 4ae171888faac3fbb4373d03f5a37334.
[2022-11-05 19:08:25] [ERROR   ] discord.client: Ignoring exception in on_message
Traceback (most recent call last):
  File "D:\pythonProject\Deadshot - ModMail\venv\lib\site-packages\discord\client.py", line 409, in _run_event
    await coro(*args, **kwargs)
  File "D:\pythonProject\Deadshot - ModMail\cogs\ModMail.py", line 485, in on_message
    if message.content.startsith(prefix):
AttributeError: 'str' object has no attribute 'startsith'
[2022-11-05 19:08:34] [ERROR   ] discord.client: Ignoring exception in on_message
Traceback (most recent call last):
  File "D:\pythonProject\Deadshot - ModMail\venv\lib\site-packages\discord\client.py", line 409, in _run_event
    await coro(*args, **kwargs)
  File "D:\pythonProject\Deadshot - ModMail\cogs\ModMail.py", line 485, in on_message
    if message.content.startsith(prefix):
AttributeError: 'str' object has no attribute 'startsith'
[2022-11-05 19:08:44] [ERROR   ] discord.client: Ignoring exception in on_message
Traceback (most recent call last):
  File "D:\pythonProject\Deadshot - ModMail\venv\lib\site-packages\discord\client.py", line 409, in _run_event
    await coro(*args, **kwargs)
  File "D:\pythonProject\Deadshot - ModMail\cogs\ModMail.py", line 485, in on_message
    if message.content.startsith(prefix):
AttributeError: 'str' object has no attribute 'startsith'
[2022-11-05 19:09:01] [ERROR   ] discord.client: Ignoring exception in on_message
Traceback (most recent call last):
  File "D:\pythonProject\Deadshot - ModMail\venv\lib\site-packages\discord\client.py", line 409, in _run_event
    await coro(*args, **kwargs)
  File "D:\pythonProject\Deadshot - ModMail\cogs\ModMail.py", line 485, in on_message
    if message.content.startswith(prefix):
AttributeError: 'str' object has no attribute 'startsith'
[2022-11-05 19:09:05] [INFO    ] discord: Reloaded 'ModMail' | Ausgeführt von Luca♛#7857
[2022-11-05 19:09:58] [INFO    ] discord: Reloaded 'ModMail' | Ausgeführt von Luca♛#7857
[2022-11-05 19:10:21] [ERROR   ] discord.client: Ignoring exception in on_message
Traceback (most recent call last):
  File "D:\pythonProject\Deadshot - ModMail\venv\lib\site-packages\discord\client.py", line 409, in _run_event
    await coro(*args, **kwargs)
  File "D:\pythonProject\Deadshot - ModMail\cogs\ModMail.py", line 515, in on_message
    await message.delete()
  File "D:\pythonProject\Deadshot - ModMail\venv\lib\site-packages\discord\message.py", line 806, in delete
    await self._state.http.delete_message(self.channel.id, self.id)
  File "D:\pythonProject\Deadshot - ModMail\venv\lib\site-packages\discord\http.py", line 740, in request
    raise NotFound(response, data)
discord.errors.NotFound: 404 Not Found (error code: 10008): Unknown Message
[2022-11-05 19:15:01] [ERROR   ] discord.app_commands.tree: Ignoring exception in command 'teaminfo'
Traceback (most recent call last):
  File "D:\pythonProject\Deadshot - ModMail\venv\lib\site-packages\discord\app_commands\commands.py", line 850, in _do_call
    return await self._callback(self.binding, interaction, **params)  # type: ignore
  File "D:\pythonProject\Deadshot - ModMail\cogs\info.py", line 505, in teaminfo
    await interaction.response.send_message(embed=embed, ephemeral=True)
  File "D:\pythonProject\Deadshot - ModMail\venv\lib\site-packages\discord\interactions.py", line 692, in send_message
    raise InteractionResponded(self._parent)
discord.errors.InteractionResponded: This interaction has already been responded to before

The above exception was the direct cause of the following exception:

Traceback (most recent call last):
  File "D:\pythonProject\Deadshot - ModMail\venv\lib\site-packages\discord\app_commands\tree.py", line 1240, in _call
    await command._invoke_with_namespace(interaction, namespace)
  File "D:\pythonProject\Deadshot - ModMail\venv\lib\site-packages\discord\app_commands\commands.py", line 876, in _invoke_with_namespace
    return await self._do_call(interaction, transformed_values)
  File "D:\pythonProject\Deadshot - ModMail\venv\lib\site-packages\discord\app_commands\commands.py", line 869, in _do_call
    raise CommandInvokeError(self, e) from e
discord.app_commands.errors.CommandInvokeError: Command 'teaminfo' raised an exception: InteractionResponded: This interaction has already been responded to before
[2022-11-05 19:18:27] [ERROR   ] discord.ui.modal: Ignoring exception in modal <open_ticket_modal timeout=None children=2>:
Traceback (most recent call last):
  File "D:\pythonProject\Deadshot - ModMail\venv\lib\site-packages\discord\ui\modal.py", line 186, in _scheduled_task
    await self.on_submit(interaction)
  File "D:\pythonProject\Deadshot - ModMail\cogs\ModMail.py", line 160, in on_submit
    first_msg = await channel.send(f"{team_role.mention}", embed=kanal_embed)
  File "D:\pythonProject\Deadshot - ModMail\venv\lib\site-packages\discord\abc.py", line 1536, in send
    data = await state.http.send_message(channel.id, params=params)
  File "D:\pythonProject\Deadshot - ModMail\venv\lib\site-packages\discord\http.py", line 744, in request
    raise HTTPException(response, data)
discord.errors.HTTPException: 400 Bad Request (error code: 50035): Invalid Form Body
In embeds.0.fields.1.value: This field is required
[2022-11-05 19:19:19] [INFO    ] discord: Reloaded 'ModMail' | Ausgeführt von Luca♛#7857
[2022-11-05 19:19:26] [ERROR   ] discord.ui.modal: Ignoring exception in modal <open_ticket_modal timeout=None children=2>:
Traceback (most recent call last):
  File "D:\pythonProject\Deadshot - ModMail\venv\lib\site-packages\discord\ui\modal.py", line 186, in _scheduled_task
    await self.on_submit(interaction)
  File "D:\pythonProject\Deadshot - ModMail\cogs\ModMail.py", line 160, in on_submit
    first_msg = await channel.send(f"{team_role.mention}", embed=kanal_embed)
  File "D:\pythonProject\Deadshot - ModMail\venv\lib\site-packages\discord\abc.py", line 1536, in send
    data = await state.http.send_message(channel.id, params=params)
  File "D:\pythonProject\Deadshot - ModMail\venv\lib\site-packages\discord\http.py", line 744, in request
    raise HTTPException(response, data)
discord.errors.HTTPException: 400 Bad Request (error code: 50035): Invalid Form Body
In embeds.0.fields.1.value: This field is required
[2022-11-05 19:20:04] [INFO    ] discord: Reloaded 'ModMail' | Ausgeführt von Luca♛#7857
[2022-11-05 19:20:10] [ERROR   ] discord.ui.modal: Ignoring exception in modal <open_ticket_modal timeout=None children=2>:
Traceback (most recent call last):
  File "D:\pythonProject\Deadshot - ModMail\venv\lib\site-packages\discord\ui\modal.py", line 186, in _scheduled_task
    await self.on_submit(interaction)
  File "D:\pythonProject\Deadshot - ModMail\cogs\ModMail.py", line 160, in on_submit
    first_msg = await channel.send(f"{team_role.mention}", embed=kanal_embed)
  File "D:\pythonProject\Deadshot - ModMail\venv\lib\site-packages\discord\abc.py", line 1536, in send
    data = await state.http.send_message(channel.id, params=params)
  File "D:\pythonProject\Deadshot - ModMail\venv\lib\site-packages\discord\http.py", line 744, in request
    raise HTTPException(response, data)
discord.errors.HTTPException: 400 Bad Request (error code: 50035): Invalid Form Body
In embeds.0.fields.1.value: This field is required
[2022-11-05 19:22:01] [INFO    ] discord: Reloaded 'ModMail' | Ausgeführt von Luca♛#7857
[2022-11-05 19:22:09] [ERROR   ] discord.ui.modal: Ignoring exception in modal <open_ticket_modal timeout=None children=2>:
Traceback (most recent call last):
  File "D:\pythonProject\Deadshot - ModMail\venv\lib\site-packages\discord\ui\modal.py", line 186, in _scheduled_task
    await self.on_submit(interaction)
  File "D:\pythonProject\Deadshot - ModMail\cogs\ModMail.py", line 160, in on_submit
    first_msg = await channel.send(f"{team_role.mention}", embed=kanal_embed)
  File "D:\pythonProject\Deadshot - ModMail\venv\lib\site-packages\discord\abc.py", line 1536, in send
    data = await state.http.send_message(channel.id, params=params)
  File "D:\pythonProject\Deadshot - ModMail\venv\lib\site-packages\discord\http.py", line 744, in request
    raise HTTPException(response, data)
discord.errors.HTTPException: 400 Bad Request (error code: 50035): Invalid Form Body
In embeds.0.fields.1.value: This field is required
[2022-11-05 19:23:11] [INFO    ] discord.gateway: Shard ID None has connected to Gateway (Session ID: a512a40476a06f04e99aae476551d194).
[2022-11-05 19:23:18] [ERROR   ] discord.ui.modal: Ignoring exception in modal <open_ticket_modal timeout=None children=2>:
Traceback (most recent call last):
  File "D:\pythonProject\Deadshot - ModMail\venv\lib\site-packages\discord\ui\modal.py", line 186, in _scheduled_task
    await self.on_submit(interaction)
  File "D:\pythonProject\Deadshot - ModMail\cogs\ModMail.py", line 160, in on_submit
    first_msg = await channel.send(f"{team_role.mention}", embed=kanal_embed)
  File "D:\pythonProject\Deadshot - ModMail\venv\lib\site-packages\discord\abc.py", line 1536, in send
    data = await state.http.send_message(channel.id, params=params)
  File "D:\pythonProject\Deadshot - ModMail\venv\lib\site-packages\discord\http.py", line 744, in request
    raise HTTPException(response, data)
discord.errors.HTTPException: 400 Bad Request (error code: 50035): Invalid Form Body
In embeds.0.fields.1.value: This field is required
[2022-11-05 19:23:50] [ERROR   ] discord.app_commands.tree: Ignoring exception in command 'show'
Traceback (most recent call last):
  File "D:\pythonProject\Deadshot - ModMail\venv\lib\site-packages\discord\app_commands\commands.py", line 850, in _do_call
    return await self._callback(self.binding, interaction, **params)  # type: ignore
  File "D:\pythonProject\Deadshot - ModMail\cogs\settings.py", line 158, in show
    await interaction.response.send_message(embed=error_embed, ephemeral=True)
  File "D:\pythonProject\Deadshot - ModMail\venv\lib\site-packages\discord\interactions.py", line 692, in send_message
    raise InteractionResponded(self._parent)
discord.errors.InteractionResponded: This interaction has already been responded to before

The above exception was the direct cause of the following exception:

Traceback (most recent call last):
  File "D:\pythonProject\Deadshot - ModMail\venv\lib\site-packages\discord\app_commands\tree.py", line 1240, in _call
    await command._invoke_with_namespace(interaction, namespace)
  File "D:\pythonProject\Deadshot - ModMail\venv\lib\site-packages\discord\app_commands\commands.py", line 876, in _invoke_with_namespace
    return await self._do_call(interaction, transformed_values)
  File "D:\pythonProject\Deadshot - ModMail\venv\lib\site-packages\discord\app_commands\commands.py", line 869, in _do_call
    raise CommandInvokeError(self, e) from e
discord.app_commands.errors.CommandInvokeError: Command 'show' raised an exception: InteractionResponded: This interaction has already been responded to before
[2022-11-05 19:24:21] [INFO    ] discord: Reloaded 'ModMail' | Ausgeführt von Luca♛#7857
[2022-11-05 19:25:16] [INFO    ] discord: Reloaded 'ModMail' | Ausgeführt von Luca♛#7857
[2022-11-05 19:44:36] [INFO    ] discord.gateway: Shard ID None has successfully RESUMED session a512a40476a06f04e99aae476551d194.
[2022-11-05 20:06:08] [INFO    ] discord.gateway: Shard ID None has successfully RESUMED session a512a40476a06f04e99aae476551d194.
[2022-11-05 21:04:27] [ERROR   ] discord.ui.modal: Ignoring exception in modal <open_ticket_modal timeout=None children=2>:
Traceback (most recent call last):
  File "D:\pythonProject\Deadshot - ModMail\venv\lib\site-packages\discord\ui\modal.py", line 186, in _scheduled_task
    await self.on_submit(interaction)
  File "D:\pythonProject\Deadshot - ModMail\cogs\ModMail.py", line 160, in on_submit
    first_msg = await channel.send(f"{team_role.mention}", embed=kanal_embed)
  File "D:\pythonProject\Deadshot - ModMail\venv\lib\site-packages\discord\abc.py", line 1536, in send
    data = await state.http.send_message(channel.id, params=params)
  File "D:\pythonProject\Deadshot - ModMail\venv\lib\site-packages\discord\http.py", line 744, in request
    raise HTTPException(response, data)
discord.errors.HTTPException: 400 Bad Request (error code: 50035): Invalid Form Body
In embeds.0.fields.2.value: This field is required
[2022-11-05 21:06:23] [ERROR   ] discord.ui.view: Ignoring exception in view <Close_View timeout=None children=1> for item <Button style=<ButtonStyle.secondary: 2> url=None disabled=False label=None emoji=<PartialEmoji animated=False name='🔒' id=None> row=None>
Traceback (most recent call last):
  File "D:\pythonProject\Deadshot - ModMail\venv\lib\site-packages\discord\ui\view.py", line 425, in _scheduled_task
    await item.callback(interaction)
  File "D:\pythonProject\Deadshot - ModMail\cogs\ModMail.py", line 247, in button_callback_2
    await logging(interaction, f"Ticket geschlossen", interaction.user.display_avatar.url, f"Das Ticket {channel.mention} wurde geschlossen", discord.Colour.red(), f"Geschlossen von: {interaction.user}")
  File "D:\pythonProject\Deadshot - ModMail\cogs\ModMail.py", line 18, in logging
    await cur.execute("SELECT log_kanal, stand FROM setup WHERE guildID = (%s)", int(interaction.guild.id))
AttributeError: 'NoneType' object has no attribute 'id'
[2022-11-05 21:09:17] [INFO    ] discord.gateway: Shard ID None has connected to Gateway (Session ID: 0e9534f803849179cb4b9d103965624a).
[2022-11-05 21:10:18] [ERROR   ] discord.ext.commands.bot: Ignoring exception in command None
discord.ext.commands.errors.CommandNotFound: Command "hallo" is not found
[2022-11-05 21:10:34] [ERROR   ] discord.ext.commands.bot: Ignoring exception in command None
discord.ext.commands.errors.CommandNotFound: Command "hallo" is not found
[2022-11-05 21:10:41] [ERROR   ] discord.ext.commands.bot: Ignoring exception in command None
discord.ext.commands.errors.CommandNotFound: Command "hallo" is not found
[2022-11-05 21:13:52] [ERROR   ] discord.client: Ignoring exception in on_message
Traceback (most recent call last):
  File "D:\pythonProject\Deadshot - ModMail\venv\lib\site-packages\discord\client.py", line 409, in _run_event
    await coro(*args, **kwargs)
  File "D:\pythonProject\Deadshot - ModMail\cogs\ModMail.py", line 444, in on_message
    if int(daten2[1]) == int(message.channel.name):
ValueError: invalid literal for int() with base 10: 'Closed (714361420409733171)'
[2022-11-05 21:15:50] [ERROR   ] discord.ui.view: Ignoring exception in view <Close_View timeout=None children=1> for item <Button style=<ButtonStyle.secondary: 2> url=None disabled=False label=None emoji=<PartialEmoji animated=False name='🔒' id=None> row=None>
Traceback (most recent call last):
  File "D:\pythonProject\Deadshot - ModMail\venv\lib\site-packages\discord\ui\view.py", line 425, in _scheduled_task
    await item.callback(interaction)
  File "D:\pythonProject\Deadshot - ModMail\cogs\ModMail.py", line 247, in button_callback_2
    await logging(interaction, f"Ticket geschlossen", interaction.user.display_avatar.url, f"Das Ticket {channel.mention} wurde geschlossen", discord.Colour.red(), f"Geschlossen von: {interaction.user}")
  File "D:\pythonProject\Deadshot - ModMail\cogs\ModMail.py", line 18, in logging
    await cur.execute("SELECT log_kanal, stand FROM setup WHERE guildID = (%s)", int(interaction.guild.id))
AttributeError: 'NoneType' object has no attribute 'id'
[2022-11-05 21:17:08] [INFO    ] discord: Reloaded 'ModMail' | Ausgeführt von Luca♛#7857
[2022-11-05 21:17:21] [ERROR   ] discord.ui.modal: Ignoring exception in modal <open_ticket_modal timeout=None children=2>:
Traceback (most recent call last):
  File "D:\pythonProject\Deadshot - ModMail\venv\lib\site-packages\discord\ui\modal.py", line 186, in _scheduled_task
    await self.on_submit(interaction)
  File "D:\pythonProject\Deadshot - ModMail\cogs\ModMail.py", line 160, in on_submit
    first_msg = await channel.send(f"{team_role.mention}", embed=kanal_embed)
  File "D:\pythonProject\Deadshot - ModMail\venv\lib\site-packages\discord\abc.py", line 1536, in send
    data = await state.http.send_message(channel.id, params=params)
  File "D:\pythonProject\Deadshot - ModMail\venv\lib\site-packages\discord\http.py", line 744, in request
    raise HTTPException(response, data)
discord.errors.HTTPException: 400 Bad Request (error code: 50035): Invalid Form Body
In embeds.0.fields.2.value: This field is required
[2022-11-05 21:18:56] [INFO    ] discord: Reloaded 'ModMail' | Ausgeführt von Luca♛#7857
[2022-11-05 21:18:56] [ERROR   ] discord.app_commands.tree: Ignoring exception in command 'reload'
Traceback (most recent call last):
  File "D:\pythonProject\Deadshot - ModMail\venv\lib\site-packages\discord\app_commands\commands.py", line 850, in _do_call
    return await self._callback(self.binding, interaction, **params)  # type: ignore
  File "D:\pythonProject\Deadshot - ModMail\cogs\developer.py", line 69, in reload
    await interaction.response.send_message(embed=embed, ephemeral=True)
  File "D:\pythonProject\Deadshot - ModMail\venv\lib\site-packages\discord\interactions.py", line 718, in send_message
    await adapter.create_interaction_response(
  File "D:\pythonProject\Deadshot - ModMail\venv\lib\site-packages\discord\webhook\async_.py", line 219, in request
    raise NotFound(response, data)
discord.errors.NotFound: 404 Not Found (error code: 10062): Unknown interaction

The above exception was the direct cause of the following exception:

Traceback (most recent call last):
  File "D:\pythonProject\Deadshot - ModMail\venv\lib\site-packages\discord\app_commands\tree.py", line 1240, in _call
    await command._invoke_with_namespace(interaction, namespace)
  File "D:\pythonProject\Deadshot - ModMail\venv\lib\site-packages\discord\app_commands\commands.py", line 876, in _invoke_with_namespace
    return await self._do_call(interaction, transformed_values)
  File "D:\pythonProject\Deadshot - ModMail\venv\lib\site-packages\discord\app_commands\commands.py", line 869, in _do_call
    raise CommandInvokeError(self, e) from e
discord.app_commands.errors.CommandInvokeError: Command 'reload' raised an exception: NotFound: 404 Not Found (error code: 10062): Unknown interaction
[2022-11-05 21:19:02] [INFO    ] discord.gateway: Shard ID None has connected to Gateway (Session ID: 3b924fcf3f6cbdcae2cf20dc351a2724).
[2022-11-05 21:19:41] [ERROR   ] discord.ui.modal: Ignoring exception in modal <open_ticket_modal timeout=None children=2>:
Traceback (most recent call last):
  File "D:\pythonProject\Deadshot - ModMail\venv\lib\site-packages\discord\ui\modal.py", line 186, in _scheduled_task
    await self.on_submit(interaction)
  File "D:\pythonProject\Deadshot - ModMail\cogs\ModMail.py", line 160, in on_submit
    first_msg = await channel.send(f"{team_role.mention}", embed=kanal_embed)
  File "D:\pythonProject\Deadshot - ModMail\venv\lib\site-packages\discord\abc.py", line 1536, in send
    data = await state.http.send_message(channel.id, params=params)
  File "D:\pythonProject\Deadshot - ModMail\venv\lib\site-packages\discord\http.py", line 744, in request
    raise HTTPException(response, data)
discord.errors.HTTPException: 400 Bad Request (error code: 50035): Invalid Form Body
In embeds.0.fields.1.value: This field is required
[2022-11-05 21:20:30] [ERROR   ] discord.ui.view: Ignoring exception in view <Close_View timeout=None children=1> for item <Button style=<ButtonStyle.secondary: 2> url=None disabled=False label=None emoji=<PartialEmoji animated=False name='🔒' id=None> row=None>
Traceback (most recent call last):
  File "D:\pythonProject\Deadshot - ModMail\venv\lib\site-packages\discord\ui\view.py", line 425, in _scheduled_task
    await item.callback(interaction)
  File "D:\pythonProject\Deadshot - ModMail\cogs\ModMail.py", line 246, in button_callback_2
    await logging(interaction, f"Ticket geschlossen", interaction.user.display_avatar.url, f"Das Ticket {channel.mention} wurde geschlossen", discord.Colour.red(), f"Geschlossen von: {interaction.user}")
  File "D:\pythonProject\Deadshot - ModMail\cogs\ModMail.py", line 18, in logging
    await cur.execute("SELECT log_kanal, stand FROM setup WHERE guildID = (%s)", int(interaction.guild.id))
AttributeError: 'NoneType' object has no attribute 'id'
[2022-11-05 21:21:13] [INFO    ] discord: Reloaded 'ModMail' | Ausgeführt von Luca♛#7857
[2022-11-05 21:21:23] [ERROR   ] discord.ui.modal: Ignoring exception in modal <open_ticket_modal timeout=None children=2>:
Traceback (most recent call last):
  File "D:\pythonProject\Deadshot - ModMail\venv\lib\site-packages\discord\ui\modal.py", line 186, in _scheduled_task
    await self.on_submit(interaction)
  File "D:\pythonProject\Deadshot - ModMail\cogs\ModMail.py", line 160, in on_submit
    first_msg = await channel.send(f"{team_role.mention}", embed=kanal_embed)
  File "D:\pythonProject\Deadshot - ModMail\venv\lib\site-packages\discord\abc.py", line 1536, in send
    data = await state.http.send_message(channel.id, params=params)
  File "D:\pythonProject\Deadshot - ModMail\venv\lib\site-packages\discord\http.py", line 744, in request
    raise HTTPException(response, data)
discord.errors.HTTPException: 400 Bad Request (error code: 50035): Invalid Form Body
In embeds.0.fields.1.value: This field is required
[2022-11-05 21:24:00] [INFO    ] discord.gateway: Shard ID None has connected to Gateway (Session ID: 4972da4f37cffc024caa7c415ac8a4c4).
[2022-11-05 21:24:08] [ERROR   ] discord.ui.modal: Ignoring exception in modal <open_ticket_modal timeout=None children=2>:
Traceback (most recent call last):
  File "D:\pythonProject\Deadshot - ModMail\venv\lib\site-packages\discord\ui\modal.py", line 186, in _scheduled_task
    await self.on_submit(interaction)
  File "D:\pythonProject\Deadshot - ModMail\cogs\ModMail.py", line 161, in on_submit
    first_msg = await channel.send(f"{team_role.mention}", embed=kanal_embed)
  File "D:\pythonProject\Deadshot - ModMail\venv\lib\site-packages\discord\abc.py", line 1536, in send
    data = await state.http.send_message(channel.id, params=params)
  File "D:\pythonProject\Deadshot - ModMail\venv\lib\site-packages\discord\http.py", line 744, in request
    raise HTTPException(response, data)
discord.errors.HTTPException: 400 Bad Request (error code: 50035): Invalid Form Body
In embeds.0.fields.1.value: This field is required
[2022-11-05 21:24:57] [INFO    ] discord.gateway: Shard ID None has connected to Gateway (Session ID: 69ebacde47e1939e2d7fc0ea55219b68).
[2022-11-05 21:26:06] [ERROR   ] discord.ui.modal: Ignoring exception in modal <open_ticket_modal timeout=None children=2>:
Traceback (most recent call last):
  File "D:\pythonProject\Deadshot - ModMail\venv\lib\site-packages\discord\ui\modal.py", line 186, in _scheduled_task
    await self.on_submit(interaction)
  File "D:\pythonProject\Deadshot - ModMail\cogs\ModMail.py", line 161, in on_submit
    first_msg = await channel.send(f"{team_role.mention}", embed=kanal_embed)
  File "D:\pythonProject\Deadshot - ModMail\venv\lib\site-packages\discord\abc.py", line 1536, in send
    data = await state.http.send_message(channel.id, params=params)
  File "D:\pythonProject\Deadshot - ModMail\venv\lib\site-packages\discord\http.py", line 744, in request
    raise HTTPException(response, data)
discord.errors.HTTPException: 400 Bad Request (error code: 50035): Invalid Form Body
In embeds.0.fields.1.value: This field is required
[2022-11-05 21:28:33] [INFO    ] discord: Reloaded 'ModMail' | Ausgeführt von Luca♛#7857
[2022-11-05 21:28:33] [ERROR   ] discord.app_commands.tree: Ignoring exception in command 'reload'
Traceback (most recent call last):
  File "D:\pythonProject\Deadshot - ModMail\venv\lib\site-packages\discord\app_commands\commands.py", line 850, in _do_call
    return await self._callback(self.binding, interaction, **params)  # type: ignore
  File "D:\pythonProject\Deadshot - ModMail\cogs\developer.py", line 69, in reload
    await interaction.response.send_message(embed=embed, ephemeral=True)
  File "D:\pythonProject\Deadshot - ModMail\venv\lib\site-packages\discord\interactions.py", line 718, in send_message
    await adapter.create_interaction_response(
  File "D:\pythonProject\Deadshot - ModMail\venv\lib\site-packages\discord\webhook\async_.py", line 219, in request
    raise NotFound(response, data)
discord.errors.NotFound: 404 Not Found (error code: 10062): Unknown interaction

The above exception was the direct cause of the following exception:

Traceback (most recent call last):
  File "D:\pythonProject\Deadshot - ModMail\venv\lib\site-packages\discord\app_commands\tree.py", line 1240, in _call
    await command._invoke_with_namespace(interaction, namespace)
  File "D:\pythonProject\Deadshot - ModMail\venv\lib\site-packages\discord\app_commands\commands.py", line 876, in _invoke_with_namespace
    return await self._do_call(interaction, transformed_values)
  File "D:\pythonProject\Deadshot - ModMail\venv\lib\site-packages\discord\app_commands\commands.py", line 869, in _do_call
    raise CommandInvokeError(self, e) from e
discord.app_commands.errors.CommandInvokeError: Command 'reload' raised an exception: NotFound: 404 Not Found (error code: 10062): Unknown interaction
[2022-11-05 21:28:37] [ERROR   ] discord.ui.modal: Ignoring exception in modal <open_ticket_modal timeout=None children=2>:
Traceback (most recent call last):
  File "D:\pythonProject\Deadshot - ModMail\venv\lib\site-packages\discord\ui\modal.py", line 186, in _scheduled_task
    await self.on_submit(interaction)
  File "D:\pythonProject\Deadshot - ModMail\cogs\ModMail.py", line 163, in on_submit
    first_msg = await channel.send(f"{team_role.mention}", embed=kanal_embed)
  File "D:\pythonProject\Deadshot - ModMail\venv\lib\site-packages\discord\abc.py", line 1536, in send
    data = await state.http.send_message(channel.id, params=params)
  File "D:\pythonProject\Deadshot - ModMail\venv\lib\site-packages\discord\http.py", line 744, in request
    raise HTTPException(response, data)
discord.errors.HTTPException: 400 Bad Request (error code: 50035): Invalid Form Body
In embeds.0.fields.1.value: This field is required
[2022-11-05 21:29:02] [INFO    ] discord: Reloaded 'ModMail' | Ausgeführt von Luca♛#7857
[2022-11-05 21:29:19] [ERROR   ] discord.ui.modal: Ignoring exception in modal <open_ticket_modal timeout=None children=2>:
Traceback (most recent call last):
  File "D:\pythonProject\Deadshot - ModMail\venv\lib\site-packages\discord\ui\modal.py", line 186, in _scheduled_task
    await self.on_submit(interaction)
  File "D:\pythonProject\Deadshot - ModMail\cogs\ModMail.py", line 163, in on_submit
    first_msg = await channel.send(f"{team_role.mention}", embed=kanal_embed)
  File "D:\pythonProject\Deadshot - ModMail\venv\lib\site-packages\discord\abc.py", line 1536, in send
    data = await state.http.send_message(channel.id, params=params)
  File "D:\pythonProject\Deadshot - ModMail\venv\lib\site-packages\discord\http.py", line 744, in request
    raise HTTPException(response, data)
discord.errors.HTTPException: 400 Bad Request (error code: 50035): Invalid Form Body
In embeds.0.fields.1.value: This field is required
[2022-11-05 21:29:49] [INFO    ] discord: Reloaded 'ModMail' | Ausgeführt von Luca♛#7857
[2022-11-05 21:29:57] [ERROR   ] discord.ui.modal: Ignoring exception in modal <open_ticket_modal timeout=None children=2>:
Traceback (most recent call last):
  File "D:\pythonProject\Deadshot - ModMail\venv\lib\site-packages\discord\ui\modal.py", line 186, in _scheduled_task
    await self.on_submit(interaction)
  File "D:\pythonProject\Deadshot - ModMail\cogs\ModMail.py", line 164, in on_submit
    first_msg = await channel.send(f"{team_role.mention}", embed=kanal_embed)
  File "D:\pythonProject\Deadshot - ModMail\venv\lib\site-packages\discord\abc.py", line 1536, in send
    data = await state.http.send_message(channel.id, params=params)
  File "D:\pythonProject\Deadshot - ModMail\venv\lib\site-packages\discord\http.py", line 744, in request
    raise HTTPException(response, data)
discord.errors.HTTPException: 400 Bad Request (error code: 50035): Invalid Form Body
In embeds.0.fields.1.value: This field is required
[2022-11-05 21:31:24] [INFO    ] discord: Reloaded 'ModMail' | Ausgeführt von Luca♛#7857
[2022-11-05 21:31:33] [ERROR   ] discord.ui.modal: Ignoring exception in modal <open_ticket_modal timeout=None children=2>:
Traceback (most recent call last):
  File "D:\pythonProject\Deadshot - ModMail\venv\lib\site-packages\discord\ui\modal.py", line 186, in _scheduled_task
    await self.on_submit(interaction)
  File "D:\pythonProject\Deadshot - ModMail\cogs\ModMail.py", line 164, in on_submit
    first_msg = await channel.send(f"{team_role.mention}", embed=kanal_embed)
  File "D:\pythonProject\Deadshot - ModMail\venv\lib\site-packages\discord\abc.py", line 1536, in send
    data = await state.http.send_message(channel.id, params=params)
  File "D:\pythonProject\Deadshot - ModMail\venv\lib\site-packages\discord\http.py", line 744, in request
    raise HTTPException(response, data)
discord.errors.HTTPException: 400 Bad Request (error code: 50035): Invalid Form Body
In embeds.0.fields.1.value: This field is required
[2022-11-05 21:31:54] [INFO    ] discord: Reloaded 'ModMail' | Ausgeführt von Luca♛#7857
[2022-11-05 21:33:56] [INFO    ] discord: Reloaded 'ModMail' | Ausgeführt von Luca♛#7857
[2022-11-05 21:34:05] [ERROR   ] discord.ui.modal: Ignoring exception in modal <open_ticket_modal timeout=None children=2>:
Traceback (most recent call last):
  File "D:\pythonProject\Deadshot - ModMail\venv\lib\site-packages\discord\ui\modal.py", line 186, in _scheduled_task
    await self.on_submit(interaction)
  File "D:\pythonProject\Deadshot - ModMail\cogs\ModMail.py", line 164, in on_submit
    first_msg = await channel.send(f"{team_role.mention}", embed=kanal_embed)
  File "D:\pythonProject\Deadshot - ModMail\venv\lib\site-packages\discord\abc.py", line 1536, in send
    data = await state.http.send_message(channel.id, params=params)
  File "D:\pythonProject\Deadshot - ModMail\venv\lib\site-packages\discord\http.py", line 744, in request
    raise HTTPException(response, data)
discord.errors.HTTPException: 400 Bad Request (error code: 50035): Invalid Form Body
In embeds.0.fields.1.value: This field is required
[2022-11-05 21:36:09] [INFO    ] discord: Reloaded 'ModMail' | Ausgeführt von Luca♛#7857
[2022-11-05 21:36:17] [ERROR   ] discord.ui.modal: Ignoring exception in modal <open_ticket_modal timeout=None children=2>:
Traceback (most recent call last):
  File "D:\pythonProject\Deadshot - ModMail\venv\lib\site-packages\discord\ui\modal.py", line 186, in _scheduled_task
    await self.on_submit(interaction)
  File "D:\pythonProject\Deadshot - ModMail\cogs\ModMail.py", line 164, in on_submit
    first_msg = await channel.send(f"{team_role.mention}", embed=kanal_embed)
  File "D:\pythonProject\Deadshot - ModMail\venv\lib\site-packages\discord\abc.py", line 1536, in send
    data = await state.http.send_message(channel.id, params=params)
  File "D:\pythonProject\Deadshot - ModMail\venv\lib\site-packages\discord\http.py", line 744, in request
    raise HTTPException(response, data)
discord.errors.HTTPException: 400 Bad Request (error code: 50035): Invalid Form Body
In embeds.0.fields.1.value: This field is required
[2022-11-05 21:37:01] [INFO    ] discord: Reloaded 'ModMail' | Ausgeführt von Luca♛#7857
[2022-11-05 21:38:40] [ERROR   ] discord.ui.modal: Ignoring exception in modal <open_ticket_modal timeout=None children=2>:
Traceback (most recent call last):
  File "D:\pythonProject\Deadshot - ModMail\venv\lib\site-packages\discord\ui\modal.py", line 186, in _scheduled_task
    await self.on_submit(interaction)
  File "D:\pythonProject\Deadshot - ModMail\cogs\ModMail.py", line 165, in on_submit
    first_msg = await channel.send(f"{team_role.mention}", embed=kanal_embed)
  File "D:\pythonProject\Deadshot - ModMail\venv\lib\site-packages\discord\abc.py", line 1536, in send
    data = await state.http.send_message(channel.id, params=params)
  File "D:\pythonProject\Deadshot - ModMail\venv\lib\site-packages\discord\http.py", line 744, in request
    raise HTTPException(response, data)
discord.errors.HTTPException: 400 Bad Request (error code: 50035): Invalid Form Body
In embeds.0.fields.1.value: This field is required
[2022-11-05 21:41:55] [INFO    ] discord: Reloaded 'ModMail' | Ausgeführt von Luca♛#7857
[2022-11-05 21:41:55] [ERROR   ] discord.app_commands.tree: Ignoring exception in command 'reload'
Traceback (most recent call last):
  File "D:\pythonProject\Deadshot - ModMail\venv\lib\site-packages\discord\app_commands\commands.py", line 850, in _do_call
    return await self._callback(self.binding, interaction, **params)  # type: ignore
  File "D:\pythonProject\Deadshot - ModMail\cogs\developer.py", line 69, in reload
    await interaction.response.send_message(embed=embed, ephemeral=True)
  File "D:\pythonProject\Deadshot - ModMail\venv\lib\site-packages\discord\interactions.py", line 718, in send_message
    await adapter.create_interaction_response(
  File "D:\pythonProject\Deadshot - ModMail\venv\lib\site-packages\discord\webhook\async_.py", line 219, in request
    raise NotFound(response, data)
discord.errors.NotFound: 404 Not Found (error code: 10062): Unknown interaction

The above exception was the direct cause of the following exception:

Traceback (most recent call last):
  File "D:\pythonProject\Deadshot - ModMail\venv\lib\site-packages\discord\app_commands\tree.py", line 1240, in _call
    await command._invoke_with_namespace(interaction, namespace)
  File "D:\pythonProject\Deadshot - ModMail\venv\lib\site-packages\discord\app_commands\commands.py", line 876, in _invoke_with_namespace
    return await self._do_call(interaction, transformed_values)
  File "D:\pythonProject\Deadshot - ModMail\venv\lib\site-packages\discord\app_commands\commands.py", line 869, in _do_call
    raise CommandInvokeError(self, e) from e
discord.app_commands.errors.CommandInvokeError: Command 'reload' raised an exception: NotFound: 404 Not Found (error code: 10062): Unknown interaction
[2022-11-05 21:42:00] [INFO    ] discord.gateway: Shard ID None has connected to Gateway (Session ID: d74fa5a35874d5ca01322886f9a30443).
[2022-11-05 21:42:06] [ERROR   ] discord.ui.modal: Ignoring exception in modal <open_ticket_modal timeout=None children=2>:
Traceback (most recent call last):
  File "D:\pythonProject\Deadshot - ModMail\venv\lib\site-packages\discord\ui\modal.py", line 186, in _scheduled_task
    await self.on_submit(interaction)
  File "D:\pythonProject\Deadshot - ModMail\cogs\ModMail.py", line 165, in on_submit
    first_msg = await channel.send(f"{team_role.mention}", embed=kanal_embed)
  File "D:\pythonProject\Deadshot - ModMail\venv\lib\site-packages\discord\abc.py", line 1536, in send
    data = await state.http.send_message(channel.id, params=params)
  File "D:\pythonProject\Deadshot - ModMail\venv\lib\site-packages\discord\http.py", line 744, in request
    raise HTTPException(response, data)
discord.errors.HTTPException: 400 Bad Request (error code: 50035): Invalid Form Body
In embeds.0.fields.1.value: This field is required
[2022-11-05 21:46:55] [INFO    ] discord: Reloaded 'ModMail' | Ausgeführt von Luca♛#7857
[2022-11-05 21:46:56] [ERROR   ] discord.app_commands.tree: Ignoring exception in command 'reload'
Traceback (most recent call last):
  File "D:\pythonProject\Deadshot - ModMail\venv\lib\site-packages\discord\app_commands\commands.py", line 850, in _do_call
    return await self._callback(self.binding, interaction, **params)  # type: ignore
  File "D:\pythonProject\Deadshot - ModMail\cogs\developer.py", line 69, in reload
    await interaction.response.send_message(embed=embed, ephemeral=True)
  File "D:\pythonProject\Deadshot - ModMail\venv\lib\site-packages\discord\interactions.py", line 718, in send_message
    await adapter.create_interaction_response(
  File "D:\pythonProject\Deadshot - ModMail\venv\lib\site-packages\discord\webhook\async_.py", line 219, in request
    raise NotFound(response, data)
discord.errors.NotFound: 404 Not Found (error code: 10062): Unknown interaction

The above exception was the direct cause of the following exception:

Traceback (most recent call last):
  File "D:\pythonProject\Deadshot - ModMail\venv\lib\site-packages\discord\app_commands\tree.py", line 1240, in _call
    await command._invoke_with_namespace(interaction, namespace)
  File "D:\pythonProject\Deadshot - ModMail\venv\lib\site-packages\discord\app_commands\commands.py", line 876, in _invoke_with_namespace
    return await self._do_call(interaction, transformed_values)
  File "D:\pythonProject\Deadshot - ModMail\venv\lib\site-packages\discord\app_commands\commands.py", line 869, in _do_call
    raise CommandInvokeError(self, e) from e
discord.app_commands.errors.CommandInvokeError: Command 'reload' raised an exception: NotFound: 404 Not Found (error code: 10062): Unknown interaction
[2022-11-05 21:46:59] [INFO    ] discord: Es wurden 1 Befehle synchronisiert. | Ausgeführt von Luca♛#7857
[2022-11-05 21:47:03] [INFO    ] discord: Reloaded 'ModMail' | Ausgeführt von Luca♛#7857
[2022-11-05 21:47:10] [ERROR   ] discord.ui.modal: Ignoring exception in modal <open_ticket_modal timeout=None children=2>:
Traceback (most recent call last):
  File "D:\pythonProject\Deadshot - ModMail\venv\lib\site-packages\discord\ui\modal.py", line 186, in _scheduled_task
    await self.on_submit(interaction)
  File "D:\pythonProject\Deadshot - ModMail\cogs\ModMail.py", line 161, in on_submit
    first_msg = await channel.send(f"{team_role.mention}", embed=kanal_embed)
  File "D:\pythonProject\Deadshot - ModMail\venv\lib\site-packages\discord\abc.py", line 1536, in send
    data = await state.http.send_message(channel.id, params=params)
  File "D:\pythonProject\Deadshot - ModMail\venv\lib\site-packages\discord\http.py", line 744, in request
    raise HTTPException(response, data)
discord.errors.HTTPException: 400 Bad Request (error code: 50035): Invalid Form Body
In embeds.0.fields.1.value: This field is required
[2022-11-05 21:50:22] [INFO    ] discord.gateway: Shard ID None has connected to Gateway (Session ID: 5f6532f041cd2603e7672c0da777579b).
[2022-11-05 21:51:46] [INFO    ] discord.gateway: Shard ID None has connected to Gateway (Session ID: 3bc406e0e21d77f38eb3c1eeb9d4f92f).
[2022-11-05 21:52:02] [ERROR   ] discord.ui.modal: Ignoring exception in modal <open_ticket_modal timeout=None children=2>:
Traceback (most recent call last):
  File "D:\pythonProject\Deadshot - ModMail\venv\lib\site-packages\discord\ui\modal.py", line 186, in _scheduled_task
    await self.on_submit(interaction)
  File "D:\pythonProject\Deadshot - ModMail\cogs\ModMail.py", line 161, in on_submit
    first_msg = await channel.send(f"{team_role.mention}", embed=kanal_embed)
  File "D:\pythonProject\Deadshot - ModMail\venv\lib\site-packages\discord\abc.py", line 1536, in send
    data = await state.http.send_message(channel.id, params=params)
  File "D:\pythonProject\Deadshot - ModMail\venv\lib\site-packages\discord\http.py", line 744, in request
    raise HTTPException(response, data)
discord.errors.HTTPException: 400 Bad Request (error code: 50035): Invalid Form Body
In embeds.0.fields.1.value: This field is required
[2022-11-05 21:57:48] [ERROR   ] discord.ui.modal: Ignoring exception in modal <open_ticket_modal timeout=None children=2>:
Traceback (most recent call last):
  File "D:\pythonProject\Deadshot - ModMail\venv\lib\site-packages\discord\ui\modal.py", line 186, in _scheduled_task
    await self.on_submit(interaction)
  File "D:\pythonProject\Deadshot - ModMail\cogs\ModMail.py", line 161, in on_submit
    first_msg = await channel.send(f"{team_role.mention}", embed=kanal_embed)
  File "D:\pythonProject\Deadshot - ModMail\venv\lib\site-packages\discord\abc.py", line 1536, in send
    data = await state.http.send_message(channel.id, params=params)
  File "D:\pythonProject\Deadshot - ModMail\venv\lib\site-packages\discord\http.py", line 744, in request
    raise HTTPException(response, data)
discord.errors.HTTPException: 400 Bad Request (error code: 50035): Invalid Form Body
In embeds.0.fields.1.value: This field is required
[2022-11-05 22:03:08] [INFO    ] discord: Reloaded 'ModMail' | Ausgeführt von Luca♛#7857
[2022-11-05 22:03:09] [ERROR   ] discord.app_commands.tree: Ignoring exception in command 'reload'
Traceback (most recent call last):
  File "D:\pythonProject\Deadshot - ModMail\venv\lib\site-packages\discord\app_commands\commands.py", line 850, in _do_call
    return await self._callback(self.binding, interaction, **params)  # type: ignore
  File "D:\pythonProject\Deadshot - ModMail\cogs\developer.py", line 69, in reload
    await interaction.response.send_message(embed=embed, ephemeral=True)
  File "D:\pythonProject\Deadshot - ModMail\venv\lib\site-packages\discord\interactions.py", line 718, in send_message
    await adapter.create_interaction_response(
  File "D:\pythonProject\Deadshot - ModMail\venv\lib\site-packages\discord\webhook\async_.py", line 219, in request
    raise NotFound(response, data)
discord.errors.NotFound: 404 Not Found (error code: 10062): Unknown interaction

The above exception was the direct cause of the following exception:

Traceback (most recent call last):
  File "D:\pythonProject\Deadshot - ModMail\venv\lib\site-packages\discord\app_commands\tree.py", line 1240, in _call
    await command._invoke_with_namespace(interaction, namespace)
  File "D:\pythonProject\Deadshot - ModMail\venv\lib\site-packages\discord\app_commands\commands.py", line 876, in _invoke_with_namespace
    return await self._do_call(interaction, transformed_values)
  File "D:\pythonProject\Deadshot - ModMail\venv\lib\site-packages\discord\app_commands\commands.py", line 869, in _do_call
    raise CommandInvokeError(self, e) from e
discord.app_commands.errors.CommandInvokeError: Command 'reload' raised an exception: NotFound: 404 Not Found (error code: 10062): Unknown interaction
[2022-11-05 22:03:13] [ERROR   ] discord.ui.modal: Ignoring exception in modal <open_ticket_modal timeout=None children=2>:
Traceback (most recent call last):
  File "D:\pythonProject\Deadshot - ModMail\venv\lib\site-packages\discord\ui\modal.py", line 186, in _scheduled_task
    await self.on_submit(interaction)
  File "D:\pythonProject\Deadshot - ModMail\cogs\ModMail.py", line 161, in on_submit
    first_msg = await channel.send(f"{team_role.mention}", embed=kanal_embed)
  File "D:\pythonProject\Deadshot - ModMail\venv\lib\site-packages\discord\abc.py", line 1536, in send
    data = await state.http.send_message(channel.id, params=params)
  File "D:\pythonProject\Deadshot - ModMail\venv\lib\site-packages\discord\http.py", line 744, in request
    raise HTTPException(response, data)
discord.errors.HTTPException: 400 Bad Request (error code: 50035): Invalid Form Body
In embeds.0.fields.1.value: This field is required
[2022-11-05 22:04:43] [INFO    ] discord: Reloaded 'ModMail' | Ausgeführt von Luca♛#7857
[2022-11-05 22:06:08] [INFO    ] discord.gateway: Shard ID None has connected to Gateway (Session ID: c083d34f12df026d178366ed67aad030).
[2022-11-05 22:06:24] [ERROR   ] discord.client: Ignoring exception in on_message
Traceback (most recent call last):
  File "D:\pythonProject\Deadshot - ModMail\venv\lib\site-packages\discord\client.py", line 409, in _run_event
    await coro(*args, **kwargs)
  File "D:\pythonProject\Deadshot - ModMail\cogs\ModMail.py", line 385, in on_message
    await channel.send(embed=memberembed)
AttributeError: 'NoneType' object has no attribute 'send'
[2022-11-05 22:07:15] [ERROR   ] discord.client: Ignoring exception in on_message
Traceback (most recent call last):
  File "D:\pythonProject\Deadshot - ModMail\venv\lib\site-packages\discord\client.py", line 409, in _run_event
    await coro(*args, **kwargs)
  File "D:\pythonProject\Deadshot - ModMail\cogs\ModMail.py", line 385, in on_message
    await channel.send(embed=memberembed)
AttributeError: 'NoneType' object has no attribute 'send'
[2022-11-05 22:07:39] [INFO    ] discord.gateway: Shard ID None has connected to Gateway (Session ID: 9d86128b15974aba0cd9474b4cff8c70).
[2022-11-05 22:08:16] [ERROR   ] discord.client: Ignoring exception in on_message
Traceback (most recent call last):
  File "D:\pythonProject\Deadshot - ModMail\venv\lib\site-packages\discord\client.py", line 409, in _run_event
    await coro(*args, **kwargs)
  File "D:\pythonProject\Deadshot - ModMail\cogs\ModMail.py", line 385, in on_message
    await channel.send(embed=memberembed)
AttributeError: 'NoneType' object has no attribute 'send'
[2022-11-05 22:12:04] [INFO    ] discord.gateway: Shard ID None has connected to Gateway (Session ID: e54556dc158175d87f1da01043c576a3).
[2022-11-05 22:12:16] [INFO    ] discord: Reloaded 'ModMail' | Ausgeführt von Luca♛#7857
[2022-11-05 22:14:48] [INFO    ] discord: Reloaded 'ModMail' | Ausgeführt von Luca♛#7857
[2022-11-05 22:16:07] [INFO    ] discord: Reloaded 'ModMail' | Ausgeführt von Luca♛#7857
[2022-11-05 22:16:26] [ERROR   ] discord.app_commands.tree: Ignoring exception in command 'close'
Traceback (most recent call last):
  File "D:\pythonProject\Deadshot - ModMail\venv\lib\site-packages\discord\app_commands\commands.py", line 850, in _do_call
    return await self._callback(self.binding, interaction, **params)  # type: ignore
  File "D:\pythonProject\Deadshot - ModMail\cogs\ModMail.py", line 602, in close
    await cur.execute("DELETE * FROM tickets WHERE authorID = (%s) AND guildID = (%s)", (int(interaction.user.id), interaction.guild.id))
  File "D:\pythonProject\Deadshot - ModMail\venv\lib\site-packages\aiomysql\cursors.py", line 239, in execute
    await self._query(query)
  File "D:\pythonProject\Deadshot - ModMail\venv\lib\site-packages\aiomysql\cursors.py", line 457, in _query
    await conn.query(q)
  File "D:\pythonProject\Deadshot - ModMail\venv\lib\site-packages\aiomysql\connection.py", line 469, in query
    await self._read_query_result(unbuffered=unbuffered)
  File "D:\pythonProject\Deadshot - ModMail\venv\lib\site-packages\aiomysql\connection.py", line 672, in _read_query_result
    await result.read()
  File "D:\pythonProject\Deadshot - ModMail\venv\lib\site-packages\aiomysql\connection.py", line 1153, in read
    first_packet = await self.connection._read_packet()
  File "D:\pythonProject\Deadshot - ModMail\venv\lib\site-packages\aiomysql\connection.py", line 641, in _read_packet
    packet.raise_for_error()
  File "D:\pythonProject\Deadshot - ModMail\venv\lib\site-packages\pymysql\protocol.py", line 221, in raise_for_error
    err.raise_mysql_exception(self._data)
  File "D:\pythonProject\Deadshot - ModMail\venv\lib\site-packages\pymysql\err.py", line 143, in raise_mysql_exception
    raise errorclass(errno, errval)
pymysql.err.ProgrammingError: (1064, "You have an error in your SQL syntax; check the manual that corresponds to your MariaDB server version for the right syntax to use near '* FROM tickets WHERE authorID = (714361420409733171) AND guildID = (865251517...' at line 1")

The above exception was the direct cause of the following exception:

Traceback (most recent call last):
  File "D:\pythonProject\Deadshot - ModMail\venv\lib\site-packages\discord\app_commands\tree.py", line 1240, in _call
    await command._invoke_with_namespace(interaction, namespace)
  File "D:\pythonProject\Deadshot - ModMail\venv\lib\site-packages\discord\app_commands\commands.py", line 876, in _invoke_with_namespace
    return await self._do_call(interaction, transformed_values)
  File "D:\pythonProject\Deadshot - ModMail\venv\lib\site-packages\discord\app_commands\commands.py", line 869, in _do_call
    raise CommandInvokeError(self, e) from e
discord.app_commands.errors.CommandInvokeError: Command 'close' raised an exception: ProgrammingError: (1064, "You have an error in your SQL syntax; check the manual that corresponds to your MariaDB server version for the right syntax to use near '* FROM tickets WHERE authorID = (714361420409733171) AND guildID = (865251517...' at line 1")
[2022-11-05 22:16:38] [ERROR   ] discord.app_commands.tree: Ignoring exception in command 'close'
Traceback (most recent call last):
  File "D:\pythonProject\Deadshot - ModMail\venv\lib\site-packages\discord\app_commands\commands.py", line 850, in _do_call
    return await self._callback(self.binding, interaction, **params)  # type: ignore
  File "D:\pythonProject\Deadshot - ModMail\cogs\ModMail.py", line 602, in close
    await cur.execute("DELETE * FROM tickets WHERE authorID = (%s) AND guildID = (%s)", (int(interaction.user.id), interaction.guild.id))
  File "D:\pythonProject\Deadshot - ModMail\venv\lib\site-packages\aiomysql\cursors.py", line 239, in execute
    await self._query(query)
  File "D:\pythonProject\Deadshot - ModMail\venv\lib\site-packages\aiomysql\cursors.py", line 457, in _query
    await conn.query(q)
  File "D:\pythonProject\Deadshot - ModMail\venv\lib\site-packages\aiomysql\connection.py", line 469, in query
    await self._read_query_result(unbuffered=unbuffered)
  File "D:\pythonProject\Deadshot - ModMail\venv\lib\site-packages\aiomysql\connection.py", line 672, in _read_query_result
    await result.read()
  File "D:\pythonProject\Deadshot - ModMail\venv\lib\site-packages\aiomysql\connection.py", line 1153, in read
    first_packet = await self.connection._read_packet()
  File "D:\pythonProject\Deadshot - ModMail\venv\lib\site-packages\aiomysql\connection.py", line 641, in _read_packet
    packet.raise_for_error()
  File "D:\pythonProject\Deadshot - ModMail\venv\lib\site-packages\pymysql\protocol.py", line 221, in raise_for_error
    err.raise_mysql_exception(self._data)
  File "D:\pythonProject\Deadshot - ModMail\venv\lib\site-packages\pymysql\err.py", line 143, in raise_mysql_exception
    raise errorclass(errno, errval)
pymysql.err.ProgrammingError: (1064, "You have an error in your SQL syntax; check the manual that corresponds to your MariaDB server version for the right syntax to use near '* FROM tickets WHERE authorID = (714361420409733171) AND guildID = (865251517...' at line 1")

The above exception was the direct cause of the following exception:

Traceback (most recent call last):
  File "D:\pythonProject\Deadshot - ModMail\venv\lib\site-packages\discord\app_commands\tree.py", line 1240, in _call
    await command._invoke_with_namespace(interaction, namespace)
  File "D:\pythonProject\Deadshot - ModMail\venv\lib\site-packages\discord\app_commands\commands.py", line 876, in _invoke_with_namespace
    return await self._do_call(interaction, transformed_values)
  File "D:\pythonProject\Deadshot - ModMail\venv\lib\site-packages\discord\app_commands\commands.py", line 869, in _do_call
    raise CommandInvokeError(self, e) from e
discord.app_commands.errors.CommandInvokeError: Command 'close' raised an exception: ProgrammingError: (1064, "You have an error in your SQL syntax; check the manual that corresponds to your MariaDB server version for the right syntax to use near '* FROM tickets WHERE authorID = (714361420409733171) AND guildID = (865251517...' at line 1")
[2022-11-05 22:16:55] [INFO    ] discord: Reloaded 'ModMail' | Ausgeführt von Luca♛#7857
[2022-11-05 22:16:59] [ERROR   ] discord.app_commands.tree: Ignoring exception in command 'close'
Traceback (most recent call last):
  File "D:\pythonProject\Deadshot - ModMail\venv\lib\site-packages\discord\app_commands\commands.py", line 850, in _do_call
    return await self._callback(self.binding, interaction, **params)  # type: ignore
  File "D:\pythonProject\Deadshot - ModMail\cogs\ModMail.py", line 600, in close
    await interaction.response.send_message("› <:DeadShotHacken:1034554637845532692> | Das Ticket wurde erfolgreich geschlossen.")
  File "D:\pythonProject\Deadshot - ModMail\venv\lib\site-packages\discord\interactions.py", line 718, in send_message
    await adapter.create_interaction_response(
  File "D:\pythonProject\Deadshot - ModMail\venv\lib\site-packages\discord\webhook\async_.py", line 217, in request
    raise Forbidden(response, data)
discord.errors.Forbidden: 403 Forbidden (error code: 50083): Thread is archived

The above exception was the direct cause of the following exception:

Traceback (most recent call last):
  File "D:\pythonProject\Deadshot - ModMail\venv\lib\site-packages\discord\app_commands\tree.py", line 1240, in _call
    await command._invoke_with_namespace(interaction, namespace)
  File "D:\pythonProject\Deadshot - ModMail\venv\lib\site-packages\discord\app_commands\commands.py", line 876, in _invoke_with_namespace
    return await self._do_call(interaction, transformed_values)
  File "D:\pythonProject\Deadshot - ModMail\venv\lib\site-packages\discord\app_commands\commands.py", line 869, in _do_call
    raise CommandInvokeError(self, e) from e
discord.app_commands.errors.CommandInvokeError: Command 'close' raised an exception: Forbidden: 403 Forbidden (error code: 50083): Thread is archived
[2022-11-05 22:21:27] [INFO    ] discord: Reloaded 'ModMail' | Ausgeführt von Luca♛#7857
[2022-11-05 22:21:28] [ERROR   ] discord.app_commands.tree: Ignoring exception in command 'reload'
Traceback (most recent call last):
  File "D:\pythonProject\Deadshot - ModMail\venv\lib\site-packages\discord\app_commands\commands.py", line 850, in _do_call
    return await self._callback(self.binding, interaction, **params)  # type: ignore
  File "D:\pythonProject\Deadshot - ModMail\cogs\developer.py", line 69, in reload
    await interaction.response.send_message(embed=embed, ephemeral=True)
  File "D:\pythonProject\Deadshot - ModMail\venv\lib\site-packages\discord\interactions.py", line 718, in send_message
    await adapter.create_interaction_response(
  File "D:\pythonProject\Deadshot - ModMail\venv\lib\site-packages\discord\webhook\async_.py", line 219, in request
    raise NotFound(response, data)
discord.errors.NotFound: 404 Not Found (error code: 10062): Unknown interaction

The above exception was the direct cause of the following exception:

Traceback (most recent call last):
  File "D:\pythonProject\Deadshot - ModMail\venv\lib\site-packages\discord\app_commands\tree.py", line 1240, in _call
    await command._invoke_with_namespace(interaction, namespace)
  File "D:\pythonProject\Deadshot - ModMail\venv\lib\site-packages\discord\app_commands\commands.py", line 876, in _invoke_with_namespace
    return await self._do_call(interaction, transformed_values)
  File "D:\pythonProject\Deadshot - ModMail\venv\lib\site-packages\discord\app_commands\commands.py", line 869, in _do_call
    raise CommandInvokeError(self, e) from e
discord.app_commands.errors.CommandInvokeError: Command 'reload' raised an exception: NotFound: 404 Not Found (error code: 10062): Unknown interaction
[2022-11-05 22:22:18] [INFO    ] discord: Es wurden 1 Befehle synchronisiert. | Ausgeführt von Luca♛#7857
[2022-11-05 22:22:20] [INFO    ] discord: Reloaded 'ModMail' | Ausgeführt von Luca♛#7857
[2022-11-05 22:23:34] [INFO    ] discord: Reloaded 'ModMail' | Ausgeführt von Luca♛#7857
[2022-11-05 22:23:38] [ERROR   ] discord.app_commands.tree: Ignoring exception in command 'reload'
Traceback (most recent call last):
  File "D:\pythonProject\Deadshot - ModMail\venv\lib\site-packages\discord\app_commands\commands.py", line 850, in _do_call
    return await self._callback(self.binding, interaction, **params)  # type: ignore
  File "D:\pythonProject\Deadshot - ModMail\cogs\developer.py", line 69, in reload
    await interaction.response.send_message(embed=embed, ephemeral=True)
  File "D:\pythonProject\Deadshot - ModMail\venv\lib\site-packages\discord\interactions.py", line 718, in send_message
    await adapter.create_interaction_response(
  File "D:\pythonProject\Deadshot - ModMail\venv\lib\site-packages\discord\webhook\async_.py", line 219, in request
    raise NotFound(response, data)
discord.errors.NotFound: 404 Not Found (error code: 10062): Unknown interaction

The above exception was the direct cause of the following exception:

Traceback (most recent call last):
  File "D:\pythonProject\Deadshot - ModMail\venv\lib\site-packages\discord\app_commands\tree.py", line 1240, in _call
    await command._invoke_with_namespace(interaction, namespace)
  File "D:\pythonProject\Deadshot - ModMail\venv\lib\site-packages\discord\app_commands\commands.py", line 876, in _invoke_with_namespace
    return await self._do_call(interaction, transformed_values)
  File "D:\pythonProject\Deadshot - ModMail\venv\lib\site-packages\discord\app_commands\commands.py", line 869, in _do_call
    raise CommandInvokeError(self, e) from e
discord.app_commands.errors.CommandInvokeError: Command 'reload' raised an exception: NotFound: 404 Not Found (error code: 10062): Unknown interaction
[2022-11-05 22:23:41] [INFO    ] discord: Es wurden 15 Befehle synchronisiert. | Ausgeführt von Luca♛#7857
[2022-11-05 22:23:43] [INFO    ] discord: Reloaded 'ModMail' | Ausgeführt von Luca♛#7857
[2022-11-05 22:26:10] [INFO    ] discord.gateway: Shard ID None has connected to Gateway (Session ID: 81f47da8b08afabc82d33b5a1e27977f).
[2022-11-05 22:26:33] [INFO    ] discord.gateway: Shard ID None has connected to Gateway (Session ID: 27bb1787033e4659bc03cbe102c1fcb1).
[2022-11-05 22:27:08] [ERROR   ] discord.app_commands.tree: Ignoring exception in command 'close'
Traceback (most recent call last):
  File "D:\pythonProject\Deadshot - ModMail\venv\lib\site-packages\discord\app_commands\commands.py", line 850, in _do_call
    return await self._callback(self.binding, interaction, **params)  # type: ignore
  File "D:\pythonProject\Deadshot - ModMail\cogs\ModMail.py", line 604, in close
    await interaction.channel.edit(name=f"Closed ({member.id})", archived=True, locked=True)
AttributeError: 'NoneType' object has no attribute 'id'

The above exception was the direct cause of the following exception:

Traceback (most recent call last):
  File "D:\pythonProject\Deadshot - ModMail\venv\lib\site-packages\discord\app_commands\tree.py", line 1240, in _call
    await command._invoke_with_namespace(interaction, namespace)
  File "D:\pythonProject\Deadshot - ModMail\venv\lib\site-packages\discord\app_commands\commands.py", line 876, in _invoke_with_namespace
    return await self._do_call(interaction, transformed_values)
  File "D:\pythonProject\Deadshot - ModMail\venv\lib\site-packages\discord\app_commands\commands.py", line 869, in _do_call
    raise CommandInvokeError(self, e) from e
discord.app_commands.errors.CommandInvokeError: Command 'close' raised an exception: AttributeError: 'NoneType' object has no attribute 'id'
[2022-11-05 22:27:41] [INFO    ] discord: Reloaded 'ModMail' | Ausgeführt von Luca♛#7857
[2022-11-05 22:29:21] [INFO    ] discord: Reloaded 'ModMail' | Ausgeführt von Luca♛#7857
[2022-11-05 22:30:33] [INFO    ] discord: Reloaded 'ModMail' | Ausgeführt von Luca♛#7857
[2022-11-05 22:31:57] [INFO    ] discord: Reloaded 'ModMail' | Ausgeführt von Luca♛#7857
[2022-11-05 22:32:25] [INFO    ] discord: Reloaded 'ModMail' | Ausgeführt von Luca♛#7857
[2022-11-05 22:33:20] [INFO    ] discord: Reloaded 'ModMail' | Ausgeführt von Luca♛#7857
[2022-11-05 22:34:18] [INFO    ] discord: Reloaded 'ModMail' | Ausgeführt von Luca♛#7857
[2022-11-05 22:35:09] [INFO    ] discord.gateway: Shard ID None has connected to Gateway (Session ID: e4c299b65fdf439800c6ada050f502d1).
[2022-11-05 22:36:26] [INFO    ] discord.gateway: Shard ID None has connected to Gateway (Session ID: 2ad8c71febf75d38d52ea5cc9f90b98e).
[2022-11-05 22:39:50] [INFO    ] discord: Reloaded 'ModMail' | Ausgeführt von Luca♛#7857
[2022-11-05 22:40:25] [INFO    ] discord.gateway: Shard ID None has connected to Gateway (Session ID: f490076368469eb8443cc180f9e9f909).
[2022-11-05 22:41:14] [INFO    ] discord: Reloaded 'ModMail' | Ausgeführt von Luca♛#7857
[2022-11-05 22:41:15] [ERROR   ] discord.app_commands.tree: Ignoring exception in command 'reload'
Traceback (most recent call last):
  File "D:\pythonProject\Deadshot - ModMail\venv\lib\site-packages\discord\app_commands\commands.py", line 850, in _do_call
    return await self._callback(self.binding, interaction, **params)  # type: ignore
  File "D:\pythonProject\Deadshot - ModMail\cogs\developer.py", line 69, in reload
    await interaction.response.send_message(embed=embed, ephemeral=True)
  File "D:\pythonProject\Deadshot - ModMail\venv\lib\site-packages\discord\interactions.py", line 718, in send_message
    await adapter.create_interaction_response(
  File "D:\pythonProject\Deadshot - ModMail\venv\lib\site-packages\discord\webhook\async_.py", line 219, in request
    raise NotFound(response, data)
discord.errors.NotFound: 404 Not Found (error code: 10062): Unknown interaction

The above exception was the direct cause of the following exception:

Traceback (most recent call last):
  File "D:\pythonProject\Deadshot - ModMail\venv\lib\site-packages\discord\app_commands\tree.py", line 1240, in _call
    await command._invoke_with_namespace(interaction, namespace)
  File "D:\pythonProject\Deadshot - ModMail\venv\lib\site-packages\discord\app_commands\commands.py", line 876, in _invoke_with_namespace
    return await self._do_call(interaction, transformed_values)
  File "D:\pythonProject\Deadshot - ModMail\venv\lib\site-packages\discord\app_commands\commands.py", line 869, in _do_call
    raise CommandInvokeError(self, e) from e
discord.app_commands.errors.CommandInvokeError: Command 'reload' raised an exception: NotFound: 404 Not Found (error code: 10062): Unknown interaction
[2022-11-05 22:41:19] [INFO    ] discord.gateway: Shard ID None has connected to Gateway (Session ID: 2ca64c547026a86ae898f745236b5fe2).
[2022-11-05 22:41:25] [ERROR   ] discord.ui.view: Ignoring exception in view <Close_View timeout=None children=1> for item <Button style=<ButtonStyle.secondary: 2> url=None disabled=False label=None emoji=<PartialEmoji animated=False name='🔒' id=None> row=None>
Traceback (most recent call last):
  File "D:\pythonProject\Deadshot - ModMail\venv\lib\site-packages\discord\ui\view.py", line 425, in _scheduled_task
    await item.callback(interaction)
  File "D:\pythonProject\Deadshot - ModMail\cogs\ModMail.py", line 248, in button_callback_2
    await logging(interaction, f"Ticket geschlossen", interaction.user.display_avatar.url, f"Das Ticket {channel.mention} wurde geschlossen", discord.Colour.red(), f"Geschlossen von: {interaction.user}")
  File "D:\pythonProject\Deadshot - ModMail\cogs\ModMail.py", line 18, in logging
    await cur.execute("SELECT log_kanal, stand FROM setup WHERE guildID = (%s)", int(interaction.guild.id))
AttributeError: 'NoneType' object has no attribute 'id'
[2022-11-05 22:41:30] [ERROR   ] discord.ui.modal: Ignoring exception in modal <open_ticket_modal timeout=None children=2>:
Traceback (most recent call last):
  File "D:\pythonProject\Deadshot - ModMail\venv\lib\site-packages\discord\ui\modal.py", line 186, in _scheduled_task
    await self.on_submit(interaction)
  File "D:\pythonProject\Deadshot - ModMail\cogs\ModMail.py", line 163, in on_submit
    first_msg = await channel.send(f"{team_role.mention}", embed=kanal_embed)
  File "D:\pythonProject\Deadshot - ModMail\venv\lib\site-packages\discord\abc.py", line 1536, in send
    data = await state.http.send_message(channel.id, params=params)
  File "D:\pythonProject\Deadshot - ModMail\venv\lib\site-packages\discord\http.py", line 744, in request
    raise HTTPException(response, data)
discord.errors.HTTPException: 400 Bad Request (error code: 50035): Invalid Form Body
In embeds.0.fields.1.value: This field is required
[2022-11-05 22:41:57] [INFO    ] discord.gateway: Shard ID None has connected to Gateway (Session ID: ba1a91ed76b9dd61a3b1c30519f3519b).
[2022-11-05 22:42:15] [ERROR   ] discord.client: Ignoring exception in on_guild_channel_delete
Traceback (most recent call last):
  File "D:\pythonProject\Deadshot - ModMail\venv\lib\site-packages\discord\client.py", line 409, in _run_event
    await coro(*args, **kwargs)
  File "D:\pythonProject\Deadshot - ModMail\cogs\events.py", line 219, in on_guild_channel_delete
    await log_channel.send(embed=embed)
AttributeError: 'NoneType' object has no attribute 'send'
[2022-11-05 22:42:18] [ERROR   ] discord.client: Ignoring exception in on_guild_channel_delete
Traceback (most recent call last):
  File "D:\pythonProject\Deadshot - ModMail\venv\lib\site-packages\discord\client.py", line 409, in _run_event
    await coro(*args, **kwargs)
  File "D:\pythonProject\Deadshot - ModMail\cogs\events.py", line 219, in on_guild_channel_delete
    await log_channel.send(embed=embed)
AttributeError: 'NoneType' object has no attribute 'send'
[2022-11-05 22:44:24] [ERROR   ] discord.app_commands.tree: Ignoring exception in command 'add'
Traceback (most recent call last):
  File "D:\pythonProject\Deadshot - ModMail\venv\lib\site-packages\discord\app_commands\commands.py", line 850, in _do_call
    return await self._callback(self.binding, interaction, **params)  # type: ignore
  File "D:\pythonProject\Deadshot - ModMail\cogs\autotag.py", line 79, in add
    await interaction.response.send_message(embed=error_embed, ephemeral=True)
  File "D:\pythonProject\Deadshot - ModMail\venv\lib\site-packages\discord\interactions.py", line 692, in send_message
    raise InteractionResponded(self._parent)
discord.errors.InteractionResponded: This interaction has already been responded to before

The above exception was the direct cause of the following exception:

Traceback (most recent call last):
  File "D:\pythonProject\Deadshot - ModMail\venv\lib\site-packages\discord\app_commands\tree.py", line 1240, in _call
    await command._invoke_with_namespace(interaction, namespace)
  File "D:\pythonProject\Deadshot - ModMail\venv\lib\site-packages\discord\app_commands\commands.py", line 876, in _invoke_with_namespace
    return await self._do_call(interaction, transformed_values)
  File "D:\pythonProject\Deadshot - ModMail\venv\lib\site-packages\discord\app_commands\commands.py", line 869, in _do_call
    raise CommandInvokeError(self, e) from e
discord.app_commands.errors.CommandInvokeError: Command 'add' raised an exception: InteractionResponded: This interaction has already been responded to before
[2022-11-05 22:44:33] [ERROR   ] discord.ui.modal: Ignoring exception in modal <open_ticket_modal timeout=None children=2>:
Traceback (most recent call last):
  File "D:\pythonProject\Deadshot - ModMail\venv\lib\site-packages\discord\ui\modal.py", line 186, in _scheduled_task
    await self.on_submit(interaction)
  File "D:\pythonProject\Deadshot - ModMail\cogs\ModMail.py", line 159, in on_submit
    first_msg = await channel.send(f"{team_role.mention}", embed=kanal_embed)
AttributeError: 'NoneType' object has no attribute 'send'
[2022-11-05 22:44:58] [INFO    ] discord: Reloaded 'ModMail' | Ausgeführt von Luca♛#7857
[2022-11-05 22:45:04] [ERROR   ] discord.ui.modal: Ignoring exception in modal <open_ticket_modal timeout=None children=2>:
Traceback (most recent call last):
  File "D:\pythonProject\Deadshot - ModMail\venv\lib\site-packages\discord\ui\modal.py", line 186, in _scheduled_task
    await self.on_submit(interaction)
  File "D:\pythonProject\Deadshot - ModMail\cogs\ModMail.py", line 159, in on_submit
    first_msg = await channel.send(f"{team_role.mention}", embed=kanal_embed)
AttributeError: 'NoneType' object has no attribute 'send'
[2022-11-05 22:46:18] [INFO    ] discord: Reloaded 'ModMail' | Ausgeführt von Luca♛#7857
[2022-11-06 10:56:16] [INFO    ] discord.gateway: Shard ID None has connected to Gateway (Session ID: 7620c484169bc3ea9260d922439bb45d).
[2022-11-06 12:30:46] [INFO    ] discord.gateway: Shard ID None has successfully RESUMED session 7620c484169bc3ea9260d922439bb45d.
[2022-11-06 13:01:27] [INFO    ] discord.gateway: Shard ID None has successfully RESUMED session 7620c484169bc3ea9260d922439bb45d.
[2022-11-06 13:52:37] [INFO    ] discord.gateway: Shard ID None has successfully RESUMED session 7620c484169bc3ea9260d922439bb45d.
[2022-11-06 15:28:18] [INFO    ] discord.gateway: Shard ID None has successfully RESUMED session 7620c484169bc3ea9260d922439bb45d.
[2022-11-06 15:36:04] [INFO    ] discord: Reloaded 'ModMail' | Ausgeführt von Luca♛#7857
[2022-11-06 15:38:35] [INFO    ] discord: Reloaded 'ModMail' | Ausgeführt von Luca♛#7857
[2022-11-06 15:38:56] [ERROR   ] discord.client: Ignoring exception in on_message
Traceback (most recent call last):
  File "D:\pythonProject\Deadshot - ModMail\venv\lib\site-packages\discord\client.py", line 409, in _run_event
    await coro(*args, **kwargs)
  File "D:\pythonProject\Deadshot - ModMail\cogs\ModMail.py", line 511, in on_message
    await message.delete()
  File "D:\pythonProject\Deadshot - ModMail\venv\lib\site-packages\discord\message.py", line 806, in delete
    await self._state.http.delete_message(self.channel.id, self.id)
  File "D:\pythonProject\Deadshot - ModMail\venv\lib\site-packages\discord\http.py", line 740, in request
    raise NotFound(response, data)
discord.errors.NotFound: 404 Not Found (error code: 10008): Unknown Message
[2022-11-06 15:41:45] [INFO    ] discord: Reloaded 'ModMail' | Ausgeführt von Luca♛#7857
[2022-11-06 15:43:21] [ERROR   ] discord.ext.commands.bot: Ignoring exception in command None
discord.ext.commands.errors.CommandNotFound: Command "hallo" is not found
[2022-11-06 15:43:40] [INFO    ] discord: Reloaded 'ModMail' | Ausgeführt von Luca♛#7857
[2022-11-06 16:15:12] [INFO    ] discord.gateway: Shard ID None has connected to Gateway (Session ID: d5ee89facebceb088d8bdb8833d9e9a7).
[2022-11-06 16:15:39] [INFO    ] discord: Reloaded 'autotag' | Ausgeführt von Luca♛#7857
[2022-11-06 16:15:42] [INFO    ] discord: Es wurden 15 Befehle synchronisiert. | Ausgeführt von Luca♛#7857
[2022-11-06 16:16:17] [ERROR   ] discord.app_commands.tree: Ignoring exception in command 'add'
Traceback (most recent call last):
  File "D:\pythonProject\Deadshot - ModMail\venv\lib\site-packages\discord\app_commands\commands.py", line 850, in _do_call
    return await self._callback(self.binding, interaction, **params)  # type: ignore
  File "D:\pythonProject\Deadshot - ModMail\cogs\autotag.py", line 69, in add
    await cur.execute("INSERT INTO autofaq(guildID, tag, auto_antwort, bild_url) VALUES(%s, %s, %s)", (interaction.guild.id, tag, auto_antwort, bild.url))
  File "D:\pythonProject\Deadshot - ModMail\venv\lib\site-packages\aiomysql\cursors.py", line 237, in execute
    query = query % self._escape_args(args, conn)
TypeError: not all arguments converted during string formatting

The above exception was the direct cause of the following exception:

Traceback (most recent call last):
  File "D:\pythonProject\Deadshot - ModMail\venv\lib\site-packages\discord\app_commands\tree.py", line 1240, in _call
    await command._invoke_with_namespace(interaction, namespace)
  File "D:\pythonProject\Deadshot - ModMail\venv\lib\site-packages\discord\app_commands\commands.py", line 876, in _invoke_with_namespace
    return await self._do_call(interaction, transformed_values)
  File "D:\pythonProject\Deadshot - ModMail\venv\lib\site-packages\discord\app_commands\commands.py", line 865, in _do_call
    raise CommandInvokeError(self, e) from e
discord.app_commands.errors.CommandInvokeError: Command 'add' raised an exception: TypeError: not all arguments converted during string formatting
[2022-11-06 16:17:20] [INFO    ] discord: Reloaded 'autotag' | Ausgeführt von Luca♛#7857
[2022-11-06 16:17:29] [ERROR   ] discord.app_commands.tree: Ignoring exception in command 'add'
Traceback (most recent call last):
  File "D:\pythonProject\Deadshot - ModMail\venv\lib\site-packages\discord\app_commands\commands.py", line 850, in _do_call
    return await self._callback(self.binding, interaction, **params)  # type: ignore
  File "D:\pythonProject\Deadshot - ModMail\cogs\autotag.py", line 82, in add
    await interaction.response.send_message(embed=error_embed, ephemeral=True)
  File "D:\pythonProject\Deadshot - ModMail\venv\lib\site-packages\discord\interactions.py", line 692, in send_message
    raise InteractionResponded(self._parent)
discord.errors.InteractionResponded: This interaction has already been responded to before

The above exception was the direct cause of the following exception:

Traceback (most recent call last):
  File "D:\pythonProject\Deadshot - ModMail\venv\lib\site-packages\discord\app_commands\tree.py", line 1240, in _call
    await command._invoke_with_namespace(interaction, namespace)
  File "D:\pythonProject\Deadshot - ModMail\venv\lib\site-packages\discord\app_commands\commands.py", line 876, in _invoke_with_namespace
    return await self._do_call(interaction, transformed_values)
  File "D:\pythonProject\Deadshot - ModMail\venv\lib\site-packages\discord\app_commands\commands.py", line 869, in _do_call
    raise CommandInvokeError(self, e) from e
discord.app_commands.errors.CommandInvokeError: Command 'add' raised an exception: InteractionResponded: This interaction has already been responded to before
[2022-11-06 16:17:55] [ERROR   ] discord.app_commands.tree: Ignoring exception in command 'add'
Traceback (most recent call last):
  File "D:\pythonProject\Deadshot - ModMail\venv\lib\site-packages\discord\app_commands\commands.py", line 850, in _do_call
    return await self._callback(self.binding, interaction, **params)  # type: ignore
  File "D:\pythonProject\Deadshot - ModMail\cogs\autotag.py", line 67, in add
    await cur.execute("INSERT INTO autofaq(guildID, tag, auto_antwort, bild_url) VALUES(%s, %s, %s, %s)", (interaction.guild.id, tag, auto_antwort, bild.url))
AttributeError: 'NoneType' object has no attribute 'url'

The above exception was the direct cause of the following exception:

Traceback (most recent call last):
  File "D:\pythonProject\Deadshot - ModMail\venv\lib\site-packages\discord\app_commands\tree.py", line 1240, in _call
    await command._invoke_with_namespace(interaction, namespace)
  File "D:\pythonProject\Deadshot - ModMail\venv\lib\site-packages\discord\app_commands\commands.py", line 876, in _invoke_with_namespace
    return await self._do_call(interaction, transformed_values)
  File "D:\pythonProject\Deadshot - ModMail\venv\lib\site-packages\discord\app_commands\commands.py", line 869, in _do_call
    raise CommandInvokeError(self, e) from e
discord.app_commands.errors.CommandInvokeError: Command 'add' raised an exception: AttributeError: 'NoneType' object has no attribute 'url'
[2022-11-06 16:18:56] [INFO    ] discord: Reloaded 'autotag' | Ausgeführt von Luca♛#7857
[2022-11-06 16:19:02] [ERROR   ] discord.app_commands.tree: Ignoring exception in command 'add'
Traceback (most recent call last):
  File "D:\pythonProject\Deadshot - ModMail\venv\lib\site-packages\discord\app_commands\commands.py", line 850, in _do_call
    return await self._callback(self.binding, interaction, **params)  # type: ignore
  File "D:\pythonProject\Deadshot - ModMail\cogs\autotag.py", line 67, in add
    if bild.url is None:
AttributeError: 'NoneType' object has no attribute 'url'

The above exception was the direct cause of the following exception:

Traceback (most recent call last):
  File "D:\pythonProject\Deadshot - ModMail\venv\lib\site-packages\discord\app_commands\tree.py", line 1240, in _call
    await command._invoke_with_namespace(interaction, namespace)
  File "D:\pythonProject\Deadshot - ModMail\venv\lib\site-packages\discord\app_commands\commands.py", line 876, in _invoke_with_namespace
    return await self._do_call(interaction, transformed_values)
  File "D:\pythonProject\Deadshot - ModMail\venv\lib\site-packages\discord\app_commands\commands.py", line 869, in _do_call
    raise CommandInvokeError(self, e) from e
discord.app_commands.errors.CommandInvokeError: Command 'add' raised an exception: AttributeError: 'NoneType' object has no attribute 'url'
[2022-11-06 16:19:42] [INFO    ] discord: Reloaded 'autotag' | Ausgeführt von Luca♛#7857
[2022-11-06 16:19:55] [ERROR   ] discord.app_commands.tree: Ignoring exception in command 'add'
Traceback (most recent call last):
  File "D:\pythonProject\Deadshot - ModMail\venv\lib\site-packages\discord\app_commands\commands.py", line 850, in _do_call
    return await self._callback(self.binding, interaction, **params)  # type: ignore
  File "D:\pythonProject\Deadshot - ModMail\cogs\autotag.py", line 88, in add
    await interaction.response.send_message(embed=error_embed, ephemeral=True)
  File "D:\pythonProject\Deadshot - ModMail\venv\lib\site-packages\discord\interactions.py", line 692, in send_message
    raise InteractionResponded(self._parent)
discord.errors.InteractionResponded: This interaction has already been responded to before

The above exception was the direct cause of the following exception:

Traceback (most recent call last):
  File "D:\pythonProject\Deadshot - ModMail\venv\lib\site-packages\discord\app_commands\tree.py", line 1240, in _call
    await command._invoke_with_namespace(interaction, namespace)
  File "D:\pythonProject\Deadshot - ModMail\venv\lib\site-packages\discord\app_commands\commands.py", line 876, in _invoke_with_namespace
    return await self._do_call(interaction, transformed_values)
  File "D:\pythonProject\Deadshot - ModMail\venv\lib\site-packages\discord\app_commands\commands.py", line 869, in _do_call
    raise CommandInvokeError(self, e) from e
discord.app_commands.errors.CommandInvokeError: Command 'add' raised an exception: InteractionResponded: This interaction has already been responded to before
[2022-11-06 16:21:27] [INFO    ] discord: Reloaded 'ModMail' | Ausgeführt von Luca♛#7857
[2022-11-06 16:21:53] [ERROR   ] discord.ui.view: Ignoring exception in view <Close_View timeout=None children=1> for item <Button style=<ButtonStyle.secondary: 2> url=None disabled=False label=None emoji=<PartialEmoji animated=False name='🔒' id=None> row=None>
Traceback (most recent call last):
  File "D:\pythonProject\Deadshot - ModMail\venv\lib\site-packages\discord\ui\view.py", line 425, in _scheduled_task
    await item.callback(interaction)
  File "D:\pythonProject\Deadshot - ModMail\cogs\ModMail.py", line 244, in button_callback_2
    await logging(interaction, f"Ticket geschlossen", interaction.user.display_avatar.url, f"Das Ticket {channel.mention} wurde geschlossen", discord.Colour.red(), f"Geschlossen von: {interaction.user}")
  File "D:\pythonProject\Deadshot - ModMail\cogs\ModMail.py", line 18, in logging
    await cur.execute("SELECT log_kanal, stand FROM setup WHERE guildID = (%s)", int(interaction.guild.id))
AttributeError: 'NoneType' object has no attribute 'id'
[2022-11-06 16:23:03] [INFO    ] discord: Reloaded 'autotag' | Ausgeführt von Luca♛#7857
[2022-11-06 16:27:55] [INFO    ] discord: Reloaded 'autotag' | Ausgeführt von Luca♛#7857
[2022-11-06 16:27:56] [INFO    ] discord: Es wurden 15 Befehle synchronisiert. | Ausgeführt von Luca♛#7857
[2022-11-06 16:31:16] [INFO    ] discord: Reloaded 'settings' | Ausgeführt von Luca♛#7857
[2022-11-06 16:44:10] [INFO    ] discord: Reloaded 'events' | Ausgeführt von Luca♛#7857
[2022-11-06 16:44:35] [ERROR   ] discord.client: Ignoring exception in on_thread_delete
Traceback (most recent call last):
  File "D:\pythonProject\Deadshot - ModMail\venv\lib\site-packages\discord\client.py", line 409, in _run_event
    await coro(*args, **kwargs)
  File "D:\pythonProject\Deadshot - ModMail\cogs\events.py", line 240, in on_thread_delete
    await log_channel.send(embed=embed)
AttributeError: 'NoneType' object has no attribute 'send'
[2022-11-06 16:45:11] [INFO    ] discord: Reloaded 'ModMail' | Ausgeführt von Luca♛#7857
[2022-11-06 16:45:28] [ERROR   ] discord.client: Ignoring exception in on_thread_delete
Traceback (most recent call last):
  File "D:\pythonProject\Deadshot - ModMail\venv\lib\site-packages\discord\client.py", line 409, in _run_event
    await coro(*args, **kwargs)
  File "D:\pythonProject\Deadshot - ModMail\cogs\events.py", line 240, in on_thread_delete
    await log_channel.send(embed=embed)
AttributeError: 'NoneType' object has no attribute 'send'
[2022-11-06 16:46:04] [INFO    ] discord.gateway: Shard ID None has connected to Gateway (Session ID: 05d3d78f36ae351be1e6151af05da781).
[2022-11-06 16:46:23] [ERROR   ] discord.client: Ignoring exception in on_thread_delete
Traceback (most recent call last):
  File "D:\pythonProject\Deadshot - ModMail\venv\lib\site-packages\discord\client.py", line 409, in _run_event
    await coro(*args, **kwargs)
  File "D:\pythonProject\Deadshot - ModMail\cogs\events.py", line 240, in on_thread_delete
    await log_channel.send(embed=embed)
AttributeError: 'NoneType' object has no attribute 'send'
[2022-11-06 16:47:05] [INFO    ] discord: Reloaded 'events' | Ausgeführt von Luca♛#7857
[2022-11-06 16:47:08] [INFO    ] discord: Reloaded 'ModMail' | Ausgeführt von Luca♛#7857
[2022-11-06 16:47:26] [ERROR   ] discord.client: Ignoring exception in on_thread_delete
Traceback (most recent call last):
  File "D:\pythonProject\Deadshot - ModMail\venv\lib\site-packages\discord\client.py", line 409, in _run_event
    await coro(*args, **kwargs)
  File "D:\pythonProject\Deadshot - ModMail\cogs\events.py", line 241, in on_thread_delete
    await log_channel.send(embed=embed)
AttributeError: 'NoneType' object has no attribute 'send'
[2022-11-06 16:48:03] [INFO    ] discord: Reloaded 'events' | Ausgeführt von Luca♛#7857
[2022-11-06 16:48:06] [INFO    ] discord: Reloaded 'ModMail' | Ausgeführt von Luca♛#7857
[2022-11-06 16:53:52] [INFO    ] discord: Reloaded 'events' | Ausgeführt von Luca♛#7857
[2022-11-06 16:55:51] [INFO    ] discord: Reloaded 'events' | Ausgeführt von Luca♛#7857
[2022-11-06 16:55:56] [ERROR   ] discord.client: Ignoring exception in on_thread_update
Traceback (most recent call last):
  File "D:\pythonProject\Deadshot - ModMail\venv\lib\site-packages\discord\client.py", line 409, in _run_event
    await coro(*args, **kwargs)
  File "D:\pythonProject\Deadshot - ModMail\cogs\events.py", line 252, in on_thread_update
    await cur.execute("SELECT authorID FROM tickets WHERE guild = (%s) AND ticketID = (%s)", (before.guild.id, after.guild.id))
  File "D:\pythonProject\Deadshot - ModMail\venv\lib\site-packages\aiomysql\cursors.py", line 239, in execute
    await self._query(query)
  File "D:\pythonProject\Deadshot - ModMail\venv\lib\site-packages\aiomysql\cursors.py", line 457, in _query
    await conn.query(q)
  File "D:\pythonProject\Deadshot - ModMail\venv\lib\site-packages\aiomysql\connection.py", line 469, in query
    await self._read_query_result(unbuffered=unbuffered)
  File "D:\pythonProject\Deadshot - ModMail\venv\lib\site-packages\aiomysql\connection.py", line 672, in _read_query_result
    await result.read()
  File "D:\pythonProject\Deadshot - ModMail\venv\lib\site-packages\aiomysql\connection.py", line 1153, in read
    first_packet = await self.connection._read_packet()
  File "D:\pythonProject\Deadshot - ModMail\venv\lib\site-packages\aiomysql\connection.py", line 641, in _read_packet
    packet.raise_for_error()
  File "D:\pythonProject\Deadshot - ModMail\venv\lib\site-packages\pymysql\protocol.py", line 221, in raise_for_error
    err.raise_mysql_exception(self._data)
  File "D:\pythonProject\Deadshot - ModMail\venv\lib\site-packages\pymysql\err.py", line 143, in raise_mysql_exception
    raise errorclass(errno, errval)
pymysql.err.OperationalError: (1054, "Unknown column 'guild' in 'where clause'")
[2022-11-06 16:58:11] [INFO    ] discord: Reloaded 'events' | Ausgeführt von Luca♛#7857
[2022-11-06 16:58:12] [ERROR   ] discord.client: Ignoring exception in on_thread_update
Traceback (most recent call last):
  File "D:\pythonProject\Deadshot - ModMail\venv\lib\site-packages\discord\client.py", line 409, in _run_event
    await coro(*args, **kwargs)
  File "D:\pythonProject\Deadshot - ModMail\cogs\events.py", line 252, in on_thread_update
    await cur.execute("SELECT authorID FROM tickets WHERE guild = (%s) AND ticketID = (%s)", (before.guild.id, before.guild.id))
  File "D:\pythonProject\Deadshot - ModMail\venv\lib\site-packages\aiomysql\cursors.py", line 239, in execute
    await self._query(query)
  File "D:\pythonProject\Deadshot - ModMail\venv\lib\site-packages\aiomysql\cursors.py", line 457, in _query
    await conn.query(q)
  File "D:\pythonProject\Deadshot - ModMail\venv\lib\site-packages\aiomysql\connection.py", line 469, in query
    await self._read_query_result(unbuffered=unbuffered)
  File "D:\pythonProject\Deadshot - ModMail\venv\lib\site-packages\aiomysql\connection.py", line 672, in _read_query_result
    await result.read()
  File "D:\pythonProject\Deadshot - ModMail\venv\lib\site-packages\aiomysql\connection.py", line 1153, in read
    first_packet = await self.connection._read_packet()
  File "D:\pythonProject\Deadshot - ModMail\venv\lib\site-packages\aiomysql\connection.py", line 641, in _read_packet
    packet.raise_for_error()
  File "D:\pythonProject\Deadshot - ModMail\venv\lib\site-packages\pymysql\protocol.py", line 221, in raise_for_error
    err.raise_mysql_exception(self._data)
  File "D:\pythonProject\Deadshot - ModMail\venv\lib\site-packages\pymysql\err.py", line 143, in raise_mysql_exception
    raise errorclass(errno, errval)
pymysql.err.OperationalError: (1054, "Unknown column 'guild' in 'where clause'")
[2022-11-06 16:58:38] [INFO    ] discord: Reloaded 'events' | Ausgeführt von Luca♛#7857
[2022-11-06 16:58:42] [ERROR   ] discord.client: Ignoring exception in on_thread_update
Traceback (most recent call last):
  File "D:\pythonProject\Deadshot - ModMail\venv\lib\site-packages\discord\client.py", line 409, in _run_event
    await coro(*args, **kwargs)
  File "D:\pythonProject\Deadshot - ModMail\cogs\events.py", line 252, in on_thread_update
    await cur.execute("SELECT authorID FROM tickets WHERE guild = (%s) AND ticketID = (%s)", (before.guild.id, before.id))
  File "D:\pythonProject\Deadshot - ModMail\venv\lib\site-packages\aiomysql\cursors.py", line 239, in execute
    await self._query(query)
  File "D:\pythonProject\Deadshot - ModMail\venv\lib\site-packages\aiomysql\cursors.py", line 457, in _query
    await conn.query(q)
  File "D:\pythonProject\Deadshot - ModMail\venv\lib\site-packages\aiomysql\connection.py", line 469, in query
    await self._read_query_result(unbuffered=unbuffered)
  File "D:\pythonProject\Deadshot - ModMail\venv\lib\site-packages\aiomysql\connection.py", line 672, in _read_query_result
    await result.read()
  File "D:\pythonProject\Deadshot - ModMail\venv\lib\site-packages\aiomysql\connection.py", line 1153, in read
    first_packet = await self.connection._read_packet()
  File "D:\pythonProject\Deadshot - ModMail\venv\lib\site-packages\aiomysql\connection.py", line 641, in _read_packet
    packet.raise_for_error()
  File "D:\pythonProject\Deadshot - ModMail\venv\lib\site-packages\pymysql\protocol.py", line 221, in raise_for_error
    err.raise_mysql_exception(self._data)
  File "D:\pythonProject\Deadshot - ModMail\venv\lib\site-packages\pymysql\err.py", line 143, in raise_mysql_exception
    raise errorclass(errno, errval)
pymysql.err.OperationalError: (1054, "Unknown column 'guild' in 'where clause'")
[2022-11-06 16:59:03] [INFO    ] discord: Reloaded 'events' | Ausgeführt von Luca♛#7857
[2022-11-06 16:59:07] [ERROR   ] discord.client: Ignoring exception in on_thread_update
Traceback (most recent call last):
  File "D:\pythonProject\Deadshot - ModMail\venv\lib\site-packages\discord\client.py", line 409, in _run_event
    await coro(*args, **kwargs)
  File "D:\pythonProject\Deadshot - ModMail\cogs\events.py", line 259, in on_thread_update
    await cur.execute("DELETE FROM tickets WHERE guild = (%s) AND ticketID = (%s)", (before.guild.id, before.guild.id))
  File "D:\pythonProject\Deadshot - ModMail\venv\lib\site-packages\aiomysql\cursors.py", line 239, in execute
    await self._query(query)
  File "D:\pythonProject\Deadshot - ModMail\venv\lib\site-packages\aiomysql\cursors.py", line 457, in _query
    await conn.query(q)
  File "D:\pythonProject\Deadshot - ModMail\venv\lib\site-packages\aiomysql\connection.py", line 469, in query
    await self._read_query_result(unbuffered=unbuffered)
  File "D:\pythonProject\Deadshot - ModMail\venv\lib\site-packages\aiomysql\connection.py", line 672, in _read_query_result
    await result.read()
  File "D:\pythonProject\Deadshot - ModMail\venv\lib\site-packages\aiomysql\connection.py", line 1153, in read
    first_packet = await self.connection._read_packet()
  File "D:\pythonProject\Deadshot - ModMail\venv\lib\site-packages\aiomysql\connection.py", line 641, in _read_packet
    packet.raise_for_error()
  File "D:\pythonProject\Deadshot - ModMail\venv\lib\site-packages\pymysql\protocol.py", line 221, in raise_for_error
    err.raise_mysql_exception(self._data)
  File "D:\pythonProject\Deadshot - ModMail\venv\lib\site-packages\pymysql\err.py", line 143, in raise_mysql_exception
    raise errorclass(errno, errval)
pymysql.err.OperationalError: (1054, "Unknown column 'guild' in 'where clause'")
[2022-11-06 16:59:24] [INFO    ] discord: Reloaded 'events' | Ausgeführt von Luca♛#7857
[2022-11-06 17:42:43] [INFO    ] discord: Reloaded 'events' | Ausgeführt von Luca♛#7857
[2022-11-06 17:43:53] [INFO    ] discord.gateway: Shard ID None has connected to Gateway (Session ID: 635308f9941ae5c2981832aa7720abee).
[2022-11-06 17:44:09] [INFO    ] discord: Reloaded 'events' | Ausgeführt von Luca♛#7857
[2022-11-06 17:44:20] [INFO    ] discord: Reloaded 'ModMail' | Ausgeführt von Luca♛#7857
[2022-11-06 17:49:24] [INFO    ] discord: Reloaded 'info' | Ausgeführt von Luca♛#7857
[2022-11-06 17:49:29] [ERROR   ] discord.app_commands.tree: Ignoring exception in command 'ticketinfo'
Traceback (most recent call last):
  File "D:\pythonProject\Deadshot - ModMail\venv\lib\site-packages\discord\app_commands\tree.py", line 1240, in _call
    await command._invoke_with_namespace(interaction, namespace)
  File "D:\pythonProject\Deadshot - ModMail\venv\lib\site-packages\discord\app_commands\commands.py", line 875, in _invoke_with_namespace
    transformed_values = await self._transform_arguments(interaction, namespace)
  File "D:\pythonProject\Deadshot - ModMail\venv\lib\site-packages\discord\app_commands\commands.py", line 841, in _transform_arguments
    transformed_values[param.name] = await param.transform(interaction, value)
  File "D:\pythonProject\Deadshot - ModMail\venv\lib\site-packages\discord\app_commands\transformers.py", line 181, in transform
    return await maybe_coroutine(self._annotation.transform, interaction, value)  # type: ignore
  File "D:\pythonProject\Deadshot - ModMail\venv\lib\site-packages\discord\utils.py", line 650, in maybe_coroutine
    return await value
  File "D:\pythonProject\Deadshot - ModMail\venv\lib\site-packages\discord\app_commands\transformers.py", line 659, in transform
    raise TransformerError(value, AppCommandOptionType.channel, self)
discord.app_commands.errors.TransformerError: Failed to convert 790141389341720577 to Thread
[2022-11-06 17:49:54] [ERROR   ] discord.app_commands.tree: Ignoring exception in command 'ticketinfo'
Traceback (most recent call last):
  File "D:\pythonProject\Deadshot - ModMail\venv\lib\site-packages\discord\app_commands\tree.py", line 1240, in _call
    await command._invoke_with_namespace(interaction, namespace)
  File "D:\pythonProject\Deadshot - ModMail\venv\lib\site-packages\discord\app_commands\commands.py", line 875, in _invoke_with_namespace
    transformed_values = await self._transform_arguments(interaction, namespace)
  File "D:\pythonProject\Deadshot - ModMail\venv\lib\site-packages\discord\app_commands\commands.py", line 841, in _transform_arguments
    transformed_values[param.name] = await param.transform(interaction, value)
  File "D:\pythonProject\Deadshot - ModMail\venv\lib\site-packages\discord\app_commands\transformers.py", line 181, in transform
    return await maybe_coroutine(self._annotation.transform, interaction, value)  # type: ignore
  File "D:\pythonProject\Deadshot - ModMail\venv\lib\site-packages\discord\utils.py", line 650, in maybe_coroutine
    return await value
  File "D:\pythonProject\Deadshot - ModMail\venv\lib\site-packages\discord\app_commands\transformers.py", line 659, in transform
    raise TransformerError(value, AppCommandOptionType.channel, self)
discord.app_commands.errors.TransformerError: Failed to convert 790141389341720577 to Thread
[2022-11-06 17:50:09] [INFO    ] discord: Reloaded 'info' | Ausgeführt von Luca♛#7857
[2022-11-06 17:50:12] [ERROR   ] discord.app_commands.tree: Ignoring exception in command 'ticketinfo'
Traceback (most recent call last):
  File "D:\pythonProject\Deadshot - ModMail\venv\lib\site-packages\discord\app_commands\tree.py", line 1240, in _call
    await command._invoke_with_namespace(interaction, namespace)
  File "D:\pythonProject\Deadshot - ModMail\venv\lib\site-packages\discord\app_commands\commands.py", line 875, in _invoke_with_namespace
    transformed_values = await self._transform_arguments(interaction, namespace)
  File "D:\pythonProject\Deadshot - ModMail\venv\lib\site-packages\discord\app_commands\commands.py", line 841, in _transform_arguments
    transformed_values[param.name] = await param.transform(interaction, value)
  File "D:\pythonProject\Deadshot - ModMail\venv\lib\site-packages\discord\app_commands\transformers.py", line 181, in transform
    return await maybe_coroutine(self._annotation.transform, interaction, value)  # type: ignore
  File "D:\pythonProject\Deadshot - ModMail\venv\lib\site-packages\discord\utils.py", line 650, in maybe_coroutine
    return await value
  File "D:\pythonProject\Deadshot - ModMail\venv\lib\site-packages\discord\app_commands\transformers.py", line 659, in transform
    raise TransformerError(value, AppCommandOptionType.channel, self)
discord.app_commands.errors.TransformerError: Failed to convert 790141389341720577 to Thread
[2022-11-06 17:50:27] [ERROR   ] discord.app_commands.tree: Ignoring exception in command 'ticketinfo'
Traceback (most recent call last):
  File "D:\pythonProject\Deadshot - ModMail\venv\lib\site-packages\discord\app_commands\tree.py", line 1240, in _call
    await command._invoke_with_namespace(interaction, namespace)
  File "D:\pythonProject\Deadshot - ModMail\venv\lib\site-packages\discord\app_commands\commands.py", line 875, in _invoke_with_namespace
    transformed_values = await self._transform_arguments(interaction, namespace)
  File "D:\pythonProject\Deadshot - ModMail\venv\lib\site-packages\discord\app_commands\commands.py", line 841, in _transform_arguments
    transformed_values[param.name] = await param.transform(interaction, value)
  File "D:\pythonProject\Deadshot - ModMail\venv\lib\site-packages\discord\app_commands\transformers.py", line 181, in transform
    return await maybe_coroutine(self._annotation.transform, interaction, value)  # type: ignore
  File "D:\pythonProject\Deadshot - ModMail\venv\lib\site-packages\discord\utils.py", line 650, in maybe_coroutine
    return await value
  File "D:\pythonProject\Deadshot - ModMail\venv\lib\site-packages\discord\app_commands\transformers.py", line 659, in transform
    raise TransformerError(value, AppCommandOptionType.channel, self)
discord.app_commands.errors.TransformerError: Failed to convert 790141389341720577 to Thread
[2022-11-06 17:50:40] [ERROR   ] discord.app_commands.tree: Ignoring exception in command 'ticketinfo'
Traceback (most recent call last):
  File "D:\pythonProject\Deadshot - ModMail\venv\lib\site-packages\discord\app_commands\tree.py", line 1240, in _call
    await command._invoke_with_namespace(interaction, namespace)
  File "D:\pythonProject\Deadshot - ModMail\venv\lib\site-packages\discord\app_commands\commands.py", line 875, in _invoke_with_namespace
    transformed_values = await self._transform_arguments(interaction, namespace)
  File "D:\pythonProject\Deadshot - ModMail\venv\lib\site-packages\discord\app_commands\commands.py", line 841, in _transform_arguments
    transformed_values[param.name] = await param.transform(interaction, value)
  File "D:\pythonProject\Deadshot - ModMail\venv\lib\site-packages\discord\app_commands\transformers.py", line 181, in transform
    return await maybe_coroutine(self._annotation.transform, interaction, value)  # type: ignore
  File "D:\pythonProject\Deadshot - ModMail\venv\lib\site-packages\discord\utils.py", line 650, in maybe_coroutine
    return await value
  File "D:\pythonProject\Deadshot - ModMail\venv\lib\site-packages\discord\app_commands\transformers.py", line 659, in transform
    raise TransformerError(value, AppCommandOptionType.channel, self)
discord.app_commands.errors.TransformerError: Failed to convert 790141389341720577 to Thread
[2022-11-06 17:51:45] [WARNING ] discord.http: We are being rate limited. PATCH https://discord.com/api/v10/channels/1038856413805555782 responded with 429. Retrying in 0.59 seconds.
[2022-11-06 18:24:58] [INFO    ] discord: Reloaded 'events' | Ausgeführt von Luca♛#7857
[2022-11-06 18:31:29] [INFO    ] discord: Reloaded 'events' | Ausgeführt von Luca♛#7857
[2022-11-06 18:34:49] [INFO    ] discord: Reloaded 'events' | Ausgeführt von Luca♛#7857
[2022-11-06 18:34:57] [INFO    ] discord: Reloaded 'ModMail' | Ausgeführt von Luca♛#7857
[2022-11-06 18:35:17] [ERROR   ] discord.client: Ignoring exception in on_thread_update
Traceback (most recent call last):
  File "D:\pythonProject\Deadshot - ModMail\venv\lib\site-packages\discord\client.py", line 409, in _run_event
    await coro(*args, **kwargs)
  File "D:\pythonProject\Deadshot - ModMail\cogs\events.py", line 296, in on_thread_update
    await after.channel.edit(name=f"Closed {before.guild.get_member(db_daten[0].id)}", archived=True, locked=True)
AttributeError: 'Thread' object has no attribute 'channel'
[2022-11-06 18:35:39] [INFO    ] discord: Reloaded 'events' | Ausgeführt von Luca♛#7857
[2022-11-06 18:35:41] [INFO    ] discord: Reloaded 'ModMail' | Ausgeführt von Luca♛#7857
[2022-11-06 18:35:51] [ERROR   ] discord.client: Ignoring exception in on_thread_update
Traceback (most recent call last):
  File "D:\pythonProject\Deadshot - ModMail\venv\lib\site-packages\discord\client.py", line 409, in _run_event
    await coro(*args, **kwargs)
  File "D:\pythonProject\Deadshot - ModMail\cogs\events.py", line 296, in on_thread_update
    await after.edit(name=f"Closed {before.guild.get_member(db_daten[0].id)}", archived=True, locked=True)
AttributeError: 'int' object has no attribute 'id'
[2022-11-06 18:36:27] [INFO    ] discord: Reloaded 'moderation' | Ausgeführt von Luca♛#7857
[2022-11-06 18:36:35] [INFO    ] discord: Reloaded 'events' | Ausgeführt von Luca♛#7857
[2022-11-06 18:36:37] [INFO    ] discord: Reloaded 'ModMail' | Ausgeführt von Luca♛#7857
[2022-11-06 18:36:47] [ERROR   ] discord.client: Ignoring exception in on_thread_update
Traceback (most recent call last):
  File "D:\pythonProject\Deadshot - ModMail\venv\lib\site-packages\discord\client.py", line 409, in _run_event
    await coro(*args, **kwargs)
  File "D:\pythonProject\Deadshot - ModMail\cogs\events.py", line 296, in on_thread_update
    await after.edit(name=f"Closed {before.guild.get_member(db_daten[0]).id}", archived=True, locked=True)
  File "D:\pythonProject\Deadshot - ModMail\venv\lib\site-packages\discord\threads.py", line 610, in edit
    data = await self._state.http.edit_channel(self.id, **payload, reason=reason)
  File "D:\pythonProject\Deadshot - ModMail\venv\lib\site-packages\discord\http.py", line 744, in request
    raise HTTPException(response, data)
discord.errors.HTTPException: 400 Bad Request (error code: 50083): Thread is archived
[2022-11-06 18:37:16] [INFO    ] discord: Reloaded 'ModMail' | Ausgeführt von Luca♛#7857
[2022-11-06 18:37:21] [INFO    ] discord: Reloaded 'events' | Ausgeführt von Luca♛#7857
[2022-11-06 18:37:29] [ERROR   ] discord.client: Ignoring exception in on_thread_update
Traceback (most recent call last):
  File "D:\pythonProject\Deadshot - ModMail\venv\lib\site-packages\discord\client.py", line 409, in _run_event
    await coro(*args, **kwargs)
  File "D:\pythonProject\Deadshot - ModMail\cogs\events.py", line 296, in on_thread_update
    await after.edit(name=f"Closed {before.guild.get_member(db_daten[0]).id}")
  File "D:\pythonProject\Deadshot - ModMail\venv\lib\site-packages\discord\threads.py", line 610, in edit
    data = await self._state.http.edit_channel(self.id, **payload, reason=reason)
  File "D:\pythonProject\Deadshot - ModMail\venv\lib\site-packages\discord\http.py", line 744, in request
    raise HTTPException(response, data)
discord.errors.HTTPException: 400 Bad Request (error code: 50083): Thread is archived
[2022-11-06 18:38:00] [INFO    ] discord: Reloaded 'events' | Ausgeführt von Luca♛#7857
[2022-11-06 18:38:02] [INFO    ] discord: Reloaded 'ModMail' | Ausgeführt von Luca♛#7857
[2022-11-06 18:38:29] [INFO    ] discord: Reloaded 'events' | Ausgeführt von Luca♛#7857
[2022-11-06 18:48:10] [INFO    ] discord.gateway: Shard ID None has connected to Gateway (Session ID: 4f44f2cbecfe63ed47ad4e4251ccc1ec).
[2022-11-06 20:15:44] [INFO    ] discord.gateway: Shard ID None has connected to Gateway (Session ID: bb417c40b4e3361e87806d4d27f19723).
[2022-11-06 21:17:00] [INFO    ] discord.gateway: Shard ID None has successfully RESUMED session bb417c40b4e3361e87806d4d27f19723.
[2022-11-07 16:42:33] [INFO    ] discord.gateway: Shard ID None has connected to Gateway (Session ID: a629e099b55d6b0ae6bfa065aec0bfd6).
[2022-11-07 17:43:43] [INFO    ] discord.gateway: Shard ID None has successfully RESUMED session a629e099b55d6b0ae6bfa065aec0bfd6.
[2022-11-07 18:35:43] [INFO    ] discord.gateway: Shard ID None has successfully RESUMED session a629e099b55d6b0ae6bfa065aec0bfd6.
[2022-11-07 19:26:37] [INFO    ] discord.gateway: Shard ID None has successfully RESUMED session a629e099b55d6b0ae6bfa065aec0bfd6.
[2022-11-07 21:10:40] [INFO    ] discord.gateway: Shard ID None has successfully RESUMED session a629e099b55d6b0ae6bfa065aec0bfd6.
[2022-11-08 10:10:04] [INFO    ] discord.gateway: Shard ID None has connected to Gateway (Session ID: 4e2c8bf92976ee39bf528cfa940e0871).
[2022-11-08 10:13:21] [ERROR   ] discord.ui.view: Ignoring exception in view <Close_View timeout=None children=1> for item <Button style=<ButtonStyle.secondary: 2> url=None disabled=False label=None emoji=<PartialEmoji animated=False name='🔒' id=None> row=None>
Traceback (most recent call last):
  File "D:\pythonProject\Deadshot - ModMail\venv\lib\site-packages\discord\ui\view.py", line 425, in _scheduled_task
    await item.callback(interaction)
  File "D:\pythonProject\Deadshot - ModMail\cogs\ModMail.py", line 246, in button_callback_2
    await logging(interaction, f"Ticket geschlossen", interaction.user.display_avatar.url, f"Das Ticket {channel.mention} wurde geschlossen", discord.Colour.red(), f"Geschlossen von: {interaction.user}")
  File "D:\pythonProject\Deadshot - ModMail\cogs\ModMail.py", line 18, in logging
    await cur.execute("SELECT log_kanal, stand FROM setup WHERE guildID = (%s)", int(interaction.guild.id))
AttributeError: 'NoneType' object has no attribute 'id'
[2022-11-08 10:39:00] [INFO    ] discord.gateway: Shard ID None has successfully RESUMED session 4e2c8bf92976ee39bf528cfa940e0871.
[2022-11-08 12:31:56] [INFO    ] discord.gateway: Shard ID None has successfully RESUMED session 4e2c8bf92976ee39bf528cfa940e0871.
[2022-11-08 14:02:03] [ERROR   ] discord.app_commands.tree: Ignoring exception in command 'serverinfo'
Traceback (most recent call last):
  File "D:\pythonProject\Deadshot - ModMail\venv\lib\site-packages\discord\app_commands\commands.py", line 850, in _do_call
    return await self._callback(self.binding, interaction, **params)  # type: ignore
  File "D:\pythonProject\Deadshot - ModMail\cogs\info.py", line 527, in serverinfo
    team_anzahl = f"{member.mention} (Tickets: `{tickets}`)"
AttributeError: 'NoneType' object has no attribute 'mention'

The above exception was the direct cause of the following exception:

Traceback (most recent call last):
  File "D:\pythonProject\Deadshot - ModMail\venv\lib\site-packages\discord\app_commands\tree.py", line 1240, in _call
    await command._invoke_with_namespace(interaction, namespace)
  File "D:\pythonProject\Deadshot - ModMail\venv\lib\site-packages\discord\app_commands\commands.py", line 876, in _invoke_with_namespace
    return await self._do_call(interaction, transformed_values)
  File "D:\pythonProject\Deadshot - ModMail\venv\lib\site-packages\discord\app_commands\commands.py", line 869, in _do_call
    raise CommandInvokeError(self, e) from e
discord.app_commands.errors.CommandInvokeError: Command 'serverinfo' raised an exception: AttributeError: 'NoneType' object has no attribute 'mention'
[2022-11-08 14:03:15] [INFO    ] discord: Reloaded 'info' | Ausgeführt von Luca♛#7857
[2022-11-08 15:26:15] [ERROR   ] discord.ui.view: Ignoring exception in view <Close_View timeout=None children=1> for item <Button style=<ButtonStyle.secondary: 2> url=None disabled=False label=None emoji=<PartialEmoji animated=False name='🔒' id=None> row=None>
Traceback (most recent call last):
  File "D:\pythonProject\Deadshot - ModMail\venv\lib\site-packages\discord\ui\view.py", line 425, in _scheduled_task
    await item.callback(interaction)
  File "D:\pythonProject\Deadshot - ModMail\cogs\ModMail.py", line 246, in button_callback_2
    await logging(interaction, f"Ticket geschlossen", interaction.user.display_avatar.url, f"Das Ticket {channel.mention} wurde geschlossen", discord.Colour.red(), f"Geschlossen von: {interaction.user}")
  File "D:\pythonProject\Deadshot - ModMail\cogs\ModMail.py", line 18, in logging
    await cur.execute("SELECT log_kanal, stand FROM setup WHERE guildID = (%s)", int(interaction.guild.id))
AttributeError: 'NoneType' object has no attribute 'id'
[2022-11-08 15:27:35] [ERROR   ] discord.app_commands.tree: Ignoring exception in command 'show'
Traceback (most recent call last):
  File "D:\pythonProject\Deadshot - ModMail\venv\lib\site-packages\discord\app_commands\commands.py", line 850, in _do_call
    return await self._callback(self.binding, interaction, **params)  # type: ignore
  File "D:\pythonProject\Deadshot - ModMail\cogs\snippets.py", line 145, in show
    await interaction.response.send_message(embed=embed)
  File "D:\pythonProject\Deadshot - ModMail\venv\lib\site-packages\discord\interactions.py", line 692, in send_message
    raise InteractionResponded(self._parent)
discord.errors.InteractionResponded: This interaction has already been responded to before

The above exception was the direct cause of the following exception:

Traceback (most recent call last):
  File "D:\pythonProject\Deadshot - ModMail\venv\lib\site-packages\discord\app_commands\tree.py", line 1240, in _call
    await command._invoke_with_namespace(interaction, namespace)
  File "D:\pythonProject\Deadshot - ModMail\venv\lib\site-packages\discord\app_commands\commands.py", line 876, in _invoke_with_namespace
    return await self._do_call(interaction, transformed_values)
  File "D:\pythonProject\Deadshot - ModMail\venv\lib\site-packages\discord\app_commands\commands.py", line 869, in _do_call
    raise CommandInvokeError(self, e) from e
discord.app_commands.errors.CommandInvokeError: Command 'show' raised an exception: InteractionResponded: This interaction has already been responded to before
[2022-11-08 15:33:06] [INFO    ] discord.gateway: Shard ID None has connected to Gateway (Session ID: c9dc8e97146173fe0fe17ba4a4760f20).
[2022-11-08 15:43:33] [ERROR   ] discord.ext.commands.bot: Ignoring exception in command global_ban
Traceback (most recent call last):
  File "D:\pythonProject\Deadshot - ModMail\venv\lib\site-packages\discord\ext\commands\bot.py", line 1347, in invoke
    await ctx.command.invoke(ctx)
  File "D:\pythonProject\Deadshot - ModMail\venv\lib\site-packages\discord\ext\commands\core.py", line 978, in invoke
    await self.prepare(ctx)
  File "D:\pythonProject\Deadshot - ModMail\venv\lib\site-packages\discord\ext\commands\core.py", line 895, in prepare
    await self._parse_arguments(ctx)
  File "D:\pythonProject\Deadshot - ModMail\venv\lib\site-packages\discord\ext\commands\core.py", line 802, in _parse_arguments
    transformed = await self.transform(ctx, param, attachments)
  File "D:\pythonProject\Deadshot - ModMail\venv\lib\site-packages\discord\ext\commands\core.py", line 654, in transform
    raise MissingRequiredArgument(param)
discord.ext.commands.errors.MissingRequiredArgument: user is a required argument that is missing.
[2022-11-08 15:44:10] [ERROR   ] discord.app_commands.tree: Ignoring exception in command 'add'
Traceback (most recent call last):
  File "D:\pythonProject\Deadshot - ModMail\venv\lib\site-packages\discord\app_commands\commands.py", line 850, in _do_call
    return await self._callback(self.binding, interaction, **params)  # type: ignore
  File "D:\pythonProject\Deadshot - ModMail\cogs\autotag.py", line 90, in add
    await interaction.response.send_message(embed=error_embed, ephemeral=True)
  File "D:\pythonProject\Deadshot - ModMail\venv\lib\site-packages\discord\interactions.py", line 692, in send_message
    raise InteractionResponded(self._parent)
discord.errors.InteractionResponded: This interaction has already been responded to before

The above exception was the direct cause of the following exception:

Traceback (most recent call last):
  File "D:\pythonProject\Deadshot - ModMail\venv\lib\site-packages\discord\app_commands\tree.py", line 1240, in _call
    await command._invoke_with_namespace(interaction, namespace)
  File "D:\pythonProject\Deadshot - ModMail\venv\lib\site-packages\discord\app_commands\commands.py", line 876, in _invoke_with_namespace
    return await self._do_call(interaction, transformed_values)
  File "D:\pythonProject\Deadshot - ModMail\venv\lib\site-packages\discord\app_commands\commands.py", line 869, in _do_call
    raise CommandInvokeError(self, e) from e
discord.app_commands.errors.CommandInvokeError: Command 'add' raised an exception: InteractionResponded: This interaction has already been responded to before
[2022-11-08 15:45:02] [ERROR   ] discord.ui.view: Ignoring exception in view <Close_View timeout=None children=1> for item <Button style=<ButtonStyle.secondary: 2> url=None disabled=False label=None emoji=<PartialEmoji animated=False name='🔒' id=None> row=None>
Traceback (most recent call last):
  File "D:\pythonProject\Deadshot - ModMail\venv\lib\site-packages\discord\ui\view.py", line 425, in _scheduled_task
    await item.callback(interaction)
  File "D:\pythonProject\Deadshot - ModMail\cogs\ModMail.py", line 246, in button_callback_2
    await logging(interaction, f"Ticket geschlossen", interaction.user.display_avatar.url, f"Das Ticket {channel.mention} wurde geschlossen", discord.Colour.red(), f"Geschlossen von: {interaction.user}")
  File "D:\pythonProject\Deadshot - ModMail\cogs\ModMail.py", line 18, in logging
    await cur.execute("SELECT log_kanal, stand FROM setup WHERE guildID = (%s)", int(interaction.guild.id))
AttributeError: 'NoneType' object has no attribute 'id'
[2022-11-08 15:45:04] [ERROR   ] discord.app_commands.tree: Ignoring exception in command 'close'
Traceback (most recent call last):
  File "D:\pythonProject\Deadshot - ModMail\venv\lib\site-packages\discord\app_commands\commands.py", line 850, in _do_call
    return await self._callback(self.binding, interaction, **params)  # type: ignore
  File "D:\pythonProject\Deadshot - ModMail\cogs\ModMail.py", line 632, in close
    await interaction.response.send_message(embed=error_embed, ephemeral=True)
  File "D:\pythonProject\Deadshot - ModMail\venv\lib\site-packages\discord\interactions.py", line 718, in send_message
    await adapter.create_interaction_response(
  File "D:\pythonProject\Deadshot - ModMail\venv\lib\site-packages\discord\webhook\async_.py", line 217, in request
    raise Forbidden(response, data)
discord.errors.Forbidden: 403 Forbidden (error code: 50083): Thread is archived

The above exception was the direct cause of the following exception:

Traceback (most recent call last):
  File "D:\pythonProject\Deadshot - ModMail\venv\lib\site-packages\discord\app_commands\tree.py", line 1240, in _call
    await command._invoke_with_namespace(interaction, namespace)
  File "D:\pythonProject\Deadshot - ModMail\venv\lib\site-packages\discord\app_commands\commands.py", line 876, in _invoke_with_namespace
    return await self._do_call(interaction, transformed_values)
  File "D:\pythonProject\Deadshot - ModMail\venv\lib\site-packages\discord\app_commands\commands.py", line 869, in _do_call
    raise CommandInvokeError(self, e) from e
discord.app_commands.errors.CommandInvokeError: Command 'close' raised an exception: Forbidden: 403 Forbidden (error code: 50083): Thread is archived
[2022-11-08 15:45:13] [INFO    ] discord: Reloaded 'ModMail' | Ausgeführt von Luca♛#7857
[2022-11-08 15:48:17] [ERROR   ] discord.ui.view: Ignoring exception in view <Close_View timeout=None children=1> for item <Button style=<ButtonStyle.secondary: 2> url=None disabled=False label=None emoji=<PartialEmoji animated=False name='🔒' id=None> row=None>
Traceback (most recent call last):
  File "D:\pythonProject\Deadshot - ModMail\venv\lib\site-packages\discord\ui\view.py", line 425, in _scheduled_task
    await item.callback(interaction)
  File "D:\pythonProject\Deadshot - ModMail\cogs\ModMail.py", line 246, in button_callback_2
    await logging(interaction, f"Ticket geschlossen", interaction.user.display_avatar.url, f"Das Ticket {channel.mention} wurde geschlossen", discord.Colour.red(), f"Geschlossen von: {interaction.user}")
  File "D:\pythonProject\Deadshot - ModMail\cogs\ModMail.py", line 18, in logging
    await cur.execute("SELECT log_kanal, stand FROM setup WHERE guildID = (%s)", int(interaction.guild.id))
AttributeError: 'NoneType' object has no attribute 'id'
[2022-11-08 15:48:20] [ERROR   ] discord.client: Ignoring exception in on_message
Traceback (most recent call last):
  File "D:\pythonProject\Deadshot - ModMail\venv\lib\site-packages\discord\client.py", line 409, in _run_event
    await coro(*args, **kwargs)
  File "D:\pythonProject\Deadshot - ModMail\cogs\ModMail.py", line 446, in on_message
    if int(daten2[1]) == int(message.channel.name):
ValueError: invalid literal for int() with base 10: 'Closed (941998396934340619)'
[2022-11-08 15:53:34] [INFO    ] discord: Reloaded 'info' | Ausgeführt von Luca♛#7857
[2022-11-08 15:54:00] [INFO    ] discord: Reloaded 'info' | Ausgeführt von Luca♛#7857
[2022-11-08 15:54:48] [INFO    ] discord: Reloaded 'info' | Ausgeführt von Luca♛#7857
[2022-11-08 15:55:27] [INFO    ] discord: Reloaded 'info' | Ausgeführt von Luca♛#7857
[2022-11-08 15:58:52] [INFO    ] discord: Reloaded 'info' | Ausgeführt von Luca♛#7857
[2022-11-08 15:59:45] [INFO    ] discord: Reloaded 'info' | Ausgeführt von Luca♛#7857
[2022-11-08 16:00:17] [INFO    ] discord: Reloaded 'info' | Ausgeführt von Luca♛#7857
[2022-11-08 16:00:52] [ERROR   ] discord.app_commands.tree: Ignoring exception in command 'teaminfo'
Traceback (most recent call last):
  File "D:\pythonProject\Deadshot - ModMail\venv\lib\site-packages\discord\app_commands\commands.py", line 850, in _do_call
    return await self._callback(self.binding, interaction, **params)  # type: ignore
  File "D:\pythonProject\Deadshot - ModMail\cogs\info.py", line 507, in teaminfo
    await interaction.response.send_message(embed=embed)
  File "D:\pythonProject\Deadshot - ModMail\venv\lib\site-packages\discord\interactions.py", line 692, in send_message
    raise InteractionResponded(self._parent)
discord.errors.InteractionResponded: This interaction has already been responded to before

The above exception was the direct cause of the following exception:

Traceback (most recent call last):
  File "D:\pythonProject\Deadshot - ModMail\venv\lib\site-packages\discord\app_commands\tree.py", line 1240, in _call
    await command._invoke_with_namespace(interaction, namespace)
  File "D:\pythonProject\Deadshot - ModMail\venv\lib\site-packages\discord\app_commands\commands.py", line 876, in _invoke_with_namespace
    return await self._do_call(interaction, transformed_values)
  File "D:\pythonProject\Deadshot - ModMail\venv\lib\site-packages\discord\app_commands\commands.py", line 869, in _do_call
    raise CommandInvokeError(self, e) from e
discord.app_commands.errors.CommandInvokeError: Command 'teaminfo' raised an exception: InteractionResponded: This interaction has already been responded to before
[2022-11-08 16:01:08] [ERROR   ] discord.app_commands.tree: Ignoring exception in command 'teaminfo'
Traceback (most recent call last):
  File "D:\pythonProject\Deadshot - ModMail\venv\lib\site-packages\discord\app_commands\commands.py", line 850, in _do_call
    return await self._callback(self.binding, interaction, **params)  # type: ignore
  File "D:\pythonProject\Deadshot - ModMail\cogs\info.py", line 507, in teaminfo
    await interaction.response.send_message(embed=embed)
  File "D:\pythonProject\Deadshot - ModMail\venv\lib\site-packages\discord\interactions.py", line 692, in send_message
    raise InteractionResponded(self._parent)
discord.errors.InteractionResponded: This interaction has already been responded to before

The above exception was the direct cause of the following exception:

Traceback (most recent call last):
  File "D:\pythonProject\Deadshot - ModMail\venv\lib\site-packages\discord\app_commands\tree.py", line 1240, in _call
    await command._invoke_with_namespace(interaction, namespace)
  File "D:\pythonProject\Deadshot - ModMail\venv\lib\site-packages\discord\app_commands\commands.py", line 876, in _invoke_with_namespace
    return await self._do_call(interaction, transformed_values)
  File "D:\pythonProject\Deadshot - ModMail\venv\lib\site-packages\discord\app_commands\commands.py", line 869, in _do_call
    raise CommandInvokeError(self, e) from e
discord.app_commands.errors.CommandInvokeError: Command 'teaminfo' raised an exception: InteractionResponded: This interaction has already been responded to before
[2022-11-08 16:01:14] [ERROR   ] discord.app_commands.tree: Ignoring exception in command 'teaminfo'
Traceback (most recent call last):
  File "D:\pythonProject\Deadshot - ModMail\venv\lib\site-packages\discord\app_commands\commands.py", line 850, in _do_call
    return await self._callback(self.binding, interaction, **params)  # type: ignore
  File "D:\pythonProject\Deadshot - ModMail\cogs\info.py", line 481, in teaminfo
    db_lvl = daten3[1]
IndexError: tuple index out of range

The above exception was the direct cause of the following exception:

Traceback (most recent call last):
  File "D:\pythonProject\Deadshot - ModMail\venv\lib\site-packages\discord\app_commands\tree.py", line 1240, in _call
    await command._invoke_with_namespace(interaction, namespace)
  File "D:\pythonProject\Deadshot - ModMail\venv\lib\site-packages\discord\app_commands\commands.py", line 876, in _invoke_with_namespace
    return await self._do_call(interaction, transformed_values)
  File "D:\pythonProject\Deadshot - ModMail\venv\lib\site-packages\discord\app_commands\commands.py", line 869, in _do_call
    raise CommandInvokeError(self, e) from e
discord.app_commands.errors.CommandInvokeError: Command 'teaminfo' raised an exception: IndexError: tuple index out of range
[2022-11-08 17:31:32] [ERROR   ] discord.client: Ignoring exception in on_message
Traceback (most recent call last):
  File "D:\pythonProject\Deadshot - ModMail\venv\lib\site-packages\discord\client.py", line 409, in _run_event
    await coro(*args, **kwargs)
  File "D:\pythonProject\Deadshot - ModMail\cogs\ModMail.py", line 554, in on_message
    await member.send(embed=embed)
AttributeError: 'NoneType' object has no attribute 'send'
[2022-11-08 17:32:00] [ERROR   ] discord.client: Ignoring exception in on_message
Traceback (most recent call last):
  File "D:\pythonProject\Deadshot - ModMail\venv\lib\site-packages\discord\client.py", line 409, in _run_event
    await coro(*args, **kwargs)
  File "D:\pythonProject\Deadshot - ModMail\cogs\ModMail.py", line 554, in on_message
    await member.send(embed=embed)
AttributeError: 'NoneType' object has no attribute 'send'
[2022-11-08 17:32:05] [ERROR   ] discord.app_commands.tree: Ignoring exception in command 'close'
Traceback (most recent call last):
  File "D:\pythonProject\Deadshot - ModMail\venv\lib\site-packages\discord\app_commands\commands.py", line 850, in _do_call
    return await self._callback(self.binding, interaction, **params)  # type: ignore
  File "D:\pythonProject\Deadshot - ModMail\cogs\ModMail.py", line 586, in close
    icon_url=interaction.guild.icon.url)  # close nachricht dm
AttributeError: 'NoneType' object has no attribute 'url'

The above exception was the direct cause of the following exception:

Traceback (most recent call last):
  File "D:\pythonProject\Deadshot - ModMail\venv\lib\site-packages\discord\app_commands\tree.py", line 1240, in _call
    await command._invoke_with_namespace(interaction, namespace)
  File "D:\pythonProject\Deadshot - ModMail\venv\lib\site-packages\discord\app_commands\commands.py", line 876, in _invoke_with_namespace
    return await self._do_call(interaction, transformed_values)
  File "D:\pythonProject\Deadshot - ModMail\venv\lib\site-packages\discord\app_commands\commands.py", line 869, in _do_call
    raise CommandInvokeError(self, e) from e
discord.app_commands.errors.CommandInvokeError: Command 'close' raised an exception: AttributeError: 'NoneType' object has no attribute 'url'
[2022-11-08 17:33:57] [INFO    ] discord: Reloaded 'ModMail' | Ausgeführt von Luca♛#7857
[2022-11-08 17:40:31] [INFO    ] discord.gateway: Shard ID None has successfully RESUMED session c9dc8e97146173fe0fe17ba4a4760f20.
[2022-11-08 18:14:44] [INFO    ] discord.gateway: Shard ID None has successfully RESUMED session c9dc8e97146173fe0fe17ba4a4760f20.
[2022-11-08 18:26:49] [INFO    ] discord.gateway: Shard ID None has successfully RESUMED session c9dc8e97146173fe0fe17ba4a4760f20.
[2022-11-08 19:05:20] [INFO    ] discord.gateway: Shard ID None has successfully RESUMED session c9dc8e97146173fe0fe17ba4a4760f20.
[2022-11-08 21:04:39] [INFO    ] discord.gateway: Shard ID None has successfully RESUMED session c9dc8e97146173fe0fe17ba4a4760f20.
[2022-11-09 17:19:18] [INFO    ] discord.gateway: Shard ID None has connected to Gateway (Session ID: 45c5815b0980647057c9dea3b9c4aaeb).
[2022-11-09 18:17:46] [INFO    ] discord.gateway: Shard ID None has successfully RESUMED session 45c5815b0980647057c9dea3b9c4aaeb.
[2022-11-09 20:43:33] [INFO    ] discord.gateway: Shard ID None has successfully RESUMED session 45c5815b0980647057c9dea3b9c4aaeb.
[2022-11-09 21:02:34] [INFO    ] discord.gateway: Shard ID None has successfully RESUMED session 45c5815b0980647057c9dea3b9c4aaeb.
[2022-11-09 21:02:51] [INFO    ] discord.gateway: Shard ID None has connected to Gateway (Session ID: 6bdd2cecd411f3553d450ae10938832d).
[2022-11-09 21:03:23] [INFO    ] discord.gateway: Shard ID None has connected to Gateway (Session ID: b5c35d2857d1863dc0ce77f743a8f518).
[2022-11-10 20:28:39] [INFO    ] discord.gateway: Shard ID None has connected to Gateway (Session ID: 3745efec81cc8118c3afc43586f5b4cc).
[2022-11-10 20:58:07] [INFO    ] discord.gateway: Shard ID None has successfully RESUMED session 3745efec81cc8118c3afc43586f5b4cc.
[2022-11-10 21:04:54] [INFO    ] discord.gateway: Shard ID None has connected to Gateway (Session ID: b3bf7c171917dd5aabef6bc5be6c3e36).
[2022-11-11 15:05:46] [INFO    ] discord.gateway: Shard ID None has connected to Gateway (Session ID: 66d0c079d9495457fc5407c12f5e6b98).
[2022-11-11 15:13:40] [INFO    ] discord: Reloaded 'ModMail' | Ausgeführt von Luca♛#7857
[2022-11-11 15:14:03] [ERROR   ] discord.app_commands.tree: Ignoring exception in command 'close'
Traceback (most recent call last):
  File "D:\pythonProject\Deadshot - ModMail\venv\lib\site-packages\discord\app_commands\commands.py", line 850, in _do_call
    return await self._callback(self.binding, interaction, **params)  # type: ignore
  File "D:\pythonProject\Deadshot - ModMail\cogs\ModMail.py", line 649, in close
    await interaction.response.send_message(embed=error_embed, ephemeral=True)
  File "D:\pythonProject\Deadshot - ModMail\venv\lib\site-packages\discord\interactions.py", line 692, in send_message
    raise InteractionResponded(self._parent)
discord.errors.InteractionResponded: This interaction has already been responded to before

The above exception was the direct cause of the following exception:

Traceback (most recent call last):
  File "D:\pythonProject\Deadshot - ModMail\venv\lib\site-packages\discord\app_commands\tree.py", line 1240, in _call
    await command._invoke_with_namespace(interaction, namespace)
  File "D:\pythonProject\Deadshot - ModMail\venv\lib\site-packages\discord\app_commands\commands.py", line 876, in _invoke_with_namespace
    return await self._do_call(interaction, transformed_values)
  File "D:\pythonProject\Deadshot - ModMail\venv\lib\site-packages\discord\app_commands\commands.py", line 869, in _do_call
    raise CommandInvokeError(self, e) from e
discord.app_commands.errors.CommandInvokeError: Command 'close' raised an exception: InteractionResponded: This interaction has already been responded to before
[2022-11-11 15:15:12] [INFO    ] discord: Reloaded 'ModMail' | Ausgeführt von Luca♛#7857
[2022-11-11 15:16:25] [INFO    ] discord: Reloaded 'ModMail' | Ausgeführt von Luca♛#7857
[2022-11-11 15:19:41] [INFO    ] discord.gateway: Shard ID None has connected to Gateway (Session ID: dd7de6f3b51d4731e948a24ee06aa6bf).
[2022-11-11 15:21:18] [INFO    ] discord.gateway: Shard ID None has connected to Gateway (Session ID: 0df63bfd958651beddfd182b08aebcff).
[2022-11-11 15:33:24] [INFO    ] discord: Reloaded 'ModMail' | Ausgeführt von Luca♛#7857
[2022-11-11 15:34:55] [INFO    ] discord: Reloaded 'ModMail' | Ausgeführt von Luca♛#7857
[2022-11-11 15:34:57] [INFO    ] discord: Es wurden 16 Befehle synchronisiert. | Ausgeführt von Luca♛#7857
[2022-11-11 15:35:38] [ERROR   ] discord.ui.view: Ignoring exception in view <feedback_buttons timeout=None children=5> for item <Button style=<ButtonStyle.success: 3> url=None disabled=False label='5' emoji=<PartialEmoji animated=False name='⭐' id=None> row=None>
Traceback (most recent call last):
  File "D:\pythonProject\Deadshot - ModMail\venv\lib\site-packages\discord\ui\view.py", line 425, in _scheduled_task
    await item.callback(interaction)
  File "D:\pythonProject\Deadshot - ModMail\cogs\ModMail.py", line 278, in fuenf_stern
    await cur.execute("UPDATE feedback SET feedback_count = (%s) AND feedback WHERE guildID = (%s)", (db_daten[0] + 1, db_daten[0] + 1 / db_daten[1] + 5, self.guild_id))
  File "D:\pythonProject\Deadshot - ModMail\venv\lib\site-packages\aiomysql\cursors.py", line 237, in execute
    query = query % self._escape_args(args, conn)
TypeError: not all arguments converted during string formatting
[2022-11-11 15:36:11] [INFO    ] discord: Reloaded 'ModMail' | Ausgeführt von Luca♛#7857
[2022-11-11 15:36:16] [ERROR   ] discord.ui.view: Ignoring exception in view <feedback_buttons timeout=None children=5> for item <Button style=<ButtonStyle.success: 3> url=None disabled=False label='5' emoji=<PartialEmoji animated=False name='⭐' id=None> row=None>
Traceback (most recent call last):
  File "D:\pythonProject\Deadshot - ModMail\venv\lib\site-packages\discord\ui\view.py", line 425, in _scheduled_task
    await item.callback(interaction)
  File "D:\pythonProject\Deadshot - ModMail\cogs\ModMail.py", line 280, in fuenf_stern
    await cur.execute("UPDATE feedback SET feedback_count = (%s) AND feedback WHERE guildID = (%s)", (db_daten[0] + 1, db_daten[0] + 1 / db_daten[1] + 5, self.guild_id))
  File "D:\pythonProject\Deadshot - ModMail\venv\lib\site-packages\aiomysql\cursors.py", line 237, in execute
    query = query % self._escape_args(args, conn)
TypeError: not all arguments converted during string formatting
[2022-11-11 15:36:31] [INFO    ] discord: Reloaded 'ModMail' | Ausgeführt von Luca♛#7857
[2022-11-11 15:37:41] [INFO    ] discord: Reloaded 'ModMail' | Ausgeführt von Luca♛#7857
[2022-11-11 15:40:05] [INFO    ] discord: Reloaded 'ModMail' | Ausgeführt von Luca♛#7857
[2022-11-11 15:48:27] [INFO    ] discord: Reloaded 'ModMail' | Ausgeführt von Luca♛#7857
[2022-11-11 15:48:35] [ERROR   ] discord.ui.view: Ignoring exception in view <feedback_buttons timeout=None children=5> for item <Button style=<ButtonStyle.success: 3> url=None disabled=False label='5' emoji=<PartialEmoji animated=False name='⭐' id=None> row=None>
Traceback (most recent call last):
  File "D:\pythonProject\Deadshot - ModMail\venv\lib\site-packages\discord\ui\view.py", line 425, in _scheduled_task
    await item.callback(interaction)
  File "D:\pythonProject\Deadshot - ModMail\cogs\ModMail.py", line 281, in fuenf_stern
    await cur.execute("UPDATE feedback SET feedback_count = (%s) AND feedback = (%s) WHERE guildID = (%s)", (int(db_daten[0] + 1), float(db_daten[0] + 1 / db_daten[2] + 5), self.guild_id))
TypeError: unsupported operand type(s) for /: 'int' and 'NoneType'
[2022-11-11 15:48:39] [ERROR   ] discord.ui.view: Ignoring exception in view <feedback_buttons timeout=None children=5> for item <Button style=<ButtonStyle.success: 3> url=None disabled=False label='5' emoji=<PartialEmoji animated=False name='⭐' id=None> row=None>
Traceback (most recent call last):
  File "D:\pythonProject\Deadshot - ModMail\venv\lib\site-packages\discord\ui\view.py", line 425, in _scheduled_task
    await item.callback(interaction)
  File "D:\pythonProject\Deadshot - ModMail\cogs\ModMail.py", line 281, in fuenf_stern
    await cur.execute("UPDATE feedback SET feedback_count = (%s) AND feedback = (%s) WHERE guildID = (%s)", (int(db_daten[0] + 1), float(db_daten[0] + 1 / db_daten[2] + 5), self.guild_id))
TypeError: unsupported operand type(s) for /: 'int' and 'NoneType'
[2022-11-11 15:50:25] [INFO    ] discord: Reloaded 'ModMail' | Ausgeführt von Luca♛#7857
[2022-11-11 15:50:28] [ERROR   ] discord.ui.view: Ignoring exception in view <feedback_buttons timeout=None children=5> for item <Button style=<ButtonStyle.success: 3> url=None disabled=False label='5' emoji=<PartialEmoji animated=False name='⭐' id=None> row=None>
Traceback (most recent call last):
  File "D:\pythonProject\Deadshot - ModMail\venv\lib\site-packages\discord\ui\view.py", line 425, in _scheduled_task
    await item.callback(interaction)
  File "D:\pythonProject\Deadshot - ModMail\cogs\ModMail.py", line 289, in fuenf_stern
    await cur.execute("INSERT INTO feedback(guildID, feedback, feedback_count, last_feedback) VALUES(%s, %s, %s)", (self.guild_id, float(5), 1, float(5)))
  File "D:\pythonProject\Deadshot - ModMail\venv\lib\site-packages\aiomysql\cursors.py", line 237, in execute
    query = query % self._escape_args(args, conn)
TypeError: not all arguments converted during string formatting
[2022-11-11 15:50:35] [ERROR   ] discord.ui.view: Ignoring exception in view <feedback_buttons timeout=None children=5> for item <Button style=<ButtonStyle.success: 3> url=None disabled=False label='5' emoji=<PartialEmoji animated=False name='⭐' id=None> row=None>
Traceback (most recent call last):
  File "D:\pythonProject\Deadshot - ModMail\venv\lib\site-packages\discord\ui\view.py", line 425, in _scheduled_task
    await item.callback(interaction)
  File "D:\pythonProject\Deadshot - ModMail\cogs\ModMail.py", line 289, in fuenf_stern
    await cur.execute("INSERT INTO feedback(guildID, feedback, feedback_count, last_feedback) VALUES(%s, %s, %s)", (self.guild_id, float(5), 1, float(5)))
  File "D:\pythonProject\Deadshot - ModMail\venv\lib\site-packages\aiomysql\cursors.py", line 237, in execute
    query = query % self._escape_args(args, conn)
TypeError: not all arguments converted during string formatting
[2022-11-11 15:50:59] [INFO    ] discord: Reloaded 'ModMail' | Ausgeführt von Luca♛#7857
[2022-11-11 15:51:53] [INFO    ] discord: Reloaded 'ModMail' | Ausgeführt von Luca♛#7857
[2022-11-11 15:52:13] [ERROR   ] discord.ui.view: Ignoring exception in view <feedback_buttons timeout=None children=5> for item <Button style=<ButtonStyle.success: 3> url=None disabled=False label='5' emoji=<PartialEmoji animated=False name='⭐' id=None> row=None>
Traceback (most recent call last):
  File "D:\pythonProject\Deadshot - ModMail\venv\lib\site-packages\discord\ui\view.py", line 425, in _scheduled_task
    await item.callback(interaction)
  File "D:\pythonProject\Deadshot - ModMail\cogs\ModMail.py", line 283, in fuenf_stern
    await cur.execute("UPDATE feedback SET feedback_count = (%s) AND feedback = (%s) AND last_feedback WHERE guildID = (%s)", (feedback_count, feedback_durchschnitt, db_daten[2] + 5, self.guild_id))
  File "D:\pythonProject\Deadshot - ModMail\venv\lib\site-packages\aiomysql\cursors.py", line 237, in execute
    query = query % self._escape_args(args, conn)
TypeError: not all arguments converted during string formatting
[2022-11-11 15:52:35] [INFO    ] discord: Reloaded 'ModMail' | Ausgeführt von Luca♛#7857
[2022-11-11 15:53:49] [INFO    ] discord: Reloaded 'ModMail' | Ausgeführt von Luca♛#7857
[2022-11-11 15:53:56] [INFO    ] discord: Es wurden 16 Befehle synchronisiert. | Ausgeführt von Luca♛#7857
[2022-11-11 15:54:36] [INFO    ] discord: Reloaded 'ModMail' | Ausgeführt von Luca♛#7857
[2022-11-11 15:55:11] [INFO    ] discord: Reloaded 'ModMail' | Ausgeführt von Luca♛#7857
[2022-11-11 15:55:34] [INFO    ] discord: Reloaded 'ModMail' | Ausgeführt von Luca♛#7857
[2022-11-11 15:56:33] [INFO    ] discord: Reloaded 'ModMail' | Ausgeführt von Luca♛#7857
[2022-11-11 15:56:35] [INFO    ] discord: Es wurden 16 Befehle synchronisiert. | Ausgeführt von Luca♛#7857
[2022-11-11 15:57:02] [INFO    ] discord: Reloaded 'ModMail' | Ausgeführt von Luca♛#7857
[2022-11-11 15:58:16] [INFO    ] discord: Reloaded 'ModMail' | Ausgeführt von Luca♛#7857
[2022-11-11 15:59:39] [INFO    ] discord: Reloaded 'ModMail' | Ausgeführt von Luca♛#7857
[2022-11-11 16:00:36] [INFO    ] discord: Reloaded 'ModMail' | Ausgeführt von Luca♛#7857
[2022-11-11 16:01:45] [INFO    ] discord: Reloaded 'ModMail' | Ausgeführt von Luca♛#7857
[2022-11-11 16:02:39] [INFO    ] discord: Reloaded 'ModMail' | Ausgeführt von Luca♛#7857
[2022-11-11 16:03:27] [INFO    ] discord: Reloaded 'ModMail' | Ausgeführt von Luca♛#7857
[2022-11-11 16:04:51] [INFO    ] discord: Reloaded 'ModMail' | Ausgeführt von Luca♛#7857
[2022-11-11 16:05:11] [INFO    ] discord: Reloaded 'ModMail' | Ausgeführt von Luca♛#7857
[2022-11-11 16:06:08] [INFO    ] discord: Reloaded 'ModMail' | Ausgeführt von Luca♛#7857
[2022-11-11 16:08:05] [INFO    ] discord: Reloaded 'ModMail' | Ausgeführt von Luca♛#7857
[2022-11-11 16:08:23] [INFO    ] discord: Reloaded 'ModMail' | Ausgeführt von Luca♛#7857
[2022-11-11 16:08:56] [INFO    ] discord: Reloaded 'ModMail' | Ausgeführt von Luca♛#7857
[2022-11-11 16:09:12] [INFO    ] discord: Reloaded 'ModMail' | Ausgeführt von Luca♛#7857
[2022-11-11 16:09:37] [INFO    ] discord: Reloaded 'ModMail' | Ausgeführt von Luca♛#7857
[2022-11-11 16:15:35] [INFO    ] discord: Reloaded 'ModMail' | Ausgeführt von Luca♛#7857
[2022-11-11 16:15:42] [ERROR   ] discord.ui.view: Ignoring exception in view <feedback_buttons timeout=None children=5> for item <Button style=<ButtonStyle.danger: 4> url=None disabled=False label='2' emoji=<PartialEmoji animated=False name='⭐' id=None> row=None>
Traceback (most recent call last):
  File "D:\pythonProject\Deadshot - ModMail\venv\lib\site-packages\discord\ui\view.py", line 425, in _scheduled_task
    await item.callback(interaction)
  File "D:\pythonProject\Deadshot - ModMail\cogs\ModMail.py", line 337, in zwei_stern
    await interaction.response.edit_message(content=round(daten2 / daten1, 2), self=None)
TypeError: InteractionResponse.edit_message() got multiple values for argument 'self'
[2022-11-11 16:15:47] [ERROR   ] discord.ui.view: Ignoring exception in view <feedback_buttons timeout=None children=5> for item <Button style=<ButtonStyle.danger: 4> url=None disabled=False label='2' emoji=<PartialEmoji animated=False name='⭐' id=None> row=None>
Traceback (most recent call last):
  File "D:\pythonProject\Deadshot - ModMail\venv\lib\site-packages\discord\ui\view.py", line 425, in _scheduled_task
    await item.callback(interaction)
  File "D:\pythonProject\Deadshot - ModMail\cogs\ModMail.py", line 337, in zwei_stern
    await interaction.response.edit_message(content=round(daten2 / daten1, 2), self=None)
TypeError: InteractionResponse.edit_message() got multiple values for argument 'self'
[2022-11-11 16:16:27] [INFO    ] discord: Reloaded 'ModMail' | Ausgeführt von Luca♛#7857
[2022-11-11 16:18:57] [INFO    ] discord.gateway: Shard ID None has connected to Gateway (Session ID: ca1a0562c6b84e1eb32c314b012f83ab).
[2022-11-11 16:24:45] [INFO    ] discord: Reloaded 'ModMail' | Ausgeführt von Luca♛#7857
[2022-11-11 16:25:32] [INFO    ] discord: Reloaded 'ModMail' | Ausgeführt von Luca♛#7857
[2022-11-11 16:25:38] [ERROR   ] discord.ui.view: Ignoring exception in view <feedback_buttons timeout=None children=5> for item <Button style=<ButtonStyle.success: 3> url=None disabled=False label='4' emoji=<PartialEmoji animated=False name='⭐' id=None> row=None>
Traceback (most recent call last):
  File "D:\pythonProject\Deadshot - ModMail\venv\lib\site-packages\discord\ui\view.py", line 425, in _scheduled_task
    await item.callback(interaction)
  File "D:\pythonProject\Deadshot - ModMail\cogs\ModMail.py", line 297, in vier_stern
    await cur.execute("UPDATE feedback SET last_feedback = (%s) WHERE guildID = (%s)", (db_daten[2] + 4, self.guild_id))
  File "D:\pythonProject\Deadshot - ModMail\venv\lib\site-packages\aiomysql\cursors.py", line 239, in execute
    await self._query(query)
  File "D:\pythonProject\Deadshot - ModMail\venv\lib\site-packages\aiomysql\cursors.py", line 457, in _query
    await conn.query(q)
  File "D:\pythonProject\Deadshot - ModMail\venv\lib\site-packages\aiomysql\connection.py", line 469, in query
    await self._read_query_result(unbuffered=unbuffered)
  File "D:\pythonProject\Deadshot - ModMail\venv\lib\site-packages\aiomysql\connection.py", line 672, in _read_query_result
    await result.read()
  File "D:\pythonProject\Deadshot - ModMail\venv\lib\site-packages\aiomysql\connection.py", line 1153, in read
    first_packet = await self.connection._read_packet()
  File "D:\pythonProject\Deadshot - ModMail\venv\lib\site-packages\aiomysql\connection.py", line 641, in _read_packet
    packet.raise_for_error()
  File "D:\pythonProject\Deadshot - ModMail\venv\lib\site-packages\pymysql\protocol.py", line 221, in raise_for_error
    err.raise_mysql_exception(self._data)
  File "D:\pythonProject\Deadshot - ModMail\venv\lib\site-packages\pymysql\err.py", line 143, in raise_mysql_exception
    raise errorclass(errno, errval)
pymysql.err.OperationalError: (1054, "Unknown column 'last_feedback' in 'field list'")
[2022-11-11 16:26:05] [INFO    ] discord: Reloaded 'ModMail' | Ausgeführt von Luca♛#7857
[2022-11-11 16:26:08] [ERROR   ] discord.ui.view: Ignoring exception in view <feedback_buttons timeout=None children=5> for item <Button style=<ButtonStyle.success: 3> url=None disabled=False label='4' emoji=<PartialEmoji animated=False name='⭐' id=None> row=None>
Traceback (most recent call last):
  File "D:\pythonProject\Deadshot - ModMail\venv\lib\site-packages\discord\ui\view.py", line 425, in _scheduled_task
    await item.callback(interaction)
  File "D:\pythonProject\Deadshot - ModMail\cogs\ModMail.py", line 297, in vier_stern
    await cur.execute("UPDATE feedback SET last_feedback = (%s) WHERE guildID = (%s)", (db_daten[2] + 4, self.guild_id))
  File "D:\pythonProject\Deadshot - ModMail\venv\lib\site-packages\aiomysql\cursors.py", line 239, in execute
    await self._query(query)
  File "D:\pythonProject\Deadshot - ModMail\venv\lib\site-packages\aiomysql\cursors.py", line 457, in _query
    await conn.query(q)
  File "D:\pythonProject\Deadshot - ModMail\venv\lib\site-packages\aiomysql\connection.py", line 469, in query
    await self._read_query_result(unbuffered=unbuffered)
  File "D:\pythonProject\Deadshot - ModMail\venv\lib\site-packages\aiomysql\connection.py", line 672, in _read_query_result
    await result.read()
  File "D:\pythonProject\Deadshot - ModMail\venv\lib\site-packages\aiomysql\connection.py", line 1153, in read
    first_packet = await self.connection._read_packet()
  File "D:\pythonProject\Deadshot - ModMail\venv\lib\site-packages\aiomysql\connection.py", line 641, in _read_packet
    packet.raise_for_error()
  File "D:\pythonProject\Deadshot - ModMail\venv\lib\site-packages\pymysql\protocol.py", line 221, in raise_for_error
    err.raise_mysql_exception(self._data)
  File "D:\pythonProject\Deadshot - ModMail\venv\lib\site-packages\pymysql\err.py", line 143, in raise_mysql_exception
    raise errorclass(errno, errval)
pymysql.err.OperationalError: (1054, "Unknown column 'last_feedback' in 'field list'")
[2022-11-11 16:27:22] [INFO    ] discord: Reloaded 'settings' | Ausgeführt von Luca♛#7857
[2022-11-11 16:29:06] [INFO    ] discord: Reloaded 'ModMail' | Ausgeführt von Luca♛#7857
[2022-11-11 16:29:10] [ERROR   ] discord.ui.view: Ignoring exception in view <feedback_buttons timeout=None children=5> for item <Button style=<ButtonStyle.success: 3> url=None disabled=False label='4' emoji=<PartialEmoji animated=False name='⭐' id=None> row=None>
Traceback (most recent call last):
  File "D:\pythonProject\Deadshot - ModMail\venv\lib\site-packages\discord\ui\view.py", line 425, in _scheduled_task
    await item.callback(interaction)
  File "D:\pythonProject\Deadshot - ModMail\cogs\ModMail.py", line 297, in vier_stern
    await cur.execute("UPDATE feedback SET last_feedback = (%s) WHERE guildID = (%s)", (db_daten[2] + 4, self.guild_id))
  File "D:\pythonProject\Deadshot - ModMail\venv\lib\site-packages\aiomysql\cursors.py", line 239, in execute
    await self._query(query)
  File "D:\pythonProject\Deadshot - ModMail\venv\lib\site-packages\aiomysql\cursors.py", line 457, in _query
    await conn.query(q)
  File "D:\pythonProject\Deadshot - ModMail\venv\lib\site-packages\aiomysql\connection.py", line 469, in query
    await self._read_query_result(unbuffered=unbuffered)
  File "D:\pythonProject\Deadshot - ModMail\venv\lib\site-packages\aiomysql\connection.py", line 672, in _read_query_result
    await result.read()
  File "D:\pythonProject\Deadshot - ModMail\venv\lib\site-packages\aiomysql\connection.py", line 1153, in read
    first_packet = await self.connection._read_packet()
  File "D:\pythonProject\Deadshot - ModMail\venv\lib\site-packages\aiomysql\connection.py", line 641, in _read_packet
    packet.raise_for_error()
  File "D:\pythonProject\Deadshot - ModMail\venv\lib\site-packages\pymysql\protocol.py", line 221, in raise_for_error
    err.raise_mysql_exception(self._data)
  File "D:\pythonProject\Deadshot - ModMail\venv\lib\site-packages\pymysql\err.py", line 143, in raise_mysql_exception
    raise errorclass(errno, errval)
pymysql.err.OperationalError: (1054, "Unknown column 'last_feedback' in 'field list'")
[2022-11-11 16:29:21] [ERROR   ] discord.ui.view: Ignoring exception in view <feedback_buttons timeout=None children=5> for item <Button style=<ButtonStyle.success: 3> url=None disabled=False label='5' emoji=<PartialEmoji animated=False name='⭐' id=None> row=None>
Traceback (most recent call last):
  File "D:\pythonProject\Deadshot - ModMail\venv\lib\site-packages\discord\ui\view.py", line 425, in _scheduled_task
    await item.callback(interaction)
  File "D:\pythonProject\Deadshot - ModMail\cogs\ModMail.py", line 281, in fuenf_stern
    await interaction.response.edit_message(content=round(daten2 / daten1, 2), self=None)
TypeError: InteractionResponse.edit_message() got multiple values for argument 'self'
[2022-11-11 16:30:23] [INFO    ] discord: Reloaded 'ModMail' | Ausgeführt von Luca♛#7857
[2022-11-11 16:30:26] [ERROR   ] discord.ui.view: Ignoring exception in view <feedback_buttons timeout=None children=5> for item <Button style=<ButtonStyle.secondary: 2> url=None disabled=False label='3' emoji=<PartialEmoji animated=False name='⭐' id=None> row=None>
Traceback (most recent call last):
  File "D:\pythonProject\Deadshot - ModMail\venv\lib\site-packages\discord\ui\view.py", line 425, in _scheduled_task
    await item.callback(interaction)
  File "D:\pythonProject\Deadshot - ModMail\cogs\ModMail.py", line 313, in drei_stern
    await interaction.response.edit_message(content=round(daten2 / daten1, 2), self=None)
TypeError: InteractionResponse.edit_message() got multiple values for argument 'self'
[2022-11-11 16:30:57] [INFO    ] discord: Reloaded 'ModMail' | Ausgeführt von Luca♛#7857
[2022-11-11 16:36:05] [INFO    ] discord: Reloaded 'ModMail' | Ausgeführt von Luca♛#7857
[2022-11-11 16:36:07] [INFO    ] discord: Es wurden 15 Befehle synchronisiert. | Ausgeführt von Luca♛#7857
[2022-11-11 16:36:40] [ERROR   ] discord.ui.view: Ignoring exception in view <feedback_buttons timeout=None children=5> for item <Button style=<ButtonStyle.success: 3> url=None disabled=False label='4' emoji=<PartialEmoji animated=False name='⭐' id=None> row=None>
Traceback (most recent call last):
  File "D:\pythonProject\Deadshot - ModMail\venv\lib\site-packages\discord\ui\view.py", line 425, in _scheduled_task
    await item.callback(interaction)
  File "D:\pythonProject\Deadshot - ModMail\cogs\ModMail.py", line 314, in vier_stern
    embed.set_footer(text=f"{interaction.guild.name}")
AttributeError: 'NoneType' object has no attribute 'name'
[2022-11-11 16:37:58] [ERROR   ] discord.app_commands.tree: Ignoring exception in command 'reload'
Traceback (most recent call last):
  File "D:\pythonProject\Deadshot - ModMail\venv\lib\site-packages\discord\ext\commands\bot.py", line 946, in _load_from_module_spec
    await setup(self)
  File "D:\pythonProject\Deadshot - ModMail\cogs\ModMail.py", line 781, in setup
    await bot.add_cog(ModMail(bot))
  File "D:\pythonProject\Deadshot - ModMail\cogs\ModMail.py", line 425, in __init__
    self.bot.add_view(feedback_buttons())
TypeError: feedback_buttons.__init__() missing 2 required positional arguments: 'guild_id' and 'guild_name'

The above exception was the direct cause of the following exception:

Traceback (most recent call last):
  File "D:\pythonProject\Deadshot - ModMail\cogs\developer.py", line 56, in reload
    await self.bot.reload_extension(f"cogs.{datei.value}")
  File "D:\pythonProject\Deadshot - ModMail\venv\lib\site-packages\discord\ext\commands\bot.py", line 1114, in reload_extension
    await self.load_extension(name)
  File "D:\pythonProject\Deadshot - ModMail\venv\lib\site-packages\discord\ext\commands\bot.py", line 1012, in load_extension
    await self._load_from_module_spec(spec, name)
  File "D:\pythonProject\Deadshot - ModMail\venv\lib\site-packages\discord\ext\commands\bot.py", line 951, in _load_from_module_spec
    raise errors.ExtensionFailed(key, e) from e
discord.ext.commands.errors.ExtensionFailed: Extension 'cogs.ModMail' raised an error: TypeError: feedback_buttons.__init__() missing 2 required positional arguments: 'guild_id' and 'guild_name'

During handling of the above exception, another exception occurred:

Traceback (most recent call last):
  File "D:\pythonProject\Deadshot - ModMail\venv\lib\site-packages\discord\app_commands\commands.py", line 850, in _do_call
    return await self._callback(self.binding, interaction, **params)  # type: ignore
  File "D:\pythonProject\Deadshot - ModMail\cogs\developer.py", line 60, in reload
    await self.bot.load_extension(f"cogs.{datei.value}")
  File "D:\pythonProject\Deadshot - ModMail\venv\lib\site-packages\discord\ext\commands\bot.py", line 1006, in load_extension
    raise errors.ExtensionAlreadyLoaded(name)
discord.ext.commands.errors.ExtensionAlreadyLoaded: Extension 'cogs.ModMail' is already loaded.

The above exception was the direct cause of the following exception:

Traceback (most recent call last):
  File "D:\pythonProject\Deadshot - ModMail\venv\lib\site-packages\discord\app_commands\tree.py", line 1240, in _call
    await command._invoke_with_namespace(interaction, namespace)
  File "D:\pythonProject\Deadshot - ModMail\venv\lib\site-packages\discord\app_commands\commands.py", line 876, in _invoke_with_namespace
    return await self._do_call(interaction, transformed_values)
  File "D:\pythonProject\Deadshot - ModMail\venv\lib\site-packages\discord\app_commands\commands.py", line 869, in _do_call
    raise CommandInvokeError(self, e) from e
discord.app_commands.errors.CommandInvokeError: Command 'reload' raised an exception: ExtensionAlreadyLoaded: Extension 'cogs.ModMail' is already loaded.
[2022-11-11 16:38:07] [INFO    ] discord: Es wurden 15 Befehle synchronisiert. | Ausgeführt von Luca♛#7857
[2022-11-11 16:38:10] [ERROR   ] discord.app_commands.tree: Ignoring exception in command 'reload'
Traceback (most recent call last):
  File "D:\pythonProject\Deadshot - ModMail\venv\lib\site-packages\discord\ext\commands\bot.py", line 946, in _load_from_module_spec
    await setup(self)
  File "D:\pythonProject\Deadshot - ModMail\cogs\ModMail.py", line 781, in setup
    await bot.add_cog(ModMail(bot))
  File "D:\pythonProject\Deadshot - ModMail\cogs\ModMail.py", line 425, in __init__
    self.bot.add_view(feedback_buttons())
TypeError: feedback_buttons.__init__() missing 2 required positional arguments: 'guild_id' and 'guild_name'

The above exception was the direct cause of the following exception:

Traceback (most recent call last):
  File "D:\pythonProject\Deadshot - ModMail\cogs\developer.py", line 56, in reload
    await self.bot.reload_extension(f"cogs.{datei.value}")
  File "D:\pythonProject\Deadshot - ModMail\venv\lib\site-packages\discord\ext\commands\bot.py", line 1114, in reload_extension
    await self.load_extension(name)
  File "D:\pythonProject\Deadshot - ModMail\venv\lib\site-packages\discord\ext\commands\bot.py", line 1012, in load_extension
    await self._load_from_module_spec(spec, name)
  File "D:\pythonProject\Deadshot - ModMail\venv\lib\site-packages\discord\ext\commands\bot.py", line 951, in _load_from_module_spec
    raise errors.ExtensionFailed(key, e) from e
discord.ext.commands.errors.ExtensionFailed: Extension 'cogs.ModMail' raised an error: TypeError: feedback_buttons.__init__() missing 2 required positional arguments: 'guild_id' and 'guild_name'

During handling of the above exception, another exception occurred:

Traceback (most recent call last):
  File "D:\pythonProject\Deadshot - ModMail\venv\lib\site-packages\discord\app_commands\commands.py", line 850, in _do_call
    return await self._callback(self.binding, interaction, **params)  # type: ignore
  File "D:\pythonProject\Deadshot - ModMail\cogs\developer.py", line 60, in reload
    await self.bot.load_extension(f"cogs.{datei.value}")
  File "D:\pythonProject\Deadshot - ModMail\venv\lib\site-packages\discord\ext\commands\bot.py", line 1006, in load_extension
    raise errors.ExtensionAlreadyLoaded(name)
discord.ext.commands.errors.ExtensionAlreadyLoaded: Extension 'cogs.ModMail' is already loaded.

The above exception was the direct cause of the following exception:

Traceback (most recent call last):
  File "D:\pythonProject\Deadshot - ModMail\venv\lib\site-packages\discord\app_commands\tree.py", line 1240, in _call
    await command._invoke_with_namespace(interaction, namespace)
  File "D:\pythonProject\Deadshot - ModMail\venv\lib\site-packages\discord\app_commands\commands.py", line 876, in _invoke_with_namespace
    return await self._do_call(interaction, transformed_values)
  File "D:\pythonProject\Deadshot - ModMail\venv\lib\site-packages\discord\app_commands\commands.py", line 869, in _do_call
    raise CommandInvokeError(self, e) from e
discord.app_commands.errors.CommandInvokeError: Command 'reload' raised an exception: ExtensionAlreadyLoaded: Extension 'cogs.ModMail' is already loaded.
[2022-11-11 16:38:20] [INFO    ] discord: Reloaded 'ModMail' | Ausgeführt von Luca♛#7857
[2022-11-11 16:38:38] [ERROR   ] discord.ui.view: Ignoring exception in view <feedback_buttons timeout=None children=5> for item <Button style=<ButtonStyle.success: 3> url=None disabled=False label='4' emoji=<PartialEmoji animated=False name='⭐' id=None> row=None>
Traceback (most recent call last):
  File "D:\pythonProject\Deadshot - ModMail\venv\lib\site-packages\discord\ui\view.py", line 425, in _scheduled_task
    await item.callback(interaction)
  File "D:\pythonProject\Deadshot - ModMail\cogs\ModMail.py", line 315, in vier_stern
    embed.set_footer(text=f"{interaction.guild.name}")
AttributeError: 'NoneType' object has no attribute 'name'
[2022-11-11 16:39:23] [INFO    ] discord: Reloaded 'ModMail' | Ausgeführt von Luca♛#7857
[2022-11-11 16:43:06] [INFO    ] discord: Reloaded 'ModMail' | Ausgeführt von Luca♛#7857
[2022-11-11 16:43:49] [INFO    ] discord: Reloaded 'ModMail' | Ausgeführt von Luca♛#7857
[2022-11-11 16:45:27] [INFO    ] discord: Reloaded 'ModMail' | Ausgeführt von Luca♛#7857
[2022-11-11 16:47:54] [INFO    ] discord: Reloaded 'info' | Ausgeführt von Luca♛#7857
[2022-11-11 16:48:26] [INFO    ] discord: Reloaded 'info' | Ausgeführt von Luca♛#7857
[2022-11-11 16:48:41] [INFO    ] discord: Reloaded 'info' | Ausgeführt von Luca♛#7857
[2022-11-11 16:54:33] [INFO    ] discord: Reloaded 'ModMail' | Ausgeführt von Luca♛#7857
[2022-11-11 16:55:44] [INFO    ] discord: Reloaded 'ModMail' | Ausgeführt von Luca♛#7857
[2022-11-11 16:56:44] [INFO    ] discord: Reloaded 'ModMail' | Ausgeführt von Luca♛#7857
[2022-11-11 16:57:42] [INFO    ] discord: Reloaded 'ModMail' | Ausgeführt von Luca♛#7857
[2022-11-11 16:58:24] [INFO    ] discord: Reloaded 'ModMail' | Ausgeführt von Luca♛#7857
[2022-11-11 17:01:57] [INFO    ] discord: Reloaded 'info' | Ausgeführt von Luca♛#7857
[2022-11-11 18:17:33] [ERROR   ] discord.app_commands.tree: Ignoring exception in command 'show'
Traceback (most recent call last):
  File "D:\pythonProject\Deadshot - ModMail\venv\lib\site-packages\discord\app_commands\commands.py", line 850, in _do_call
    return await self._callback(self.binding, interaction, **params)  # type: ignore
  File "D:\pythonProject\Deadshot - ModMail\cogs\snippets.py", line 145, in show
    await interaction.response.send_message(embed=embed)
  File "D:\pythonProject\Deadshot - ModMail\venv\lib\site-packages\discord\interactions.py", line 692, in send_message
    raise InteractionResponded(self._parent)
discord.errors.InteractionResponded: This interaction has already been responded to before

The above exception was the direct cause of the following exception:

Traceback (most recent call last):
  File "D:\pythonProject\Deadshot - ModMail\venv\lib\site-packages\discord\app_commands\tree.py", line 1240, in _call
    await command._invoke_with_namespace(interaction, namespace)
  File "D:\pythonProject\Deadshot - ModMail\venv\lib\site-packages\discord\app_commands\commands.py", line 876, in _invoke_with_namespace
    return await self._do_call(interaction, transformed_values)
  File "D:\pythonProject\Deadshot - ModMail\venv\lib\site-packages\discord\app_commands\commands.py", line 869, in _do_call
    raise CommandInvokeError(self, e) from e
discord.app_commands.errors.CommandInvokeError: Command 'show' raised an exception: InteractionResponded: This interaction has already been responded to before
[2022-11-11 18:45:08] [INFO    ] discord.gateway: Shard ID None has successfully RESUMED session ca1a0562c6b84e1eb32c314b012f83ab.
[2022-11-11 20:39:52] [INFO    ] discord.gateway: Shard ID None has connected to Gateway (Session ID: bfc7f812ea6b7c14f1deb6f6d9e771ed).
[2022-11-11 20:39:56] [INFO    ] discord: Es wurden 1 Befehle synchronisiert. | Ausgeführt von Luca♛#7857
[2022-11-11 20:40:11] [INFO    ] discord.gateway: Shard ID None has connected to Gateway (Session ID: 57616945050735f1bbf8421074efff8e).
[2022-11-11 20:41:11] [INFO    ] discord: Reloaded 'info' | Ausgeführt von Luca♛#7857
[2022-11-11 20:48:08] [ERROR   ] discord.app_commands.tree: Ignoring exception in command 'teaminfo'
Traceback (most recent call last):
  File "D:\pythonProject\Deadshot - ModMail\venv\lib\site-packages\discord\app_commands\commands.py", line 850, in _do_call
    return await self._callback(self.binding, interaction, **params)  # type: ignore
  File "D:\pythonProject\Deadshot - ModMail\cogs\info.py", line 515, in teaminfo
    await interaction.response.send_message(embed=embed, ephemeral=True)
  File "D:\pythonProject\Deadshot - ModMail\venv\lib\site-packages\discord\interactions.py", line 692, in send_message
    raise InteractionResponded(self._parent)
discord.errors.InteractionResponded: This interaction has already been responded to before

The above exception was the direct cause of the following exception:

Traceback (most recent call last):
  File "D:\pythonProject\Deadshot - ModMail\venv\lib\site-packages\discord\app_commands\tree.py", line 1240, in _call
    await command._invoke_with_namespace(interaction, namespace)
  File "D:\pythonProject\Deadshot - ModMail\venv\lib\site-packages\discord\app_commands\commands.py", line 876, in _invoke_with_namespace
    return await self._do_call(interaction, transformed_values)
  File "D:\pythonProject\Deadshot - ModMail\venv\lib\site-packages\discord\app_commands\commands.py", line 869, in _do_call
    raise CommandInvokeError(self, e) from e
discord.app_commands.errors.CommandInvokeError: Command 'teaminfo' raised an exception: InteractionResponded: This interaction has already been responded to before
[2022-11-11 20:49:52] [INFO    ] discord: Reloaded 'info' | Ausgeführt von Luca♛#7857
[2022-11-11 20:54:00] [INFO    ] discord: Reloaded 'info' | Ausgeführt von Luca♛#7857
[2022-11-11 20:55:20] [INFO    ] discord: Reloaded 'info' | Ausgeführt von Luca♛#7857
[2022-11-11 21:10:12] [INFO    ] discord: Reloaded 'moderation' | Ausgeführt von Luca♛#7857
[2022-11-11 21:10:19] [ERROR   ] discord.app_commands.tree: Ignoring exception in command 'block'
Traceback (most recent call last):
  File "D:\pythonProject\Deadshot - ModMail\venv\lib\site-packages\discord\app_commands\commands.py", line 850, in _do_call
    return await self._callback(self.binding, interaction, **params)  # type: ignore
  File "D:\pythonProject\Deadshot - ModMail\cogs\moderation.py", line 112, in block
    await interaction.response.send_message(embed=error_embed, ephemeral=True)
  File "D:\pythonProject\Deadshot - ModMail\venv\lib\site-packages\discord\interactions.py", line 692, in send_message
    raise InteractionResponded(self._parent)
discord.errors.InteractionResponded: This interaction has already been responded to before

The above exception was the direct cause of the following exception:

Traceback (most recent call last):
  File "D:\pythonProject\Deadshot - ModMail\venv\lib\site-packages\discord\app_commands\tree.py", line 1240, in _call
    await command._invoke_with_namespace(interaction, namespace)
  File "D:\pythonProject\Deadshot - ModMail\venv\lib\site-packages\discord\app_commands\commands.py", line 876, in _invoke_with_namespace
    return await self._do_call(interaction, transformed_values)
  File "D:\pythonProject\Deadshot - ModMail\venv\lib\site-packages\discord\app_commands\commands.py", line 869, in _do_call
    raise CommandInvokeError(self, e) from e
discord.app_commands.errors.CommandInvokeError: Command 'block' raised an exception: InteractionResponded: This interaction has already been responded to before
[2022-11-11 21:10:32] [ERROR   ] discord.app_commands.tree: Ignoring exception in command 'unblock'
Traceback (most recent call last):
  File "D:\pythonProject\Deadshot - ModMail\venv\lib\site-packages\discord\app_commands\commands.py", line 850, in _do_call
    return await self._callback(self.binding, interaction, **params)  # type: ignore
  File "D:\pythonProject\Deadshot - ModMail\cogs\moderation.py", line 168, in unblock
    await interaction.response.send_message(embed=error_embed, ephemeral=True)
  File "D:\pythonProject\Deadshot - ModMail\venv\lib\site-packages\discord\interactions.py", line 692, in send_message
    raise InteractionResponded(self._parent)
discord.errors.InteractionResponded: This interaction has already been responded to before

The above exception was the direct cause of the following exception:

Traceback (most recent call last):
  File "D:\pythonProject\Deadshot - ModMail\venv\lib\site-packages\discord\app_commands\tree.py", line 1240, in _call
    await command._invoke_with_namespace(interaction, namespace)
  File "D:\pythonProject\Deadshot - ModMail\venv\lib\site-packages\discord\app_commands\commands.py", line 876, in _invoke_with_namespace
    return await self._do_call(interaction, transformed_values)
  File "D:\pythonProject\Deadshot - ModMail\venv\lib\site-packages\discord\app_commands\commands.py", line 869, in _do_call
    raise CommandInvokeError(self, e) from e
discord.app_commands.errors.CommandInvokeError: Command 'unblock' raised an exception: InteractionResponded: This interaction has already been responded to before
[2022-11-11 21:10:51] [INFO    ] discord: Reloaded 'moderation' | Ausgeführt von Luca♛#7857
[2022-11-11 21:10:55] [ERROR   ] discord.app_commands.tree: Ignoring exception in command 'block'
Traceback (most recent call last):
  File "D:\pythonProject\Deadshot - ModMail\venv\lib\site-packages\discord\app_commands\commands.py", line 850, in _do_call
    return await self._callback(self.binding, interaction, **params)  # type: ignore
  File "D:\pythonProject\Deadshot - ModMail\cogs\moderation.py", line 112, in block
    await interaction.response.send_message(embed=error_embed, ephemeral=True)
  File "D:\pythonProject\Deadshot - ModMail\venv\lib\site-packages\discord\interactions.py", line 692, in send_message
    raise InteractionResponded(self._parent)
discord.errors.InteractionResponded: This interaction has already been responded to before

The above exception was the direct cause of the following exception:

Traceback (most recent call last):
  File "D:\pythonProject\Deadshot - ModMail\venv\lib\site-packages\discord\app_commands\tree.py", line 1240, in _call
    await command._invoke_with_namespace(interaction, namespace)
  File "D:\pythonProject\Deadshot - ModMail\venv\lib\site-packages\discord\app_commands\commands.py", line 876, in _invoke_with_namespace
    return await self._do_call(interaction, transformed_values)
  File "D:\pythonProject\Deadshot - ModMail\venv\lib\site-packages\discord\app_commands\commands.py", line 869, in _do_call
    raise CommandInvokeError(self, e) from e
discord.app_commands.errors.CommandInvokeError: Command 'block' raised an exception: InteractionResponded: This interaction has already been responded to before
[2022-11-11 21:11:00] [ERROR   ] discord.app_commands.tree: Ignoring exception in command 'unblock'
Traceback (most recent call last):
  File "D:\pythonProject\Deadshot - ModMail\venv\lib\site-packages\discord\app_commands\commands.py", line 850, in _do_call
    return await self._callback(self.binding, interaction, **params)  # type: ignore
  File "D:\pythonProject\Deadshot - ModMail\cogs\moderation.py", line 168, in unblock
    await interaction.response.send_message(embed=error_embed, ephemeral=True)
  File "D:\pythonProject\Deadshot - ModMail\venv\lib\site-packages\discord\interactions.py", line 692, in send_message
    raise InteractionResponded(self._parent)
discord.errors.InteractionResponded: This interaction has already been responded to before

The above exception was the direct cause of the following exception:

Traceback (most recent call last):
  File "D:\pythonProject\Deadshot - ModMail\venv\lib\site-packages\discord\app_commands\tree.py", line 1240, in _call
    await command._invoke_with_namespace(interaction, namespace)
  File "D:\pythonProject\Deadshot - ModMail\venv\lib\site-packages\discord\app_commands\commands.py", line 876, in _invoke_with_namespace
    return await self._do_call(interaction, transformed_values)
  File "D:\pythonProject\Deadshot - ModMail\venv\lib\site-packages\discord\app_commands\commands.py", line 869, in _do_call
    raise CommandInvokeError(self, e) from e
discord.app_commands.errors.CommandInvokeError: Command 'unblock' raised an exception: InteractionResponded: This interaction has already been responded to before
[2022-11-11 21:12:01] [ERROR   ] discord.app_commands.tree: Ignoring exception in command 'ticketinfo'
Traceback (most recent call last):
  File "D:\pythonProject\Deadshot - ModMail\venv\lib\site-packages\discord\app_commands\commands.py", line 850, in _do_call
    return await self._callback(self.binding, interaction, **params)  # type: ignore
  File "D:\pythonProject\Deadshot - ModMail\cogs\info.py", line 421, in ticket_info
    ersteller = interaction.guild.get_member(int(ticket.name))
ValueError: invalid literal for int() with base 10: 'Closed (941998396934340619)'

The above exception was the direct cause of the following exception:

Traceback (most recent call last):
  File "D:\pythonProject\Deadshot - ModMail\venv\lib\site-packages\discord\app_commands\tree.py", line 1240, in _call
    await command._invoke_with_namespace(interaction, namespace)
  File "D:\pythonProject\Deadshot - ModMail\venv\lib\site-packages\discord\app_commands\commands.py", line 876, in _invoke_with_namespace
    return await self._do_call(interaction, transformed_values)
  File "D:\pythonProject\Deadshot - ModMail\venv\lib\site-packages\discord\app_commands\commands.py", line 869, in _do_call
    raise CommandInvokeError(self, e) from e
discord.app_commands.errors.CommandInvokeError: Command 'ticketinfo' raised an exception: ValueError: invalid literal for int() with base 10: 'Closed (941998396934340619)'
[2022-11-11 21:18:27] [INFO    ] discord: Reloaded 'ModMail' | Ausgeführt von Luca♛#7857
[2022-11-11 21:19:09] [INFO    ] discord: Reloaded 'ModMail' | Ausgeführt von Luca♛#7857
[2022-11-11 21:20:39] [INFO    ] discord: Reloaded 'ModMail' | Ausgeführt von Luca♛#7857
[2022-11-11 21:20:44] [ERROR   ] discord.ui.view: Ignoring exception in view <Close_View timeout=None children=1> for item <Button style=<ButtonStyle.secondary: 2> url=None disabled=False label=None emoji=<PartialEmoji animated=False name='🔒' id=None> row=None>
Traceback (most recent call last):
  File "D:\pythonProject\Deadshot - ModMail\venv\lib\site-packages\discord\ui\view.py", line 425, in _scheduled_task
    await item.callback(interaction)
  File "D:\pythonProject\Deadshot - ModMail\cogs\ModMail.py", line 269, in close_button
  File "D:\pythonProject\Deadshot - ModMail\cogs\ModMail.py", line 18, in logging
    await cur.execute("SELECT log_kanal, stand FROM setup WHERE guildID = (%s)", int(interaction.guild.id))
AttributeError: 'NoneType' object has no attribute 'id'
[2022-11-11 21:21:27] [INFO    ] discord: Reloaded 'ModMail' | Ausgeführt von Luca♛#7857
[2022-11-11 21:25:45] [INFO    ] discord: Reloaded 'ModMail' | Ausgeführt von Luca♛#7857
[2022-11-11 21:33:03] [INFO    ] discord: Reloaded 'info' | Ausgeführt von Luca♛#7857
[2022-11-11 21:34:10] [ERROR   ] discord.ui.view: Ignoring exception in view <Button_Fuehrung timeout=180.0 children=3> for item <Button style=<ButtonStyle.secondary: 2> url=None disabled=False label=None emoji=<PartialEmoji animated=False name='DeadShotZurck' id=1037760360276574228> row=None>
Traceback (most recent call last):
  File "D:\pythonProject\Deadshot - ModMail\venv\lib\site-packages\discord\ui\view.py", line 425, in _scheduled_task
    await item.callback(interaction)
  File "D:\pythonProject\Deadshot - ModMail\cogs\info.py", line 34, in zurueck
    view = DropdownView()
TypeError: DropdownView.__init__() missing 1 required positional argument: 'author_id'
[2022-11-11 21:34:29] [INFO    ] discord: Reloaded 'info' | Ausgeführt von Luca♛#7857
[2022-11-11 21:44:31] [INFO    ] discord: Reloaded 'info' | Ausgeführt von Luca♛#7857
[2022-11-11 21:44:47] [INFO    ] discord: Es wurden 15 Befehle synchronisiert. | Ausgeführt von Luca♛#7857
[2022-11-11 21:46:08] [INFO    ] discord: Reloaded 'info' | Ausgeführt von Luca♛#7857
[2022-11-11 21:47:13] [INFO    ] discord: Reloaded 'info' | Ausgeführt von Luca♛#7857
[2022-11-11 21:50:33] [INFO    ] discord: Reloaded 'info' | Ausgeführt von Luca♛#7857
[2022-11-11 21:52:02] [ERROR   ] discord.app_commands.tree: Ignoring exception in command 'blocked'
Traceback (most recent call last):
  File "D:\pythonProject\Deadshot - ModMail\venv\lib\site-packages\discord\app_commands\commands.py", line 850, in _do_call
    return await self._callback(self.binding, interaction, **params)  # type: ignore
  File "D:\pythonProject\Deadshot - ModMail\cogs\moderation.py", line 208, in blocked
    await interaction.response.send_message(embed=error_embed, ephemeral=True)
  File "D:\pythonProject\Deadshot - ModMail\venv\lib\site-packages\discord\interactions.py", line 692, in send_message
    raise InteractionResponded(self._parent)
discord.errors.InteractionResponded: This interaction has already been responded to before

The above exception was the direct cause of the following exception:

Traceback (most recent call last):
  File "D:\pythonProject\Deadshot - ModMail\venv\lib\site-packages\discord\app_commands\tree.py", line 1240, in _call
    await command._invoke_with_namespace(interaction, namespace)
  File "D:\pythonProject\Deadshot - ModMail\venv\lib\site-packages\discord\app_commands\commands.py", line 876, in _invoke_with_namespace
    return await self._do_call(interaction, transformed_values)
  File "D:\pythonProject\Deadshot - ModMail\venv\lib\site-packages\discord\app_commands\commands.py", line 869, in _do_call
    raise CommandInvokeError(self, e) from e
discord.app_commands.errors.CommandInvokeError: Command 'blocked' raised an exception: InteractionResponded: This interaction has already been responded to before
[2022-11-11 21:52:25] [INFO    ] discord: Reloaded 'info' | Ausgeführt von Luca♛#7857
[2022-11-11 21:55:07] [INFO    ] discord: Reloaded 'info' | Ausgeführt von Luca♛#7857
[2022-11-11 21:56:01] [INFO    ] discord: Reloaded 'info' | Ausgeführt von Luca♛#7857
[2022-11-11 21:56:57] [INFO    ] discord: Reloaded 'info' | Ausgeführt von Luca♛#7857
[2022-11-12 10:50:28] [INFO    ] discord.gateway: Shard ID None has connected to Gateway (Session ID: fecaaf763fc35cd333cfbb087401b26e).
[2022-11-12 10:50:55] [ERROR   ] discord.app_commands.tree: Ignoring exception in command 'blocked'
Traceback (most recent call last):
  File "D:\pythonProject\Deadshot - ModMail\venv\lib\site-packages\discord\app_commands\commands.py", line 850, in _do_call
    return await self._callback(self.binding, interaction, **params)  # type: ignore
  File "D:\pythonProject\Deadshot - ModMail\cogs\moderation.py", line 201, in blocked
    await interaction.response.send_message(embed=embed)
  File "D:\pythonProject\Deadshot - ModMail\venv\lib\site-packages\discord\interactions.py", line 692, in send_message
    raise InteractionResponded(self._parent)
discord.errors.InteractionResponded: This interaction has already been responded to before

The above exception was the direct cause of the following exception:

Traceback (most recent call last):
  File "D:\pythonProject\Deadshot - ModMail\venv\lib\site-packages\discord\app_commands\tree.py", line 1240, in _call
    await command._invoke_with_namespace(interaction, namespace)
  File "D:\pythonProject\Deadshot - ModMail\venv\lib\site-packages\discord\app_commands\commands.py", line 876, in _invoke_with_namespace
    return await self._do_call(interaction, transformed_values)
  File "D:\pythonProject\Deadshot - ModMail\venv\lib\site-packages\discord\app_commands\commands.py", line 869, in _do_call
    raise CommandInvokeError(self, e) from e
discord.app_commands.errors.CommandInvokeError: Command 'blocked' raised an exception: InteractionResponded: This interaction has already been responded to before
[2022-11-12 10:51:37] [ERROR   ] discord.app_commands.tree: Ignoring exception in command 'block'
Traceback (most recent call last):
  File "D:\pythonProject\Deadshot - ModMail\venv\lib\site-packages\discord\app_commands\commands.py", line 850, in _do_call
    return await self._callback(self.binding, interaction, **params)  # type: ignore
  File "D:\pythonProject\Deadshot - ModMail\cogs\moderation.py", line 79, in block
    await interaction.response.send_message(embed=embed, ephemeral=True)
  File "D:\pythonProject\Deadshot - ModMail\venv\lib\site-packages\discord\interactions.py", line 692, in send_message
    raise InteractionResponded(self._parent)
discord.errors.InteractionResponded: This interaction has already been responded to before

The above exception was the direct cause of the following exception:

Traceback (most recent call last):
  File "D:\pythonProject\Deadshot - ModMail\venv\lib\site-packages\discord\app_commands\tree.py", line 1240, in _call
    await command._invoke_with_namespace(interaction, namespace)
  File "D:\pythonProject\Deadshot - ModMail\venv\lib\site-packages\discord\app_commands\commands.py", line 876, in _invoke_with_namespace
    return await self._do_call(interaction, transformed_values)
  File "D:\pythonProject\Deadshot - ModMail\venv\lib\site-packages\discord\app_commands\commands.py", line 869, in _do_call
    raise CommandInvokeError(self, e) from e
discord.app_commands.errors.CommandInvokeError: Command 'block' raised an exception: InteractionResponded: This interaction has already been responded to before
[2022-11-12 10:56:45] [INFO    ] discord: Reloaded 'moderation' | Ausgeführt von Luca♛#7857
[2022-11-12 10:56:49] [ERROR   ] discord.app_commands.tree: Ignoring exception in command 'block'
Traceback (most recent call last):
  File "D:\pythonProject\Deadshot - ModMail\venv\lib\site-packages\discord\app_commands\commands.py", line 850, in _do_call
    return await self._callback(self.binding, interaction, **params)  # type: ignore
  File "D:\pythonProject\Deadshot - ModMail\cogs\moderation.py", line 130, in block
    await interaction.response.send_message(embed=error_embed, ephemeral=True)
  File "D:\pythonProject\Deadshot - ModMail\venv\lib\site-packages\discord\interactions.py", line 692, in send_message
    raise InteractionResponded(self._parent)
discord.errors.InteractionResponded: This interaction has already been responded to before

The above exception was the direct cause of the following exception:

Traceback (most recent call last):
  File "D:\pythonProject\Deadshot - ModMail\venv\lib\site-packages\discord\app_commands\tree.py", line 1240, in _call
    await command._invoke_with_namespace(interaction, namespace)
  File "D:\pythonProject\Deadshot - ModMail\venv\lib\site-packages\discord\app_commands\commands.py", line 876, in _invoke_with_namespace
    return await self._do_call(interaction, transformed_values)
  File "D:\pythonProject\Deadshot - ModMail\venv\lib\site-packages\discord\app_commands\commands.py", line 869, in _do_call
    raise CommandInvokeError(self, e) from e
discord.app_commands.errors.CommandInvokeError: Command 'block' raised an exception: InteractionResponded: This interaction has already been responded to before
[2022-11-12 10:56:59] [ERROR   ] discord.app_commands.tree: Ignoring exception in command 'unblock'
Traceback (most recent call last):
  File "D:\pythonProject\Deadshot - ModMail\venv\lib\site-packages\discord\app_commands\commands.py", line 850, in _do_call
    return await self._callback(self.binding, interaction, **params)  # type: ignore
  File "D:\pythonProject\Deadshot - ModMail\cogs\moderation.py", line 186, in unblock
    await interaction.response.send_message(embed=error_embed, ephemeral=True)
  File "D:\pythonProject\Deadshot - ModMail\venv\lib\site-packages\discord\interactions.py", line 692, in send_message
    raise InteractionResponded(self._parent)
discord.errors.InteractionResponded: This interaction has already been responded to before

The above exception was the direct cause of the following exception:

Traceback (most recent call last):
  File "D:\pythonProject\Deadshot - ModMail\venv\lib\site-packages\discord\app_commands\tree.py", line 1240, in _call
    await command._invoke_with_namespace(interaction, namespace)
  File "D:\pythonProject\Deadshot - ModMail\venv\lib\site-packages\discord\app_commands\commands.py", line 876, in _invoke_with_namespace
    return await self._do_call(interaction, transformed_values)
  File "D:\pythonProject\Deadshot - ModMail\venv\lib\site-packages\discord\app_commands\commands.py", line 869, in _do_call
    raise CommandInvokeError(self, e) from e
discord.app_commands.errors.CommandInvokeError: Command 'unblock' raised an exception: InteractionResponded: This interaction has already been responded to before
[2022-11-12 11:01:48] [INFO    ] discord: Reloaded 'moderation' | Ausgeführt von Luca♛#7857
[2022-11-12 11:01:51] [ERROR   ] discord.app_commands.tree: Ignoring exception in command 'block'
Traceback (most recent call last):
  File "D:\pythonProject\Deadshot - ModMail\venv\lib\site-packages\discord\app_commands\commands.py", line 850, in _do_call
    return await self._callback(self.binding, interaction, **params)  # type: ignore
  File "D:\pythonProject\Deadshot - ModMail\cogs\moderation.py", line 129, in block
    await interaction.response.send_message(embed=error_embed, ephemeral=True)
  File "D:\pythonProject\Deadshot - ModMail\venv\lib\site-packages\discord\interactions.py", line 692, in send_message
    raise InteractionResponded(self._parent)
discord.errors.InteractionResponded: This interaction has already been responded to before

The above exception was the direct cause of the following exception:

Traceback (most recent call last):
  File "D:\pythonProject\Deadshot - ModMail\venv\lib\site-packages\discord\app_commands\tree.py", line 1240, in _call
    await command._invoke_with_namespace(interaction, namespace)
  File "D:\pythonProject\Deadshot - ModMail\venv\lib\site-packages\discord\app_commands\commands.py", line 876, in _invoke_with_namespace
    return await self._do_call(interaction, transformed_values)
  File "D:\pythonProject\Deadshot - ModMail\venv\lib\site-packages\discord\app_commands\commands.py", line 869, in _do_call
    raise CommandInvokeError(self, e) from e
discord.app_commands.errors.CommandInvokeError: Command 'block' raised an exception: InteractionResponded: This interaction has already been responded to before
[2022-11-12 11:02:36] [INFO    ] discord: Reloaded 'moderation' | Ausgeführt von Luca♛#7857
[2022-11-12 11:02:41] [ERROR   ] discord.app_commands.tree: Ignoring exception in command 'unblock'
Traceback (most recent call last):
  File "D:\pythonProject\Deadshot - ModMail\venv\lib\site-packages\discord\app_commands\commands.py", line 850, in _do_call
    return await self._callback(self.binding, interaction, **params)  # type: ignore
  File "D:\pythonProject\Deadshot - ModMail\cogs\moderation.py", line 170, in unblock
    embed.set_footer(text=f"Block-Grund: {db_daten2[1]}")
IndexError: tuple index out of range

The above exception was the direct cause of the following exception:

Traceback (most recent call last):
  File "D:\pythonProject\Deadshot - ModMail\venv\lib\site-packages\discord\app_commands\tree.py", line 1240, in _call
    await command._invoke_with_namespace(interaction, namespace)
  File "D:\pythonProject\Deadshot - ModMail\venv\lib\site-packages\discord\app_commands\commands.py", line 876, in _invoke_with_namespace
    return await self._do_call(interaction, transformed_values)
  File "D:\pythonProject\Deadshot - ModMail\venv\lib\site-packages\discord\app_commands\commands.py", line 869, in _do_call
    raise CommandInvokeError(self, e) from e
discord.app_commands.errors.CommandInvokeError: Command 'unblock' raised an exception: IndexError: tuple index out of range
[2022-11-12 11:04:00] [INFO    ] discord: Reloaded 'moderation' | Ausgeführt von Luca♛#7857
[2022-11-12 11:04:04] [ERROR   ] discord.app_commands.tree: Ignoring exception in command 'unblock'
Traceback (most recent call last):
  File "D:\pythonProject\Deadshot - ModMail\venv\lib\site-packages\discord\app_commands\commands.py", line 850, in _do_call
    return await self._callback(self.binding, interaction, **params)  # type: ignore
  File "D:\pythonProject\Deadshot - ModMail\cogs\moderation.py", line 182, in unblock
    await interaction.response.send_message(embed=error_embed, ephemeral=True)
  File "D:\pythonProject\Deadshot - ModMail\venv\lib\site-packages\discord\interactions.py", line 692, in send_message
    raise InteractionResponded(self._parent)
discord.errors.InteractionResponded: This interaction has already been responded to before

The above exception was the direct cause of the following exception:

Traceback (most recent call last):
  File "D:\pythonProject\Deadshot - ModMail\venv\lib\site-packages\discord\app_commands\tree.py", line 1240, in _call
    await command._invoke_with_namespace(interaction, namespace)
  File "D:\pythonProject\Deadshot - ModMail\venv\lib\site-packages\discord\app_commands\commands.py", line 876, in _invoke_with_namespace
    return await self._do_call(interaction, transformed_values)
  File "D:\pythonProject\Deadshot - ModMail\venv\lib\site-packages\discord\app_commands\commands.py", line 869, in _do_call
    raise CommandInvokeError(self, e) from e
discord.app_commands.errors.CommandInvokeError: Command 'unblock' raised an exception: InteractionResponded: This interaction has already been responded to before
[2022-11-12 11:04:24] [ERROR   ] discord.app_commands.tree: Ignoring exception in command 'unblock'
Traceback (most recent call last):
  File "D:\pythonProject\Deadshot - ModMail\venv\lib\site-packages\discord\app_commands\commands.py", line 850, in _do_call
    return await self._callback(self.binding, interaction, **params)  # type: ignore
  File "D:\pythonProject\Deadshot - ModMail\cogs\moderation.py", line 182, in unblock
    await interaction.response.send_message(embed=error_embed, ephemeral=True)
  File "D:\pythonProject\Deadshot - ModMail\venv\lib\site-packages\discord\interactions.py", line 692, in send_message
    raise InteractionResponded(self._parent)
discord.errors.InteractionResponded: This interaction has already been responded to before

The above exception was the direct cause of the following exception:

Traceback (most recent call last):
  File "D:\pythonProject\Deadshot - ModMail\venv\lib\site-packages\discord\app_commands\tree.py", line 1240, in _call
    await command._invoke_with_namespace(interaction, namespace)
  File "D:\pythonProject\Deadshot - ModMail\venv\lib\site-packages\discord\app_commands\commands.py", line 876, in _invoke_with_namespace
    return await self._do_call(interaction, transformed_values)
  File "D:\pythonProject\Deadshot - ModMail\venv\lib\site-packages\discord\app_commands\commands.py", line 869, in _do_call
    raise CommandInvokeError(self, e) from e
discord.app_commands.errors.CommandInvokeError: Command 'unblock' raised an exception: InteractionResponded: This interaction has already been responded to before
[2022-11-12 11:04:42] [ERROR   ] discord.app_commands.tree: Ignoring exception in command 'block'
Traceback (most recent call last):
  File "D:\pythonProject\Deadshot - ModMail\venv\lib\site-packages\discord\app_commands\commands.py", line 850, in _do_call
    return await self._callback(self.binding, interaction, **params)  # type: ignore
  File "D:\pythonProject\Deadshot - ModMail\cogs\moderation.py", line 129, in block
    await interaction.response.send_message(embed=error_embed, ephemeral=True)
  File "D:\pythonProject\Deadshot - ModMail\venv\lib\site-packages\discord\interactions.py", line 692, in send_message
    raise InteractionResponded(self._parent)
discord.errors.InteractionResponded: This interaction has already been responded to before

The above exception was the direct cause of the following exception:

Traceback (most recent call last):
  File "D:\pythonProject\Deadshot - ModMail\venv\lib\site-packages\discord\app_commands\tree.py", line 1240, in _call
    await command._invoke_with_namespace(interaction, namespace)
  File "D:\pythonProject\Deadshot - ModMail\venv\lib\site-packages\discord\app_commands\commands.py", line 876, in _invoke_with_namespace
    return await self._do_call(interaction, transformed_values)
  File "D:\pythonProject\Deadshot - ModMail\venv\lib\site-packages\discord\app_commands\commands.py", line 869, in _do_call
    raise CommandInvokeError(self, e) from e
discord.app_commands.errors.CommandInvokeError: Command 'block' raised an exception: InteractionResponded: This interaction has already been responded to before
[2022-11-12 11:04:59] [ERROR   ] discord.app_commands.tree: Ignoring exception in command 'unblock'
Traceback (most recent call last):
  File "D:\pythonProject\Deadshot - ModMail\venv\lib\site-packages\discord\app_commands\commands.py", line 850, in _do_call
    return await self._callback(self.binding, interaction, **params)  # type: ignore
  File "D:\pythonProject\Deadshot - ModMail\cogs\moderation.py", line 182, in unblock
    await interaction.response.send_message(embed=error_embed, ephemeral=True)
  File "D:\pythonProject\Deadshot - ModMail\venv\lib\site-packages\discord\interactions.py", line 692, in send_message
    raise InteractionResponded(self._parent)
discord.errors.InteractionResponded: This interaction has already been responded to before

The above exception was the direct cause of the following exception:

Traceback (most recent call last):
  File "D:\pythonProject\Deadshot - ModMail\venv\lib\site-packages\discord\app_commands\tree.py", line 1240, in _call
    await command._invoke_with_namespace(interaction, namespace)
  File "D:\pythonProject\Deadshot - ModMail\venv\lib\site-packages\discord\app_commands\commands.py", line 876, in _invoke_with_namespace
    return await self._do_call(interaction, transformed_values)
  File "D:\pythonProject\Deadshot - ModMail\venv\lib\site-packages\discord\app_commands\commands.py", line 869, in _do_call
    raise CommandInvokeError(self, e) from e
discord.app_commands.errors.CommandInvokeError: Command 'unblock' raised an exception: InteractionResponded: This interaction has already been responded to before
[2022-11-12 11:05:05] [ERROR   ] discord.app_commands.tree: Ignoring exception in command 'block'
Traceback (most recent call last):
  File "D:\pythonProject\Deadshot - ModMail\cogs\moderation.py", line 113, in block
    await interaction.response.send_message(embed=embed)
  File "D:\pythonProject\Deadshot - ModMail\venv\lib\site-packages\discord\interactions.py", line 692, in send_message
    raise InteractionResponded(self._parent)
discord.errors.InteractionResponded: This interaction has already been responded to before

During handling of the above exception, another exception occurred:

Traceback (most recent call last):
  File "D:\pythonProject\Deadshot - ModMail\venv\lib\site-packages\discord\app_commands\commands.py", line 850, in _do_call
    return await self._callback(self.binding, interaction, **params)  # type: ignore
  File "D:\pythonProject\Deadshot - ModMail\cogs\moderation.py", line 119, in block
    await interaction.response.send_message(embed=embed)
  File "D:\pythonProject\Deadshot - ModMail\venv\lib\site-packages\discord\interactions.py", line 692, in send_message
    raise InteractionResponded(self._parent)
discord.errors.InteractionResponded: This interaction has already been responded to before

The above exception was the direct cause of the following exception:

Traceback (most recent call last):
  File "D:\pythonProject\Deadshot - ModMail\venv\lib\site-packages\discord\app_commands\tree.py", line 1240, in _call
    await command._invoke_with_namespace(interaction, namespace)
  File "D:\pythonProject\Deadshot - ModMail\venv\lib\site-packages\discord\app_commands\commands.py", line 876, in _invoke_with_namespace
    return await self._do_call(interaction, transformed_values)
  File "D:\pythonProject\Deadshot - ModMail\venv\lib\site-packages\discord\app_commands\commands.py", line 869, in _do_call
    raise CommandInvokeError(self, e) from e
discord.app_commands.errors.CommandInvokeError: Command 'block' raised an exception: InteractionResponded: This interaction has already been responded to before
[2022-11-12 11:08:18] [INFO    ] discord: Reloaded 'info' | Ausgeführt von Luca♛#7857
[2022-11-12 11:08:31] [ERROR   ] discord.app_commands.tree: Ignoring exception in command 'ticketinfo'
Traceback (most recent call last):
  File "D:\pythonProject\Deadshot - ModMail\venv\lib\site-packages\discord\app_commands\commands.py", line 850, in _do_call
    return await self._callback(self.binding, interaction, **params)  # type: ignore
  File "D:\pythonProject\Deadshot - ModMail\cogs\info.py", line 496, in ticket_info
    ersteller = interaction.guild.get_member(int(ticket.name))
ValueError: invalid literal for int() with base 10: 'Closed (941998396934340619)'

The above exception was the direct cause of the following exception:

Traceback (most recent call last):
  File "D:\pythonProject\Deadshot - ModMail\venv\lib\site-packages\discord\app_commands\tree.py", line 1240, in _call
    await command._invoke_with_namespace(interaction, namespace)
  File "D:\pythonProject\Deadshot - ModMail\venv\lib\site-packages\discord\app_commands\commands.py", line 876, in _invoke_with_namespace
    return await self._do_call(interaction, transformed_values)
  File "D:\pythonProject\Deadshot - ModMail\venv\lib\site-packages\discord\app_commands\commands.py", line 869, in _do_call
    raise CommandInvokeError(self, e) from e
discord.app_commands.errors.CommandInvokeError: Command 'ticketinfo' raised an exception: ValueError: invalid literal for int() with base 10: 'Closed (941998396934340619)'
[2022-11-12 11:09:57] [INFO    ] discord: Reloaded 'info' | Ausgeführt von Luca♛#7857
[2022-11-12 11:10:07] [ERROR   ] discord.app_commands.tree: Ignoring exception in command 'ticketinfo'
Traceback (most recent call last):
  File "D:\pythonProject\Deadshot - ModMail\venv\lib\site-packages\discord\app_commands\commands.py", line 850, in _do_call
    return await self._callback(self.binding, interaction, **params)  # type: ignore
  File "D:\pythonProject\Deadshot - ModMail\cogs\info.py", line 496, in ticket_info
    ersteller = interaction.guild.get_member(int(ticket.name))
ValueError: invalid literal for int() with base 10: 'Closed (941998396934340619)'

The above exception was the direct cause of the following exception:

Traceback (most recent call last):
  File "D:\pythonProject\Deadshot - ModMail\venv\lib\site-packages\discord\app_commands\tree.py", line 1240, in _call
    await command._invoke_with_namespace(interaction, namespace)
  File "D:\pythonProject\Deadshot - ModMail\venv\lib\site-packages\discord\app_commands\commands.py", line 876, in _invoke_with_namespace
    return await self._do_call(interaction, transformed_values)
  File "D:\pythonProject\Deadshot - ModMail\venv\lib\site-packages\discord\app_commands\commands.py", line 869, in _do_call
    raise CommandInvokeError(self, e) from e
discord.app_commands.errors.CommandInvokeError: Command 'ticketinfo' raised an exception: ValueError: invalid literal for int() with base 10: 'Closed (941998396934340619)'
[2022-11-12 11:11:09] [INFO    ] discord: Reloaded 'info' | Ausgeführt von Luca♛#7857
[2022-11-12 11:11:54] [INFO    ] discord: Reloaded 'info' | Ausgeführt von Luca♛#7857
[2022-11-12 12:44:57] [INFO    ] discord: Reloaded 'ModMail' | Ausgeführt von Luca♛#7857
[2022-11-12 12:44:58] [INFO    ] discord: Es wurden 15 Befehle synchronisiert. | Ausgeführt von Luca♛#7857
[2022-11-12 12:45:19] [ERROR   ] discord.ui.view: Ignoring exception in view <DropdownView timeout=180.0 children=1> for item <Dropdown placeholder='📌 Wähle einen Server aus!' min_values=1 max_values=1 options=[<SelectOption label='luca server' value=862586373668470794 description='Server ID: 862586373668470794' emoji=None default=False>, <SelectOption label='💸 DeadShot' value=865251517832626176 description='Server ID: 865251517832626176' emoji=None default=False>, <SelectOption label='Jolina`s community' value=918502310701854750 description='Server ID: 918502310701854750' emoji=None default=False>, <SelectOption label='Test von Bot' value=1038509366346776576 description='Server ID: 1038509366346776576' emoji=None default=False>, <SelectOption label='Löschen' value='löschen' description='Lösche das DropDown Menü' emoji=<PartialEmoji animated=False name='DeadShotKreuz' id=1034902940017774662> default=False>] disabled=True>
Traceback (most recent call last):
  File "D:\pythonProject\Deadshot - ModMail\venv\lib\site-packages\discord\ui\view.py", line 425, in _scheduled_task
    await item.callback(interaction)
  File "D:\pythonProject\Deadshot - ModMail\cogs\ModMail.py", line 60, in callback
    await interaction.response.edit_message(view=self)
  File "D:\pythonProject\Deadshot - ModMail\venv\lib\site-packages\discord\interactions.py", line 800, in edit_message
    params = interaction_message_response_params(
  File "D:\pythonProject\Deadshot - ModMail\venv\lib\site-packages\discord\webhook\async_.py", line 578, in interaction_message_response_params
    data['components'] = view.to_components()
AttributeError: 'Dropdown' object has no attribute 'to_components'
[2022-11-12 12:46:11] [INFO    ] discord: Reloaded 'ModMail' | Ausgeführt von Luca♛#7857
[2022-11-12 12:46:14] [INFO    ] discord: Es wurden 15 Befehle synchronisiert. | Ausgeführt von Luca♛#7857
[2022-11-12 12:48:17] [INFO    ] discord: Reloaded 'ModMail' | Ausgeführt von Luca♛#7857
[2022-11-12 12:48:19] [INFO    ] discord: Es wurden 15 Befehle synchronisiert. | Ausgeführt von Luca♛#7857
[2022-11-12 12:49:59] [INFO    ] discord: Reloaded 'ModMail' | Ausgeführt von Luca♛#7857
[2022-11-12 12:50:02] [INFO    ] discord: Es wurden 15 Befehle synchronisiert. | Ausgeführt von Luca♛#7857
[2022-11-12 12:50:22] [INFO    ] discord: Reloaded 'ModMail' | Ausgeführt von Luca♛#7857
[2022-11-12 15:10:39] [INFO    ] discord.gateway: Shard ID None has connected to Gateway (Session ID: dd4f62e9a74c72ff47e7aaccfd7acf7a).
[2022-11-12 17:58:15] [INFO    ] discord.gateway: Shard ID None has successfully RESUMED session dd4f62e9a74c72ff47e7aaccfd7acf7a.
[2022-11-12 19:15:49] [ERROR   ] discord.ext.commands.bot: Ignoring exception in command None
discord.ext.commands.errors.CommandNotFound: Command "avatar" is not found
[2022-11-12 19:17:10] [ERROR   ] discord.ext.commands.bot: Ignoring exception in command None
discord.ext.commands.errors.CommandNotFound: Command "avatar" is not found
[2022-11-12 19:36:08] [INFO    ] discord.gateway: Shard ID None has successfully RESUMED session dd4f62e9a74c72ff47e7aaccfd7acf7a.
[2022-11-12 20:44:15] [INFO    ] discord.gateway: Shard ID None has successfully RESUMED session dd4f62e9a74c72ff47e7aaccfd7acf7a.
[2022-11-12 21:32:48] [INFO    ] discord.gateway: Shard ID None has successfully RESUMED session dd4f62e9a74c72ff47e7aaccfd7acf7a.
[2022-11-12 22:04:23] [INFO    ] discord.gateway: Shard ID None has successfully RESUMED session dd4f62e9a74c72ff47e7aaccfd7acf7a.
[2022-11-13 20:22:25] [INFO    ] discord.gateway: Shard ID None has connected to Gateway (Session ID: 3cb1380fa9ab8b6d18d1752af028c6cd).
[2022-11-13 21:00:58] [ERROR   ] discord.app_commands.tree: Ignoring exception in command 'show'
Traceback (most recent call last):
  File "D:\pythonProject\Deadshot - ModMail\venv\lib\site-packages\discord\app_commands\commands.py", line 850, in _do_call
    return await self._callback(self.binding, interaction, **params)  # type: ignore
  File "D:\pythonProject\Deadshot - ModMail\cogs\settings.py", line 169, in show
    await interaction.response.send_message(embed=error_embed, ephemeral=True)
  File "D:\pythonProject\Deadshot - ModMail\venv\lib\site-packages\discord\interactions.py", line 692, in send_message
    raise InteractionResponded(self._parent)
discord.errors.InteractionResponded: This interaction has already been responded to before

The above exception was the direct cause of the following exception:

Traceback (most recent call last):
  File "D:\pythonProject\Deadshot - ModMail\venv\lib\site-packages\discord\app_commands\tree.py", line 1240, in _call
    await command._invoke_with_namespace(interaction, namespace)
  File "D:\pythonProject\Deadshot - ModMail\venv\lib\site-packages\discord\app_commands\commands.py", line 876, in _invoke_with_namespace
    return await self._do_call(interaction, transformed_values)
  File "D:\pythonProject\Deadshot - ModMail\venv\lib\site-packages\discord\app_commands\commands.py", line 869, in _do_call
    raise CommandInvokeError(self, e) from e
discord.app_commands.errors.CommandInvokeError: Command 'show' raised an exception: InteractionResponded: This interaction has already been responded to before
[2022-11-13 21:02:05] [ERROR   ] discord.app_commands.tree: Ignoring exception in command 'start'
Traceback (most recent call last):
  File "D:\pythonProject\Deadshot - ModMail\venv\lib\site-packages\discord\app_commands\commands.py", line 850, in _do_call
    return await self._callback(self.binding, interaction, **params)  # type: ignore
  File "D:\pythonProject\Deadshot - ModMail\cogs\settings.py", line 60, in start
    await interaction.response.send_message("› `❌` | Nur der **Server Owner** kann disen Command ausführen", ephemeral=True)
  File "D:\pythonProject\Deadshot - ModMail\venv\lib\site-packages\discord\interactions.py", line 692, in send_message
    raise InteractionResponded(self._parent)
discord.errors.InteractionResponded: This interaction has already been responded to before

The above exception was the direct cause of the following exception:

Traceback (most recent call last):
  File "D:\pythonProject\Deadshot - ModMail\venv\lib\site-packages\discord\app_commands\tree.py", line 1240, in _call
    await command._invoke_with_namespace(interaction, namespace)
  File "D:\pythonProject\Deadshot - ModMail\venv\lib\site-packages\discord\app_commands\commands.py", line 876, in _invoke_with_namespace
    return await self._do_call(interaction, transformed_values)
  File "D:\pythonProject\Deadshot - ModMail\venv\lib\site-packages\discord\app_commands\commands.py", line 869, in _do_call
    raise CommandInvokeError(self, e) from e
discord.app_commands.errors.CommandInvokeError: Command 'start' raised an exception: InteractionResponded: This interaction has already been responded to before
[2022-11-13 21:03:07] [ERROR   ] discord.app_commands.tree: Ignoring exception in command 'bestenliste'
Traceback (most recent call last):
  File "D:\pythonProject\Deadshot - ModMail\venv\lib\site-packages\discord\app_commands\commands.py", line 850, in _do_call
    return await self._callback(self.binding, interaction, **params)  # type: ignore
  File "D:\pythonProject\Deadshot - ModMail\cogs\info.py", line 725, in bestenliste
    data += f"{i}. {user.mention}  __Tickets__: `{daten[1]}`\n"
AttributeError: 'NoneType' object has no attribute 'mention'

The above exception was the direct cause of the following exception:

Traceback (most recent call last):
  File "D:\pythonProject\Deadshot - ModMail\venv\lib\site-packages\discord\app_commands\tree.py", line 1240, in _call
    await command._invoke_with_namespace(interaction, namespace)
  File "D:\pythonProject\Deadshot - ModMail\venv\lib\site-packages\discord\app_commands\commands.py", line 876, in _invoke_with_namespace
    return await self._do_call(interaction, transformed_values)
  File "D:\pythonProject\Deadshot - ModMail\venv\lib\site-packages\discord\app_commands\commands.py", line 869, in _do_call
    raise CommandInvokeError(self, e) from e
discord.app_commands.errors.CommandInvokeError: Command 'bestenliste' raised an exception: AttributeError: 'NoneType' object has no attribute 'mention'
[2022-11-13 21:03:21] [ERROR   ] discord.app_commands.tree: Ignoring exception in command 'bestenliste'
Traceback (most recent call last):
  File "D:\pythonProject\Deadshot - ModMail\venv\lib\site-packages\discord\app_commands\commands.py", line 850, in _do_call
    return await self._callback(self.binding, interaction, **params)  # type: ignore
  File "D:\pythonProject\Deadshot - ModMail\cogs\info.py", line 736, in bestenliste
    data += f"{i}. {user.mention}  __Tickets__: `{daten[1]}`\n"
AttributeError: 'NoneType' object has no attribute 'mention'

The above exception was the direct cause of the following exception:

Traceback (most recent call last):
  File "D:\pythonProject\Deadshot - ModMail\venv\lib\site-packages\discord\app_commands\tree.py", line 1240, in _call
    await command._invoke_with_namespace(interaction, namespace)
  File "D:\pythonProject\Deadshot - ModMail\venv\lib\site-packages\discord\app_commands\commands.py", line 876, in _invoke_with_namespace
    return await self._do_call(interaction, transformed_values)
  File "D:\pythonProject\Deadshot - ModMail\venv\lib\site-packages\discord\app_commands\commands.py", line 869, in _do_call
    raise CommandInvokeError(self, e) from e
discord.app_commands.errors.CommandInvokeError: Command 'bestenliste' raised an exception: AttributeError: 'NoneType' object has no attribute 'mention'
[2022-11-13 21:05:55] [ERROR   ] discord.app_commands.tree: Ignoring exception in command 'teaminfo'
Traceback (most recent call last):
  File "D:\pythonProject\Deadshot - ModMail\venv\lib\site-packages\discord\app_commands\commands.py", line 850, in _do_call
    return await self._callback(self.binding, interaction, **params)  # type: ignore
  File "D:\pythonProject\Deadshot - ModMail\cogs\info.py", line 593, in teaminfo
    await interaction.response.send_message(embed=embed)
  File "D:\pythonProject\Deadshot - ModMail\venv\lib\site-packages\discord\interactions.py", line 692, in send_message
    raise InteractionResponded(self._parent)
discord.errors.InteractionResponded: This interaction has already been responded to before

The above exception was the direct cause of the following exception:

Traceback (most recent call last):
  File "D:\pythonProject\Deadshot - ModMail\venv\lib\site-packages\discord\app_commands\tree.py", line 1240, in _call
    await command._invoke_with_namespace(interaction, namespace)
  File "D:\pythonProject\Deadshot - ModMail\venv\lib\site-packages\discord\app_commands\commands.py", line 876, in _invoke_with_namespace
    return await self._do_call(interaction, transformed_values)
  File "D:\pythonProject\Deadshot - ModMail\venv\lib\site-packages\discord\app_commands\commands.py", line 869, in _do_call
    raise CommandInvokeError(self, e) from e
discord.app_commands.errors.CommandInvokeError: Command 'teaminfo' raised an exception: InteractionResponded: This interaction has already been responded to before
[2022-11-13 21:07:03] [ERROR   ] discord.app_commands.tree: Ignoring exception in command 'add'
Traceback (most recent call last):
  File "D:\pythonProject\Deadshot - ModMail\venv\lib\site-packages\discord\app_commands\commands.py", line 850, in _do_call
    return await self._callback(self.binding, interaction, **params)  # type: ignore
  File "D:\pythonProject\Deadshot - ModMail\cogs\autotag.py", line 90, in add
    await interaction.response.send_message(embed=error_embed, ephemeral=True)
  File "D:\pythonProject\Deadshot - ModMail\venv\lib\site-packages\discord\interactions.py", line 692, in send_message
    raise InteractionResponded(self._parent)
discord.errors.InteractionResponded: This interaction has already been responded to before

The above exception was the direct cause of the following exception:

Traceback (most recent call last):
  File "D:\pythonProject\Deadshot - ModMail\venv\lib\site-packages\discord\app_commands\tree.py", line 1240, in _call
    await command._invoke_with_namespace(interaction, namespace)
  File "D:\pythonProject\Deadshot - ModMail\venv\lib\site-packages\discord\app_commands\commands.py", line 876, in _invoke_with_namespace
    return await self._do_call(interaction, transformed_values)
  File "D:\pythonProject\Deadshot - ModMail\venv\lib\site-packages\discord\app_commands\commands.py", line 869, in _do_call
    raise CommandInvokeError(self, e) from e
discord.app_commands.errors.CommandInvokeError: Command 'add' raised an exception: InteractionResponded: This interaction has already been responded to before
[2022-11-13 21:08:35] [ERROR   ] discord.app_commands.tree: Ignoring exception in command 'show'
Traceback (most recent call last):
  File "D:\pythonProject\Deadshot - ModMail\venv\lib\site-packages\discord\app_commands\commands.py", line 850, in _do_call
    return await self._callback(self.binding, interaction, **params)  # type: ignore
  File "D:\pythonProject\Deadshot - ModMail\cogs\autotag.py", line 195, in show
    await interaction.response.send_message(embed=error_embed, ephemeral=True)
  File "D:\pythonProject\Deadshot - ModMail\venv\lib\site-packages\discord\interactions.py", line 692, in send_message
    raise InteractionResponded(self._parent)
discord.errors.InteractionResponded: This interaction has already been responded to before

The above exception was the direct cause of the following exception:

Traceback (most recent call last):
  File "D:\pythonProject\Deadshot - ModMail\venv\lib\site-packages\discord\app_commands\tree.py", line 1240, in _call
    await command._invoke_with_namespace(interaction, namespace)
  File "D:\pythonProject\Deadshot - ModMail\venv\lib\site-packages\discord\app_commands\commands.py", line 876, in _invoke_with_namespace
    return await self._do_call(interaction, transformed_values)
  File "D:\pythonProject\Deadshot - ModMail\venv\lib\site-packages\discord\app_commands\commands.py", line 869, in _do_call
    raise CommandInvokeError(self, e) from e
discord.app_commands.errors.CommandInvokeError: Command 'show' raised an exception: InteractionResponded: This interaction has already been responded to before
[2022-11-13 21:13:22] [ERROR   ] discord.app_commands.tree: Ignoring exception in command 'block'
Traceback (most recent call last):
  File "D:\pythonProject\Deadshot - ModMail\cogs\moderation.py", line 113, in block
    await interaction.response.send_message(embed=embed)
  File "D:\pythonProject\Deadshot - ModMail\venv\lib\site-packages\discord\interactions.py", line 692, in send_message
    raise InteractionResponded(self._parent)
discord.errors.InteractionResponded: This interaction has already been responded to before

During handling of the above exception, another exception occurred:

Traceback (most recent call last):
  File "D:\pythonProject\Deadshot - ModMail\venv\lib\site-packages\discord\app_commands\commands.py", line 850, in _do_call
    return await self._callback(self.binding, interaction, **params)  # type: ignore
  File "D:\pythonProject\Deadshot - ModMail\cogs\moderation.py", line 119, in block
    await interaction.response.send_message(embed=embed)
  File "D:\pythonProject\Deadshot - ModMail\venv\lib\site-packages\discord\interactions.py", line 692, in send_message
    raise InteractionResponded(self._parent)
discord.errors.InteractionResponded: This interaction has already been responded to before

The above exception was the direct cause of the following exception:

Traceback (most recent call last):
  File "D:\pythonProject\Deadshot - ModMail\venv\lib\site-packages\discord\app_commands\tree.py", line 1240, in _call
    await command._invoke_with_namespace(interaction, namespace)
  File "D:\pythonProject\Deadshot - ModMail\venv\lib\site-packages\discord\app_commands\commands.py", line 876, in _invoke_with_namespace
    return await self._do_call(interaction, transformed_values)
  File "D:\pythonProject\Deadshot - ModMail\venv\lib\site-packages\discord\app_commands\commands.py", line 869, in _do_call
    raise CommandInvokeError(self, e) from e
discord.app_commands.errors.CommandInvokeError: Command 'block' raised an exception: InteractionResponded: This interaction has already been responded to before
[2022-11-13 21:13:54] [ERROR   ] discord.app_commands.tree: Ignoring exception in command 'blocked'
Traceback (most recent call last):
  File "D:\pythonProject\Deadshot - ModMail\venv\lib\site-packages\discord\app_commands\commands.py", line 850, in _do_call
    return await self._callback(self.binding, interaction, **params)  # type: ignore
  File "D:\pythonProject\Deadshot - ModMail\cogs\moderation.py", line 215, in blocked
    await interaction.response.send_message(embed=embed)
  File "D:\pythonProject\Deadshot - ModMail\venv\lib\site-packages\discord\interactions.py", line 692, in send_message
    raise InteractionResponded(self._parent)
discord.errors.InteractionResponded: This interaction has already been responded to before

The above exception was the direct cause of the following exception:

Traceback (most recent call last):
  File "D:\pythonProject\Deadshot - ModMail\venv\lib\site-packages\discord\app_commands\tree.py", line 1240, in _call
    await command._invoke_with_namespace(interaction, namespace)
  File "D:\pythonProject\Deadshot - ModMail\venv\lib\site-packages\discord\app_commands\commands.py", line 876, in _invoke_with_namespace
    return await self._do_call(interaction, transformed_values)
  File "D:\pythonProject\Deadshot - ModMail\venv\lib\site-packages\discord\app_commands\commands.py", line 869, in _do_call
    raise CommandInvokeError(self, e) from e
discord.app_commands.errors.CommandInvokeError: Command 'blocked' raised an exception: InteractionResponded: This interaction has already been responded to before
[2022-11-13 21:14:02] [ERROR   ] discord.client: Ignoring exception in on_message_delete
Traceback (most recent call last):
  File "D:\pythonProject\Deadshot - ModMail\venv\lib\site-packages\discord\client.py", line 409, in _run_event
    await coro(*args, **kwargs)
  File "D:\pythonProject\Deadshot - ModMail\cogs\events.py", line 101, in on_message_delete
    des2 = msg.embeds[0].description
IndexError: list index out of range
[2022-11-13 21:21:02] [ERROR   ] discord.app_commands.tree: Ignoring exception in command 'teaminfo'
Traceback (most recent call last):
  File "D:\pythonProject\Deadshot - ModMail\venv\lib\site-packages\discord\app_commands\commands.py", line 850, in _do_call
    return await self._callback(self.binding, interaction, **params)  # type: ignore
  File "D:\pythonProject\Deadshot - ModMail\cogs\info.py", line 567, in teaminfo
    db_lvl = daten3[1]
IndexError: tuple index out of range

The above exception was the direct cause of the following exception:

Traceback (most recent call last):
  File "D:\pythonProject\Deadshot - ModMail\venv\lib\site-packages\discord\app_commands\tree.py", line 1240, in _call
    await command._invoke_with_namespace(interaction, namespace)
  File "D:\pythonProject\Deadshot - ModMail\venv\lib\site-packages\discord\app_commands\commands.py", line 876, in _invoke_with_namespace
    return await self._do_call(interaction, transformed_values)
  File "D:\pythonProject\Deadshot - ModMail\venv\lib\site-packages\discord\app_commands\commands.py", line 869, in _do_call
    raise CommandInvokeError(self, e) from e
discord.app_commands.errors.CommandInvokeError: Command 'teaminfo' raised an exception: IndexError: tuple index out of range
[2022-11-14 18:27:04] [INFO    ] discord.gateway: Shard ID None has connected to Gateway (Session ID: f19560976e7150f45252cfe917a1f5c6).
[2022-11-14 19:24:17] [INFO    ] discord.gateway: Shard ID None has successfully RESUMED session f19560976e7150f45252cfe917a1f5c6.
[2022-11-17 18:03:03] [INFO    ] discord.gateway: Shard ID None has connected to Gateway (Session ID: 920a5554e67f26bbab2b5aea88e91ea8).
[2022-11-22 20:21:10] [INFO    ] discord.gateway: Shard ID None has connected to Gateway (Session ID: b80a69baaedd101e0d31f71b13961a1e).
[2022-11-24 17:07:45] [INFO    ] discord.gateway: Shard ID None has connected to Gateway (Session ID: 20534bf90e11c6ca22d3d20830fb265b).
[2022-11-24 17:08:28] [INFO    ] discord.gateway: Shard ID None has connected to Gateway (Session ID: 7eb6fe8ee9fec3680e23ca40db19b128).
[2022-11-24 17:08:58] [INFO    ] discord: Reloaded 'info' | Ausgeführt von Luca♛#7857
[2022-11-24 17:09:42] [INFO    ] discord: Reloaded 'info' | Ausgeführt von Luca♛#7857
[2022-11-24 17:10:15] [INFO    ] discord: Reloaded 'info' | Ausgeführt von Luca♛#7857
[2022-11-24 20:21:39] [INFO    ] discord.gateway: Shard ID None has successfully RESUMED session 7eb6fe8ee9fec3680e23ca40db19b128.
[2022-11-27 11:20:03] [INFO    ] discord.gateway: Shard ID None has connected to Gateway (Session ID: cf1204d53d46df01a2a1cff006926ff3).
[2022-11-27 12:56:27] [INFO    ] discord.gateway: Shard ID None has successfully RESUMED session cf1204d53d46df01a2a1cff006926ff3.
[2022-11-27 14:05:28] [INFO    ] discord.gateway: Shard ID None has successfully RESUMED session cf1204d53d46df01a2a1cff006926ff3.
[2022-11-27 15:28:02] [INFO    ] discord.gateway: Shard ID None has connected to Gateway (Session ID: cd8b5037932db93ba5310ea7e568737a).
[2022-11-27 16:59:21] [INFO    ] discord.gateway: Shard ID None has successfully RESUMED session cd8b5037932db93ba5310ea7e568737a.
[2022-11-27 18:45:22] [INFO    ] discord.gateway: Shard ID None has successfully RESUMED session cd8b5037932db93ba5310ea7e568737a.
[2022-11-27 19:13:18] [INFO    ] discord.gateway: Shard ID None has successfully RESUMED session cd8b5037932db93ba5310ea7e568737a.
[2022-11-28 19:39:45] [INFO    ] discord.gateway: Shard ID None has connected to Gateway (Session ID: 4fa7e6a927b6cdb4c37091e275a967f1).
[2022-11-28 19:39:47] [ERROR   ] discord.client: Ignoring exception in on_ready
Traceback (most recent call last):
  File "D:\pythonProject\Deadshot - ModMail\venv\lib\site-packages\discord\client.py", line 409, in _run_event
    await coro(*args, **kwargs)
  File "D:\pythonProject\Deadshot - ModMail\main.py", line 54, in on_ready
    tot_m, used_m, free_m = map(int, os.popen('free -t -m').readlines()[-1].split()[1:])
IndexError: list index out of range
[2022-11-28 19:40:17] [INFO    ] discord.gateway: Shard ID None has connected to Gateway (Session ID: c39cd8aab77c2ac18042996c59da1708).
[2022-11-28 19:40:19] [ERROR   ] discord.client: Ignoring exception in on_ready
Traceback (most recent call last):
  File "D:\pythonProject\Deadshot - ModMail\venv\lib\site-packages\discord\client.py", line 409, in _run_event
    await coro(*args, **kwargs)
  File "D:\pythonProject\Deadshot - ModMail\main.py", line 54, in on_ready
    with open("/proc/meminfo") as f:
FileNotFoundError: [Errno 2] No such file or directory: '/proc/meminfo'
[2022-11-28 19:44:38] [INFO    ] discord.gateway: Shard ID None has connected to Gateway (Session ID: eb46f57cbe4ed6902b5018608e3e864a).
[2022-11-28 19:46:10] [INFO    ] discord.gateway: Shard ID None has connected to Gateway (Session ID: d58a030c8151ea815ef65e3c3752c3fb).
[2022-11-28 19:46:41] [INFO    ] discord.gateway: Shard ID None has connected to Gateway (Session ID: 065db7fa5c8cea8581cbc0bbf5c2bd8b).
[2022-12-07 20:35:13] [INFO    ] discord.gateway: Shard ID None has connected to Gateway (Session ID: 42109e92f260af921179131013bffd92).
[2022-12-07 20:38:16] [INFO    ] discord.gateway: Shard ID None has connected to Gateway (Session ID: dba639ded93ec88057a7ce4e840f1adb).
[2022-12-07 20:45:17] [INFO    ] discord.gateway: Shard ID None has connected to Gateway (Session ID: e689f3f58543012e5a2135e7715d2e2a).
[2022-12-07 20:48:02] [INFO    ] discord.gateway: Shard ID None has connected to Gateway (Session ID: b04298219bd3d3890db740bb295bef63).
[2022-12-14 17:44:37] [INFO    ] discord.gateway: Shard ID None has connected to Gateway (Session ID: c519ef088626b608b53a63e6ac76a85d).
[2022-12-14 17:45:39] [ERROR   ] discord.app_commands.tree: Ignoring exception in command 'bestenliste'
Traceback (most recent call last):
  File "D:\pythonProject\Deadshot - ModMail\venv\lib\site-packages\discord\app_commands\commands.py", line 850, in _do_call
    return await self._callback(self.binding, interaction, **params)  # type: ignore
  File "D:\pythonProject\Deadshot - ModMail\cogs\info.py", line 727, in bestenliste
    data += f"{i}. {user.mention}  __Tickets__: `{daten[1]}`\n"
AttributeError: 'NoneType' object has no attribute 'mention'

The above exception was the direct cause of the following exception:

Traceback (most recent call last):
  File "D:\pythonProject\Deadshot - ModMail\venv\lib\site-packages\discord\app_commands\tree.py", line 1240, in _call
    await command._invoke_with_namespace(interaction, namespace)
  File "D:\pythonProject\Deadshot - ModMail\venv\lib\site-packages\discord\app_commands\commands.py", line 876, in _invoke_with_namespace
    return await self._do_call(interaction, transformed_values)
  File "D:\pythonProject\Deadshot - ModMail\venv\lib\site-packages\discord\app_commands\commands.py", line 869, in _do_call
    raise CommandInvokeError(self, e) from e
discord.app_commands.errors.CommandInvokeError: Command 'bestenliste' raised an exception: AttributeError: 'NoneType' object has no attribute 'mention'
[2022-12-14 17:45:53] [ERROR   ] discord.app_commands.tree: Ignoring exception in command 'bestenliste'
Traceback (most recent call last):
  File "D:\pythonProject\Deadshot - ModMail\venv\lib\site-packages\discord\app_commands\commands.py", line 850, in _do_call
    return await self._callback(self.binding, interaction, **params)  # type: ignore
  File "D:\pythonProject\Deadshot - ModMail\cogs\info.py", line 738, in bestenliste
    data += f"{i}. {user.mention}  __Tickets__: `{daten[1]}`\n"
AttributeError: 'NoneType' object has no attribute 'mention'

The above exception was the direct cause of the following exception:

Traceback (most recent call last):
  File "D:\pythonProject\Deadshot - ModMail\venv\lib\site-packages\discord\app_commands\tree.py", line 1240, in _call
    await command._invoke_with_namespace(interaction, namespace)
  File "D:\pythonProject\Deadshot - ModMail\venv\lib\site-packages\discord\app_commands\commands.py", line 876, in _invoke_with_namespace
    return await self._do_call(interaction, transformed_values)
  File "D:\pythonProject\Deadshot - ModMail\venv\lib\site-packages\discord\app_commands\commands.py", line 869, in _do_call
    raise CommandInvokeError(self, e) from e
discord.app_commands.errors.CommandInvokeError: Command 'bestenliste' raised an exception: AttributeError: 'NoneType' object has no attribute 'mention'
[2022-12-14 17:46:01] [ERROR   ] discord.app_commands.tree: Ignoring exception in command 'teaminfo'
Traceback (most recent call last):
  File "D:\pythonProject\Deadshot - ModMail\venv\lib\site-packages\discord\app_commands\commands.py", line 850, in _do_call
    return await self._callback(self.binding, interaction, **params)  # type: ignore
  File "D:\pythonProject\Deadshot - ModMail\cogs\info.py", line 568, in teaminfo
    db_lvl = daten3[1]
IndexError: tuple index out of range

The above exception was the direct cause of the following exception:

Traceback (most recent call last):
  File "D:\pythonProject\Deadshot - ModMail\venv\lib\site-packages\discord\app_commands\tree.py", line 1240, in _call
    await command._invoke_with_namespace(interaction, namespace)
  File "D:\pythonProject\Deadshot - ModMail\venv\lib\site-packages\discord\app_commands\commands.py", line 876, in _invoke_with_namespace
    return await self._do_call(interaction, transformed_values)
  File "D:\pythonProject\Deadshot - ModMail\venv\lib\site-packages\discord\app_commands\commands.py", line 869, in _do_call
    raise CommandInvokeError(self, e) from e
discord.app_commands.errors.CommandInvokeError: Command 'teaminfo' raised an exception: IndexError: tuple index out of range
[2022-12-14 17:46:31] [ERROR   ] discord.app_commands.tree: Ignoring exception in command 'blocked'
Traceback (most recent call last):
  File "D:\pythonProject\Deadshot - ModMail\venv\lib\site-packages\discord\app_commands\commands.py", line 850, in _do_call
    return await self._callback(self.binding, interaction, **params)  # type: ignore
  File "D:\pythonProject\Deadshot - ModMail\cogs\moderation.py", line 215, in blocked
    await interaction.response.send_message(embed=embed)
  File "D:\pythonProject\Deadshot - ModMail\venv\lib\site-packages\discord\interactions.py", line 692, in send_message
    raise InteractionResponded(self._parent)
discord.errors.InteractionResponded: This interaction has already been responded to before

The above exception was the direct cause of the following exception:

Traceback (most recent call last):
  File "D:\pythonProject\Deadshot - ModMail\venv\lib\site-packages\discord\app_commands\tree.py", line 1240, in _call
    await command._invoke_with_namespace(interaction, namespace)
  File "D:\pythonProject\Deadshot - ModMail\venv\lib\site-packages\discord\app_commands\commands.py", line 876, in _invoke_with_namespace
    return await self._do_call(interaction, transformed_values)
  File "D:\pythonProject\Deadshot - ModMail\venv\lib\site-packages\discord\app_commands\commands.py", line 869, in _do_call
    raise CommandInvokeError(self, e) from e
discord.app_commands.errors.CommandInvokeError: Command 'blocked' raised an exception: InteractionResponded: This interaction has already been responded to before
[2022-12-14 17:47:01] [ERROR   ] discord.app_commands.tree: Ignoring exception in command 'add'
Traceback (most recent call last):
  File "D:\pythonProject\Deadshot - ModMail\venv\lib\site-packages\discord\app_commands\commands.py", line 850, in _do_call
    return await self._callback(self.binding, interaction, **params)  # type: ignore
  File "D:\pythonProject\Deadshot - ModMail\cogs\autotag.py", line 90, in add
    await interaction.response.send_message(embed=error_embed, ephemeral=True)
  File "D:\pythonProject\Deadshot - ModMail\venv\lib\site-packages\discord\interactions.py", line 692, in send_message
    raise InteractionResponded(self._parent)
discord.errors.InteractionResponded: This interaction has already been responded to before

The above exception was the direct cause of the following exception:

Traceback (most recent call last):
  File "D:\pythonProject\Deadshot - ModMail\venv\lib\site-packages\discord\app_commands\tree.py", line 1240, in _call
    await command._invoke_with_namespace(interaction, namespace)
  File "D:\pythonProject\Deadshot - ModMail\venv\lib\site-packages\discord\app_commands\commands.py", line 876, in _invoke_with_namespace
    return await self._do_call(interaction, transformed_values)
  File "D:\pythonProject\Deadshot - ModMail\venv\lib\site-packages\discord\app_commands\commands.py", line 869, in _do_call
    raise CommandInvokeError(self, e) from e
discord.app_commands.errors.CommandInvokeError: Command 'add' raised an exception: InteractionResponded: This interaction has already been responded to before
[2022-12-14 17:47:47] [ERROR   ] discord.app_commands.tree: Ignoring exception in command 'show'
Traceback (most recent call last):
  File "D:\pythonProject\Deadshot - ModMail\venv\lib\site-packages\discord\app_commands\commands.py", line 850, in _do_call
    return await self._callback(self.binding, interaction, **params)  # type: ignore
  File "D:\pythonProject\Deadshot - ModMail\cogs\autotag.py", line 195, in show
    await interaction.response.send_message(embed=error_embed, ephemeral=True)
  File "D:\pythonProject\Deadshot - ModMail\venv\lib\site-packages\discord\interactions.py", line 692, in send_message
    raise InteractionResponded(self._parent)
discord.errors.InteractionResponded: This interaction has already been responded to before

The above exception was the direct cause of the following exception:

Traceback (most recent call last):
  File "D:\pythonProject\Deadshot - ModMail\venv\lib\site-packages\discord\app_commands\tree.py", line 1240, in _call
    await command._invoke_with_namespace(interaction, namespace)
  File "D:\pythonProject\Deadshot - ModMail\venv\lib\site-packages\discord\app_commands\commands.py", line 876, in _invoke_with_namespace
    return await self._do_call(interaction, transformed_values)
  File "D:\pythonProject\Deadshot - ModMail\venv\lib\site-packages\discord\app_commands\commands.py", line 869, in _do_call
    raise CommandInvokeError(self, e) from e
discord.app_commands.errors.CommandInvokeError: Command 'show' raised an exception: InteractionResponded: This interaction has already been responded to before
[2022-12-17 16:14:55] [INFO    ] discord.gateway: Shard ID None has connected to Gateway (Session ID: ad3341ba18e5ca97da14cd908c227bd4).
[2023-01-17 17:13:58] [INFO    ] discord.gateway: Shard ID None has connected to Gateway (Session ID: 209361d39845209ee938c4e502f4933f).
[2023-01-17 17:14:17] [ERROR   ] discord.app_commands.tree: Ignoring exception in command 'bestenliste'
Traceback (most recent call last):
  File "D:\pythonProject\Deadshot - ModMail\venv\Lib\site-packages\discord\app_commands\commands.py", line 861, in _do_call
    return await self._callback(self.binding, interaction, **params)  # type: ignore
           ^^^^^^^^^^^^^^^^^^^^^^^^^^^^^^^^^^^^^^^^^^^^^^^^^^^^^^^^^
  File "D:\pythonProject\Deadshot - ModMail\cogs\info.py", line 738, in bestenliste
    data += f"{i}. {user.mention}  __Tickets__: `{daten[1]}`\n"
                    ^^^^^^^^^^^^
AttributeError: 'NoneType' object has no attribute 'mention'

The above exception was the direct cause of the following exception:

Traceback (most recent call last):
  File "D:\pythonProject\Deadshot - ModMail\venv\Lib\site-packages\discord\app_commands\tree.py", line 1242, in _call
    await command._invoke_with_namespace(interaction, namespace)
  File "D:\pythonProject\Deadshot - ModMail\venv\Lib\site-packages\discord\app_commands\commands.py", line 887, in _invoke_with_namespace
    return await self._do_call(interaction, transformed_values)
           ^^^^^^^^^^^^^^^^^^^^^^^^^^^^^^^^^^^^^^^^^^^^^^^^^^^^
  File "D:\pythonProject\Deadshot - ModMail\venv\Lib\site-packages\discord\app_commands\commands.py", line 880, in _do_call
    raise CommandInvokeError(self, e) from e
discord.app_commands.errors.CommandInvokeError: Command 'bestenliste' raised an exception: AttributeError: 'NoneType' object has no attribute 'mention'
[2023-01-17 19:54:09] [INFO    ] discord.gateway: Shard ID None has successfully RESUMED session 209361d39845209ee938c4e502f4933f.
[2023-01-22 14:57:45] [INFO    ] discord.gateway: Shard ID None has connected to Gateway (Session ID: a99eed6ccab8192c9c6ed6b5b44c03d0).
[2023-01-22 14:59:31] [INFO    ] discord: Reloaded 'ModMail' | Ausgeführt von Luca♛#7857
[2023-01-22 15:21:19] [ERROR   ] discord.ext.commands.bot: Ignoring exception in command None
discord.ext.commands.errors.CommandNotFound: Command "hallo" is not found
[2023-01-22 15:25:10] [INFO    ] discord.gateway: Shard ID None has successfully RESUMED session a99eed6ccab8192c9c6ed6b5b44c03d0.
[2023-01-22 16:09:47] [ERROR   ] discord.client: Ignoring exception in on_message
Traceback (most recent call last):
  File "D:\pythonProject\Deadshot - ModMail\venv\Lib\site-packages\discord\client.py", line 409, in _run_event
    await coro(*args, **kwargs)
  File "D:\pythonProject\Deadshot - ModMail\cogs\ModMail.py", line 613, in on_message
    print(1)
OSError: [Errno 22] Invalid argument
[2023-01-22 16:10:54] [ERROR   ] discord.client: Ignoring exception in on_message
Traceback (most recent call last):
  File "D:\pythonProject\Deadshot - ModMail\venv\Lib\site-packages\discord\client.py", line 409, in _run_event
    await coro(*args, **kwargs)
  File "D:\pythonProject\Deadshot - ModMail\cogs\ModMail.py", line 613, in on_message
    print(1)
OSError: [Errno 22] Invalid argument
[2023-01-22 16:11:27] [ERROR   ] discord.client: Ignoring exception in on_message
Traceback (most recent call last):
  File "D:\pythonProject\Deadshot - ModMail\venv\Lib\site-packages\discord\client.py", line 409, in _run_event
    await coro(*args, **kwargs)
  File "D:\pythonProject\Deadshot - ModMail\cogs\ModMail.py", line 613, in on_message
    print(1)
OSError: [Errno 22] Invalid argument
[2023-01-22 16:23:15] [ERROR   ] discord.client: Ignoring exception in on_message
Traceback (most recent call last):
  File "D:\pythonProject\Deadshot - ModMail\venv\Lib\site-packages\discord\client.py", line 409, in _run_event
    await coro(*args, **kwargs)
  File "D:\pythonProject\Deadshot - ModMail\cogs\ModMail.py", line 613, in on_message
    print(1)
OSError: [Errno 22] Invalid argument
[2023-01-22 16:37:55] [ERROR   ] discord.client: Ignoring exception in on_message
Traceback (most recent call last):
  File "D:\pythonProject\Deadshot - ModMail\venv\Lib\site-packages\discord\client.py", line 409, in _run_event
    await coro(*args, **kwargs)
  File "D:\pythonProject\Deadshot - ModMail\cogs\ModMail.py", line 613, in on_message
    print(1)
OSError: [Errno 22] Invalid argument
[2023-01-22 17:18:18] [ERROR   ] discord.client: Ignoring exception in on_message
Traceback (most recent call last):
  File "D:\pythonProject\Deadshot - ModMail\venv\Lib\site-packages\discord\client.py", line 409, in _run_event
    await coro(*args, **kwargs)
  File "D:\pythonProject\Deadshot - ModMail\cogs\ModMail.py", line 613, in on_message
    print(1)
OSError: [Errno 22] Invalid argument
[2023-01-22 17:25:23] [ERROR   ] discord.client: Ignoring exception in on_message
Traceback (most recent call last):
  File "D:\pythonProject\Deadshot - ModMail\venv\Lib\site-packages\discord\client.py", line 409, in _run_event
    await coro(*args, **kwargs)
  File "D:\pythonProject\Deadshot - ModMail\cogs\ModMail.py", line 613, in on_message
    print(1)
OSError: [Errno 22] Invalid argument
[2023-01-22 17:33:55] [ERROR   ] discord.client: Ignoring exception in on_message
Traceback (most recent call last):
  File "D:\pythonProject\Deadshot - ModMail\venv\Lib\site-packages\discord\client.py", line 409, in _run_event
    await coro(*args, **kwargs)
  File "D:\pythonProject\Deadshot - ModMail\cogs\ModMail.py", line 613, in on_message
    print(1)
OSError: [Errno 22] Invalid argument
[2023-01-22 17:34:51] [ERROR   ] discord.client: Ignoring exception in on_message
Traceback (most recent call last):
  File "D:\pythonProject\Deadshot - ModMail\venv\Lib\site-packages\discord\client.py", line 409, in _run_event
    await coro(*args, **kwargs)
  File "D:\pythonProject\Deadshot - ModMail\cogs\ModMail.py", line 613, in on_message
    print(1)
OSError: [Errno 22] Invalid argument
[2023-01-22 17:43:20] [ERROR   ] discord.client: Ignoring exception in on_message
Traceback (most recent call last):
  File "D:\pythonProject\Deadshot - ModMail\venv\Lib\site-packages\discord\client.py", line 409, in _run_event
    await coro(*args, **kwargs)
  File "D:\pythonProject\Deadshot - ModMail\cogs\ModMail.py", line 613, in on_message
    print(1)
OSError: [Errno 22] Invalid argument
[2023-01-22 17:44:34] [ERROR   ] discord.client: Ignoring exception in on_message
Traceback (most recent call last):
  File "D:\pythonProject\Deadshot - ModMail\venv\Lib\site-packages\discord\client.py", line 409, in _run_event
    await coro(*args, **kwargs)
  File "D:\pythonProject\Deadshot - ModMail\cogs\ModMail.py", line 613, in on_message
    print(1)
OSError: [Errno 22] Invalid argument
[2023-01-22 17:45:30] [ERROR   ] discord.client: Ignoring exception in on_message
Traceback (most recent call last):
  File "D:\pythonProject\Deadshot - ModMail\venv\Lib\site-packages\discord\client.py", line 409, in _run_event
    await coro(*args, **kwargs)
  File "D:\pythonProject\Deadshot - ModMail\cogs\ModMail.py", line 613, in on_message
    print(1)
OSError: [Errno 22] Invalid argument
[2023-01-22 18:00:50] [ERROR   ] discord.client: Ignoring exception in on_message
Traceback (most recent call last):
  File "D:\pythonProject\Deadshot - ModMail\venv\Lib\site-packages\discord\client.py", line 409, in _run_event
    await coro(*args, **kwargs)
  File "D:\pythonProject\Deadshot - ModMail\cogs\ModMail.py", line 613, in on_message
    print(1)
OSError: [Errno 22] Invalid argument
[2023-01-22 18:18:40] [INFO    ] discord.gateway: Shard ID None has successfully RESUMED session a99eed6ccab8192c9c6ed6b5b44c03d0.
[2023-01-22 18:21:49] [ERROR   ] discord.client: Ignoring exception in on_message
Traceback (most recent call last):
  File "D:\pythonProject\Deadshot - ModMail\venv\Lib\site-packages\discord\client.py", line 409, in _run_event
    await coro(*args, **kwargs)
  File "D:\pythonProject\Deadshot - ModMail\cogs\ModMail.py", line 613, in on_message
    print(1)
OSError: [Errno 22] Invalid argument
[2023-01-22 18:22:31] [ERROR   ] discord.client: Ignoring exception in on_message
Traceback (most recent call last):
  File "D:\pythonProject\Deadshot - ModMail\venv\Lib\site-packages\discord\client.py", line 409, in _run_event
    await coro(*args, **kwargs)
  File "D:\pythonProject\Deadshot - ModMail\cogs\ModMail.py", line 613, in on_message
    print(1)
OSError: [Errno 22] Invalid argument
[2023-01-22 18:27:47] [ERROR   ] discord.client: Ignoring exception in on_message
Traceback (most recent call last):
  File "D:\pythonProject\Deadshot - ModMail\venv\Lib\site-packages\discord\client.py", line 409, in _run_event
    await coro(*args, **kwargs)
  File "D:\pythonProject\Deadshot - ModMail\cogs\ModMail.py", line 613, in on_message
    print(1)
OSError: [Errno 22] Invalid argument
[2023-01-22 18:38:11] [ERROR   ] discord.client: Ignoring exception in on_message
Traceback (most recent call last):
  File "D:\pythonProject\Deadshot - ModMail\venv\Lib\site-packages\discord\client.py", line 409, in _run_event
    await coro(*args, **kwargs)
  File "D:\pythonProject\Deadshot - ModMail\cogs\ModMail.py", line 613, in on_message
    print(1)
OSError: [Errno 22] Invalid argument
[2023-01-22 18:55:30] [ERROR   ] discord.client: Ignoring exception in on_message
Traceback (most recent call last):
  File "D:\pythonProject\Deadshot - ModMail\venv\Lib\site-packages\discord\client.py", line 409, in _run_event
    await coro(*args, **kwargs)
  File "D:\pythonProject\Deadshot - ModMail\cogs\ModMail.py", line 613, in on_message
    print(1)
OSError: [Errno 22] Invalid argument
[2023-01-22 18:56:58] [ERROR   ] discord.client: Ignoring exception in on_message
Traceback (most recent call last):
  File "D:\pythonProject\Deadshot - ModMail\venv\Lib\site-packages\discord\client.py", line 409, in _run_event
    await coro(*args, **kwargs)
  File "D:\pythonProject\Deadshot - ModMail\cogs\ModMail.py", line 613, in on_message
    print(1)
OSError: [Errno 22] Invalid argument
[2023-01-22 19:11:05] [ERROR   ] discord.client: Ignoring exception in on_message
Traceback (most recent call last):
  File "D:\pythonProject\Deadshot - ModMail\venv\Lib\site-packages\discord\client.py", line 409, in _run_event
    await coro(*args, **kwargs)
  File "D:\pythonProject\Deadshot - ModMail\cogs\ModMail.py", line 613, in on_message
    print(1)
OSError: [Errno 22] Invalid argument
[2023-01-22 19:22:19] [ERROR   ] discord.client: Ignoring exception in on_message
Traceback (most recent call last):
  File "D:\pythonProject\Deadshot - ModMail\venv\Lib\site-packages\discord\client.py", line 409, in _run_event
    await coro(*args, **kwargs)
  File "D:\pythonProject\Deadshot - ModMail\cogs\ModMail.py", line 613, in on_message
    print(1)
OSError: [Errno 22] Invalid argument
[2023-01-22 19:22:40] [ERROR   ] discord.client: Ignoring exception in on_message
Traceback (most recent call last):
  File "D:\pythonProject\Deadshot - ModMail\venv\Lib\site-packages\discord\client.py", line 409, in _run_event
    await coro(*args, **kwargs)
  File "D:\pythonProject\Deadshot - ModMail\cogs\ModMail.py", line 613, in on_message
    print(1)
OSError: [Errno 22] Invalid argument
[2023-01-22 19:23:27] [ERROR   ] discord.client: Ignoring exception in on_message
Traceback (most recent call last):
  File "D:\pythonProject\Deadshot - ModMail\venv\Lib\site-packages\discord\client.py", line 409, in _run_event
    await coro(*args, **kwargs)
  File "D:\pythonProject\Deadshot - ModMail\cogs\ModMail.py", line 613, in on_message
    print(1)
OSError: [Errno 22] Invalid argument
[2023-01-22 20:10:35] [ERROR   ] discord.client: Ignoring exception in on_message
Traceback (most recent call last):
  File "D:\pythonProject\Deadshot - ModMail\venv\Lib\site-packages\discord\client.py", line 409, in _run_event
    await coro(*args, **kwargs)
  File "D:\pythonProject\Deadshot - ModMail\cogs\ModMail.py", line 613, in on_message
    print(1)
OSError: [Errno 22] Invalid argument
[2023-01-22 20:24:24] [ERROR   ] discord.client: Ignoring exception in on_message
Traceback (most recent call last):
  File "D:\pythonProject\Deadshot - ModMail\venv\Lib\site-packages\discord\client.py", line 409, in _run_event
    await coro(*args, **kwargs)
  File "D:\pythonProject\Deadshot - ModMail\cogs\ModMail.py", line 613, in on_message
    print(1)
OSError: [Errno 22] Invalid argument
[2023-01-22 20:25:42] [ERROR   ] discord.client: Ignoring exception in on_message
Traceback (most recent call last):
  File "D:\pythonProject\Deadshot - ModMail\venv\Lib\site-packages\discord\client.py", line 409, in _run_event
    await coro(*args, **kwargs)
  File "D:\pythonProject\Deadshot - ModMail\cogs\ModMail.py", line 613, in on_message
    print(1)
OSError: [Errno 22] Invalid argument
[2023-01-22 20:26:29] [ERROR   ] discord.client: Ignoring exception in on_message
Traceback (most recent call last):
  File "D:\pythonProject\Deadshot - ModMail\venv\Lib\site-packages\discord\client.py", line 409, in _run_event
    await coro(*args, **kwargs)
  File "D:\pythonProject\Deadshot - ModMail\cogs\ModMail.py", line 613, in on_message
    print(1)
OSError: [Errno 22] Invalid argument
[2023-01-22 20:56:59] [INFO    ] discord.gateway: Shard ID None has successfully RESUMED session a99eed6ccab8192c9c6ed6b5b44c03d0.
[2023-01-22 21:00:16] [ERROR   ] discord.client: Ignoring exception in on_message
Traceback (most recent call last):
  File "D:\pythonProject\Deadshot - ModMail\venv\Lib\site-packages\discord\client.py", line 409, in _run_event
    await coro(*args, **kwargs)
  File "D:\pythonProject\Deadshot - ModMail\cogs\ModMail.py", line 613, in on_message
    print(1)
OSError: [Errno 22] Invalid argument
[2023-01-22 21:00:30] [ERROR   ] discord.client: Ignoring exception in on_message
Traceback (most recent call last):
  File "D:\pythonProject\Deadshot - ModMail\venv\Lib\site-packages\discord\client.py", line 409, in _run_event
    await coro(*args, **kwargs)
  File "D:\pythonProject\Deadshot - ModMail\cogs\ModMail.py", line 613, in on_message
    print(1)
OSError: [Errno 22] Invalid argument
[2023-01-22 21:00:46] [ERROR   ] discord.client: Ignoring exception in on_message
Traceback (most recent call last):
  File "D:\pythonProject\Deadshot - ModMail\venv\Lib\site-packages\discord\client.py", line 409, in _run_event
    await coro(*args, **kwargs)
  File "D:\pythonProject\Deadshot - ModMail\cogs\ModMail.py", line 613, in on_message
    print(1)
OSError: [Errno 22] Invalid argument
[2023-01-22 21:16:54] [ERROR   ] discord.client: Ignoring exception in on_message
Traceback (most recent call last):
  File "D:\pythonProject\Deadshot - ModMail\venv\Lib\site-packages\discord\client.py", line 409, in _run_event
    await coro(*args, **kwargs)
  File "D:\pythonProject\Deadshot - ModMail\cogs\ModMail.py", line 613, in on_message
    print(1)
OSError: [Errno 22] Invalid argument
[2023-01-22 21:17:39] [ERROR   ] discord.client: Ignoring exception in on_message
Traceback (most recent call last):
  File "D:\pythonProject\Deadshot - ModMail\venv\Lib\site-packages\discord\client.py", line 409, in _run_event
    await coro(*args, **kwargs)
  File "D:\pythonProject\Deadshot - ModMail\cogs\ModMail.py", line 613, in on_message
    print(1)
OSError: [Errno 22] Invalid argument
[2023-01-22 21:17:57] [ERROR   ] discord.client: Ignoring exception in on_message
Traceback (most recent call last):
  File "D:\pythonProject\Deadshot - ModMail\venv\Lib\site-packages\discord\client.py", line 409, in _run_event
    await coro(*args, **kwargs)
  File "D:\pythonProject\Deadshot - ModMail\cogs\ModMail.py", line 613, in on_message
    print(1)
OSError: [Errno 22] Invalid argument
[2023-01-22 21:18:10] [ERROR   ] discord.client: Ignoring exception in on_message
Traceback (most recent call last):
  File "D:\pythonProject\Deadshot - ModMail\venv\Lib\site-packages\discord\client.py", line 409, in _run_event
    await coro(*args, **kwargs)
  File "D:\pythonProject\Deadshot - ModMail\cogs\ModMail.py", line 613, in on_message
    print(1)
OSError: [Errno 22] Invalid argument
[2023-01-22 21:18:48] [ERROR   ] discord.client: Ignoring exception in on_message
Traceback (most recent call last):
  File "D:\pythonProject\Deadshot - ModMail\venv\Lib\site-packages\discord\client.py", line 409, in _run_event
    await coro(*args, **kwargs)
  File "D:\pythonProject\Deadshot - ModMail\cogs\ModMail.py", line 613, in on_message
    print(1)
OSError: [Errno 22] Invalid argument
[2023-01-22 21:21:40] [ERROR   ] discord.client: Ignoring exception in on_message
Traceback (most recent call last):
  File "D:\pythonProject\Deadshot - ModMail\venv\Lib\site-packages\discord\client.py", line 409, in _run_event
    await coro(*args, **kwargs)
  File "D:\pythonProject\Deadshot - ModMail\cogs\ModMail.py", line 613, in on_message
    print(1)
OSError: [Errno 22] Invalid argument
[2023-01-22 21:26:20] [ERROR   ] discord.client: Ignoring exception in on_message
Traceback (most recent call last):
  File "D:\pythonProject\Deadshot - ModMail\venv\Lib\site-packages\discord\client.py", line 409, in _run_event
    await coro(*args, **kwargs)
  File "D:\pythonProject\Deadshot - ModMail\cogs\ModMail.py", line 613, in on_message
    print(1)
OSError: [Errno 22] Invalid argument
[2023-01-22 21:27:10] [ERROR   ] discord.client: Ignoring exception in on_message
Traceback (most recent call last):
  File "D:\pythonProject\Deadshot - ModMail\venv\Lib\site-packages\discord\client.py", line 409, in _run_event
    await coro(*args, **kwargs)
  File "D:\pythonProject\Deadshot - ModMail\cogs\ModMail.py", line 613, in on_message
    print(1)
OSError: [Errno 22] Invalid argument
[2023-01-22 21:27:48] [ERROR   ] discord.client: Ignoring exception in on_message
Traceback (most recent call last):
  File "D:\pythonProject\Deadshot - ModMail\venv\Lib\site-packages\discord\client.py", line 409, in _run_event
    await coro(*args, **kwargs)
  File "D:\pythonProject\Deadshot - ModMail\cogs\ModMail.py", line 613, in on_message
    print(1)
OSError: [Errno 22] Invalid argument
[2023-01-22 21:28:00] [ERROR   ] discord.client: Ignoring exception in on_message
Traceback (most recent call last):
  File "D:\pythonProject\Deadshot - ModMail\venv\Lib\site-packages\discord\client.py", line 409, in _run_event
    await coro(*args, **kwargs)
  File "D:\pythonProject\Deadshot - ModMail\cogs\ModMail.py", line 613, in on_message
    print(1)
OSError: [Errno 22] Invalid argument
[2023-01-22 21:28:25] [ERROR   ] discord.client: Ignoring exception in on_message
Traceback (most recent call last):
  File "D:\pythonProject\Deadshot - ModMail\venv\Lib\site-packages\discord\client.py", line 409, in _run_event
    await coro(*args, **kwargs)
  File "D:\pythonProject\Deadshot - ModMail\cogs\ModMail.py", line 613, in on_message
    print(1)
OSError: [Errno 22] Invalid argument
[2023-02-03 17:27:16] [INFO    ] discord.gateway: Shard ID None has connected to Gateway (Session ID: 419c803e64dd5d43509665721a0bf750).
[2023-02-03 17:29:24] [INFO    ] discord.gateway: Shard ID None has connected to Gateway (Session ID: 1be1b123d7bb19e780d8c02defa49678).
[2023-02-03 17:29:27] [ERROR   ] discord.client: Ignoring exception in on_message
Traceback (most recent call last):
  File "D:\pythonProject\Deadshot - ModMail\venv\Lib\site-packages\discord\client.py", line 409, in _run_event
    await coro(*args, **kwargs)
  File "D:\pythonProject\Deadshot - ModMail\cogs\ModMail.py", line 613, in on_message
    if "discord.gg/" in message:
       ^^^^^^^^^^^^^^^^^^^^^^^^
TypeError: argument of type 'Message' is not iterable
[2023-02-03 17:31:44] [INFO    ] discord: Reloaded 'ModMail' | Ausgeführt von Luca♛#7857
[2023-02-03 17:35:39] [INFO    ] discord: Reloaded 'ModMail' | Ausgeführt von Luca♛#7857
[2023-02-03 17:35:40] [ERROR   ] discord.client: Ignoring exception in on_message
Traceback (most recent call last):
  File "D:\pythonProject\Deadshot - ModMail\venv\Lib\site-packages\discord\client.py", line 409, in _run_event
    await coro(*args, **kwargs)
  File "D:\pythonProject\Deadshot - ModMail\cogs\ModMail.py", line 615, in on_message
    invite = await self.bot.fetch_invite(message.content)
             ^^^^^^^^^^^^^^^^^^^^^^^^^^^^^^^^^^^^^^^^^^^^
  File "D:\pythonProject\Deadshot - ModMail\venv\Lib\site-packages\discord\client.py", line 1664, in fetch_invite
    data = await self.http.get_invite(
           ^^^^^^^^^^^^^^^^^^^^^^^^^^^
  File "D:\pythonProject\Deadshot - ModMail\venv\Lib\site-packages\discord\http.py", line 740, in request
    raise NotFound(response, data)
discord.errors.NotFound: 404 Not Found (error code: 0): 404: Not Found
[2023-02-03 17:36:02] [INFO    ] discord: Reloaded 'ModMail' | Ausgeführt von Luca♛#7857
[2023-02-03 17:36:02] [ERROR   ] discord.client: Ignoring exception in on_message
Traceback (most recent call last):
  File "D:\pythonProject\Deadshot - ModMail\venv\Lib\site-packages\discord\client.py", line 409, in _run_event
    await coro(*args, **kwargs)
  File "D:\pythonProject\Deadshot - ModMail\cogs\ModMail.py", line 615, in on_message
    invite = await self.bot.fetch_invite(message.content)
             ^^^^^^^^^^^^^^^^^^^^^^^^^^^^^^^^^^^^^^^^^^^^
  File "D:\pythonProject\Deadshot - ModMail\venv\Lib\site-packages\discord\client.py", line 1664, in fetch_invite
    data = await self.http.get_invite(
           ^^^^^^^^^^^^^^^^^^^^^^^^^^^
  File "D:\pythonProject\Deadshot - ModMail\venv\Lib\site-packages\discord\http.py", line 740, in request
    raise NotFound(response, data)
discord.errors.NotFound: 404 Not Found (error code: 0): 404: Not Found
[2023-02-03 17:37:25] [ERROR   ] discord.client: Ignoring exception in on_message
Traceback (most recent call last):
  File "D:\pythonProject\Deadshot - ModMail\venv\Lib\site-packages\discord\client.py", line 409, in _run_event
    await coro(*args, **kwargs)
  File "D:\pythonProject\Deadshot - ModMail\cogs\ModMail.py", line 615, in on_message
    invite = await self.bot.fetch_invite(message.content)
             ^^^^^^^^^^^^^^^^^^^^^^^^^^^^^^^^^^^^^^^^^^^^
  File "D:\pythonProject\Deadshot - ModMail\venv\Lib\site-packages\discord\client.py", line 1664, in fetch_invite
    data = await self.http.get_invite(
           ^^^^^^^^^^^^^^^^^^^^^^^^^^^
  File "D:\pythonProject\Deadshot - ModMail\venv\Lib\site-packages\discord\http.py", line 740, in request
    raise NotFound(response, data)
discord.errors.NotFound: 404 Not Found (error code: 0): 404: Not Found
[2023-02-03 17:38:28] [ERROR   ] discord.client: Ignoring exception in on_message
Traceback (most recent call last):
  File "D:\pythonProject\Deadshot - ModMail\venv\Lib\site-packages\discord\client.py", line 409, in _run_event
    await coro(*args, **kwargs)
  File "D:\pythonProject\Deadshot - ModMail\cogs\ModMail.py", line 615, in on_message
    invite = await self.bot.fetch_invite(message.content)
             ^^^^^^^^^^^^^^^^^^^^^^^^^^^^^^^^^^^^^^^^^^^^
  File "D:\pythonProject\Deadshot - ModMail\venv\Lib\site-packages\discord\client.py", line 1664, in fetch_invite
    data = await self.http.get_invite(
           ^^^^^^^^^^^^^^^^^^^^^^^^^^^
  File "D:\pythonProject\Deadshot - ModMail\venv\Lib\site-packages\discord\http.py", line 740, in request
    raise NotFound(response, data)
discord.errors.NotFound: 404 Not Found (error code: 0): 404: Not Found
[2023-02-03 17:41:34] [INFO    ] discord: Reloaded 'ModMail' | Ausgeführt von Luca♛#7857
[2023-02-03 17:41:42] [ERROR   ] discord.client: Ignoring exception in on_message
Traceback (most recent call last):
  File "D:\pythonProject\Deadshot - ModMail\venv\Lib\site-packages\discord\client.py", line 409, in _run_event
    await coro(*args, **kwargs)
  File "D:\pythonProject\Deadshot - ModMail\cogs\ModMail.py", line 683, in on_message
    await invite_message(message, channel, self.bot)
  File "D:\pythonProject\Deadshot - ModMail\cogs\ModMail.py", line 130, in invite_message
    f"Guild Name: {invite.guild} | Member: {invite.guild.members}",
                                            ^^^^^^^^^^^^^^^^^^^^
AttributeError: 'PartialInviteGuild' object has no attribute 'members'
[2023-02-03 17:42:17] [INFO    ] discord.gateway: Shard ID None has connected to Gateway (Session ID: bad307089a65bcbb0d44b5cc06125663).
[2023-02-03 17:42:21] [ERROR   ] discord.client: Ignoring exception in on_message
Traceback (most recent call last):
  File "D:\pythonProject\Deadshot - ModMail\venv\Lib\site-packages\discord\client.py", line 409, in _run_event
    await coro(*args, **kwargs)
  File "D:\pythonProject\Deadshot - ModMail\cogs\ModMail.py", line 684, in on_message
    await invite_message(message, channel, self.bot)
  File "D:\pythonProject\Deadshot - ModMail\cogs\ModMail.py", line 130, in invite_message
    f"Guild Name: {invite.guild} | Member: {invite.guild.members}",
                                            ^^^^^^^^^^^^^^^^^^^^
AttributeError: 'PartialInviteGuild' object has no attribute 'members'
[2023-02-03 17:43:30] [INFO    ] discord: Reloaded 'ModMail' | Ausgeführt von Luca♛#7857
[2023-02-03 17:43:33] [ERROR   ] discord.client: Ignoring exception in on_message
Traceback (most recent call last):
  File "D:\pythonProject\Deadshot - ModMail\venv\Lib\site-packages\discord\client.py", line 409, in _run_event
    await coro(*args, **kwargs)
  File "D:\pythonProject\Deadshot - ModMail\cogs\ModMail.py", line 688, in on_message
    await invite_message(message, channel, self.bot)
  File "D:\pythonProject\Deadshot - ModMail\cogs\ModMail.py", line 132, in invite_message
    f"Guild Name: {invite.guild} | Member: {invite.guild.members}",
                                            ^^^^^^^^^^^^^^^^^^^^
AttributeError: 'PartialInviteGuild' object has no attribute 'members'
[2023-02-03 17:43:47] [INFO    ] discord: Reloaded 'ModMail' | Ausgeführt von Luca♛#7857
[2023-02-03 17:43:50] [ERROR   ] discord.client: Ignoring exception in on_message
Traceback (most recent call last):
  File "D:\pythonProject\Deadshot - ModMail\venv\Lib\site-packages\discord\client.py", line 409, in _run_event
    await coro(*args, **kwargs)
  File "D:\pythonProject\Deadshot - ModMail\cogs\ModMail.py", line 688, in on_message
    await invite_message(message, channel, self.bot)
  File "D:\pythonProject\Deadshot - ModMail\cogs\ModMail.py", line 132, in invite_message
    f"Guild Name: {invite.guild} | Member: {invite.guild.members}",
                                            ^^^^^^^^^^^^^^^^^^^^
AttributeError: 'PartialInviteGuild' object has no attribute 'members'
[2023-02-03 17:44:11] [INFO    ] discord: Reloaded 'ModMail' | Ausgeführt von Luca♛#7857
[2023-02-03 17:44:14] [ERROR   ] discord.client: Ignoring exception in on_message
Traceback (most recent call last):
  File "D:\pythonProject\Deadshot - ModMail\venv\Lib\site-packages\discord\client.py", line 409, in _run_event
    await coro(*args, **kwargs)
  File "D:\pythonProject\Deadshot - ModMail\cogs\ModMail.py", line 689, in on_message
    await invite_message(message, channel, self.bot)
  File "D:\pythonProject\Deadshot - ModMail\cogs\ModMail.py", line 131, in invite_message
    print(5, invite.members)
             ^^^^^^^^^^^^^^
AttributeError: 'Invite' object has no attribute 'members'
[2023-02-03 17:44:23] [INFO    ] discord: Reloaded 'ModMail' | Ausgeführt von Luca♛#7857
[2023-02-03 17:44:27] [ERROR   ] discord.client: Ignoring exception in on_message
Traceback (most recent call last):
  File "D:\pythonProject\Deadshot - ModMail\venv\Lib\site-packages\discord\client.py", line 409, in _run_event
    await coro(*args, **kwargs)
  File "D:\pythonProject\Deadshot - ModMail\cogs\ModMail.py", line 689, in on_message
    await invite_message(message, channel, self.bot)
  File "D:\pythonProject\Deadshot - ModMail\cogs\ModMail.py", line 131, in invite_message
    print(5, invite.guild.members)
             ^^^^^^^^^^^^^^^^^^^^
AttributeError: 'PartialInviteGuild' object has no attribute 'members'
[2023-02-03 17:46:58] [INFO    ] discord: Reloaded 'ModMail' | Ausgeführt von Luca♛#7857
[2023-02-03 17:47:01] [ERROR   ] discord.client: Ignoring exception in on_message
Traceback (most recent call last):
  File "D:\pythonProject\Deadshot - ModMail\venv\Lib\site-packages\discord\client.py", line 409, in _run_event
    await coro(*args, **kwargs)
  File "D:\pythonProject\Deadshot - ModMail\cogs\ModMail.py", line 689, in on_message
    await invite_message(message, channel, self.bot)
  File "D:\pythonProject\Deadshot - ModMail\cogs\ModMail.py", line 133, in invite_message
    f"Guild Name: {invite.guild} | Member: {invite.guild.members}",
                                            ^^^^^^^^^^^^^^^^^^^^
AttributeError: 'PartialInviteGuild' object has no attribute 'members'
[2023-02-03 17:48:04] [INFO    ] discord: Reloaded 'ModMail' | Ausgeführt von Luca♛#7857
[2023-02-03 17:48:10] [ERROR   ] discord.client: Ignoring exception in on_message
Traceback (most recent call last):
  File "D:\pythonProject\Deadshot - ModMail\venv\Lib\site-packages\discord\client.py", line 409, in _run_event
    await coro(*args, **kwargs)
  File "D:\pythonProject\Deadshot - ModMail\cogs\ModMail.py", line 683, in on_message
    await invite_message(message, channel, self.bot)
  File "D:\pythonProject\Deadshot - ModMail\cogs\ModMail.py", line 130, in invite_message
    f"Guild Name: {invite.approximate_member_count} | Member: {invite.guild.members}",
                                                               ^^^^^^^^^^^^^^^^^^^^
AttributeError: 'PartialInviteGuild' object has no attribute 'members'
[2023-02-03 17:48:44] [INFO    ] discord: Reloaded 'ModMail' | Ausgeführt von Luca♛#7857
[2023-02-03 17:48:51] [ERROR   ] discord.client: Ignoring exception in on_message
Traceback (most recent call last):
  File "D:\pythonProject\Deadshot - ModMail\venv\Lib\site-packages\discord\client.py", line 409, in _run_event
    await coro(*args, **kwargs)
  File "D:\pythonProject\Deadshot - ModMail\cogs\ModMail.py", line 684, in on_message
    await invite_message(message, channel, self.bot)
  File "D:\pythonProject\Deadshot - ModMail\cogs\ModMail.py", line 131, in invite_message
    f"Guild Name: {invite.approximate_member_count} | Member: {invite.guild.members}",
                                                               ^^^^^^^^^^^^^^^^^^^^
AttributeError: 'PartialInviteGuild' object has no attribute 'members'
[2023-02-03 17:49:17] [INFO    ] discord.gateway: Shard ID None has connected to Gateway (Session ID: 41dbc42799f912b9819899c9759891de).
[2023-02-03 17:50:21] [INFO    ] discord: Reloaded 'ModMail' | Ausgeführt von Luca♛#7857
[2023-02-03 17:50:46] [ERROR   ] discord.app_commands.tree: Ignoring exception in command 'reload'
Traceback (most recent call last):
  File "D:\pythonProject\Deadshot - ModMail\venv\Lib\site-packages\discord\ext\commands\bot.py", line 934, in _load_from_module_spec
    spec.loader.exec_module(lib)  # type: ignore
    ^^^^^^^^^^^^^^^^^^^^^^^^^^^^
  File "<frozen importlib._bootstrap_external>", line 936, in exec_module
  File "<frozen importlib._bootstrap_external>", line 1074, in get_code
  File "<frozen importlib._bootstrap_external>", line 1004, in source_to_code
  File "<frozen importlib._bootstrap>", line 241, in _call_with_frames_removed
  File "D:\pythonProject\Deadshot - ModMail\cogs\ModMail.py", line 129
    memberembed = discord.Embed(description=f"{message.content}\n\n"
                                            
SyntaxError: invalid syntax. Perhaps you forgot a comma?

The above exception was the direct cause of the following exception:

Traceback (most recent call last):
  File "D:\pythonProject\Deadshot - ModMail\cogs\developer.py", line 56, in reload
    await self.bot.reload_extension(f"cogs.{datei.value}")
  File "D:\pythonProject\Deadshot - ModMail\venv\Lib\site-packages\discord\ext\commands\bot.py", line 1116, in reload_extension
    await self.load_extension(name)
  File "D:\pythonProject\Deadshot - ModMail\venv\Lib\site-packages\discord\ext\commands\bot.py", line 1012, in load_extension
    await self._load_from_module_spec(spec, name)
  File "D:\pythonProject\Deadshot - ModMail\venv\Lib\site-packages\discord\ext\commands\bot.py", line 937, in _load_from_module_spec
    raise errors.ExtensionFailed(key, e) from e
discord.ext.commands.errors.ExtensionFailed: Extension 'cogs.ModMail' raised an error: SyntaxError: invalid syntax. Perhaps you forgot a comma? (ModMail.py, line 129)

During handling of the above exception, another exception occurred:

Traceback (most recent call last):
  File "D:\pythonProject\Deadshot - ModMail\venv\Lib\site-packages\discord\app_commands\commands.py", line 861, in _do_call
    return await self._callback(self.binding, interaction, **params)  # type: ignore
           ^^^^^^^^^^^^^^^^^^^^^^^^^^^^^^^^^^^^^^^^^^^^^^^^^^^^^^^^^
  File "D:\pythonProject\Deadshot - ModMail\cogs\developer.py", line 60, in reload
    await self.bot.load_extension(f"cogs.{datei.value}")
  File "D:\pythonProject\Deadshot - ModMail\venv\Lib\site-packages\discord\ext\commands\bot.py", line 1006, in load_extension
    raise errors.ExtensionAlreadyLoaded(name)
discord.ext.commands.errors.ExtensionAlreadyLoaded: Extension 'cogs.ModMail' is already loaded.

The above exception was the direct cause of the following exception:

Traceback (most recent call last):
  File "D:\pythonProject\Deadshot - ModMail\venv\Lib\site-packages\discord\app_commands\tree.py", line 1242, in _call
    await command._invoke_with_namespace(interaction, namespace)
  File "D:\pythonProject\Deadshot - ModMail\venv\Lib\site-packages\discord\app_commands\commands.py", line 887, in _invoke_with_namespace
    return await self._do_call(interaction, transformed_values)
           ^^^^^^^^^^^^^^^^^^^^^^^^^^^^^^^^^^^^^^^^^^^^^^^^^^^^
  File "D:\pythonProject\Deadshot - ModMail\venv\Lib\site-packages\discord\app_commands\commands.py", line 880, in _do_call
    raise CommandInvokeError(self, e) from e
discord.app_commands.errors.CommandInvokeError: Command 'reload' raised an exception: ExtensionAlreadyLoaded: Extension 'cogs.ModMail' is already loaded.
[2023-02-03 17:51:07] [INFO    ] discord.gateway: Shard ID None has connected to Gateway (Session ID: 6b72101c46ec88e5cf9aaa174d7413bb).
[2023-02-03 17:52:11] [INFO    ] discord.gateway: Shard ID None has connected to Gateway (Session ID: e5fe2c64f0a833fe704570898b33c23e).
[2023-02-03 17:54:42] [INFO    ] discord: Reloaded 'ModMail' | Ausgeführt von Luca♛#7857
[2023-02-03 17:55:12] [ERROR   ] discord.client: Ignoring exception in on_message
Traceback (most recent call last):
  File "D:\pythonProject\Deadshot - ModMail\venv\Lib\site-packages\discord\client.py", line 409, in _run_event
    await coro(*args, **kwargs)
  File "D:\pythonProject\Deadshot - ModMail\cogs\ModMail.py", line 685, in on_message
    await invite_message(message, channel, self.bot)
  File "D:\pythonProject\Deadshot - ModMail\cogs\ModMail.py", line 129, in invite_message
    invite = await bot.fetch_invite(message.content)
             ^^^^^^^^^^^^^^^^^^^^^^^^^^^^^^^^^^^^^^^
  File "D:\pythonProject\Deadshot - ModMail\venv\Lib\site-packages\discord\client.py", line 1664, in fetch_invite
    data = await self.http.get_invite(
           ^^^^^^^^^^^^^^^^^^^^^^^^^^^
  File "D:\pythonProject\Deadshot - ModMail\venv\Lib\site-packages\discord\http.py", line 740, in request
    raise NotFound(response, data)
discord.errors.NotFound: 404 Not Found (error code: 0): 404: Not Found
[2023-02-03 17:56:18] [INFO    ] discord: Reloaded 'ModMail' | Ausgeführt von Luca♛#7857
[2023-02-03 17:57:32] [INFO    ] discord: Reloaded 'ModMail' | Ausgeführt von Luca♛#7857
[2023-02-03 17:57:39] [ERROR   ] discord.client: Ignoring exception in on_message
Traceback (most recent call last):
  File "D:\pythonProject\Deadshot - ModMail\venv\Lib\site-packages\discord\client.py", line 409, in _run_event
    await coro(*args, **kwargs)
  File "D:\pythonProject\Deadshot - ModMail\cogs\ModMail.py", line 685, in on_message
    await invite_message(message, channel, self.bot)
  File "D:\pythonProject\Deadshot - ModMail\cogs\ModMail.py", line 129, in invite_message
    invite = await bot.fetch_invite(message.content)
             ^^^^^^^^^^^^^^^^^^^^^^^^^^^^^^^^^^^^^^^
  File "D:\pythonProject\Deadshot - ModMail\venv\Lib\site-packages\discord\client.py", line 1664, in fetch_invite
    data = await self.http.get_invite(
           ^^^^^^^^^^^^^^^^^^^^^^^^^^^
  File "D:\pythonProject\Deadshot - ModMail\venv\Lib\site-packages\discord\http.py", line 740, in request
    raise NotFound(response, data)
discord.errors.NotFound: 404 Not Found (error code: 0): 404: Not Found
[2023-02-03 17:57:58] [INFO    ] discord: Reloaded 'ModMail' | Ausgeführt von Luca♛#7857
[2023-02-03 17:58:07] [ERROR   ] discord.client: Ignoring exception in on_message
Traceback (most recent call last):
  File "D:\pythonProject\Deadshot - ModMail\venv\Lib\site-packages\discord\client.py", line 409, in _run_event
    await coro(*args, **kwargs)
  File "D:\pythonProject\Deadshot - ModMail\cogs\ModMail.py", line 686, in on_message
    await invite_message(message, channel, self.bot)
  File "D:\pythonProject\Deadshot - ModMail\cogs\ModMail.py", line 129, in invite_message
    invite = await bot.fetch_invite(message.content)
             ^^^^^^^^^^^^^^^^^^^^^^^^^^^^^^^^^^^^^^^
  File "D:\pythonProject\Deadshot - ModMail\venv\Lib\site-packages\discord\client.py", line 1664, in fetch_invite
    data = await self.http.get_invite(
           ^^^^^^^^^^^^^^^^^^^^^^^^^^^
  File "D:\pythonProject\Deadshot - ModMail\venv\Lib\site-packages\discord\http.py", line 740, in request
    raise NotFound(response, data)
discord.errors.NotFound: 404 Not Found (error code: 0): 404: Not Found
[2023-02-03 17:59:26] [INFO    ] discord.gateway: Shard ID None has connected to Gateway (Session ID: c22e6ef31d2897a8250d74d247665db6).
[2023-02-03 17:59:30] [ERROR   ] discord.client: Ignoring exception in on_message
Traceback (most recent call last):
  File "D:\pythonProject\Deadshot - ModMail\venv\Lib\site-packages\discord\client.py", line 409, in _run_event
    await coro(*args, **kwargs)
  File "D:\pythonProject\Deadshot - ModMail\cogs\ModMail.py", line 685, in on_message
    await invite_message(message, result, channel, self.bot)
  File "D:\pythonProject\Deadshot - ModMail\cogs\ModMail.py", line 129, in invite_message
    invite = await bot.fetch_invite(einladung)
             ^^^^^^^^^^^^^^^^^^^^^^^^^^^^^^^^^
  File "D:\pythonProject\Deadshot - ModMail\venv\Lib\site-packages\discord\client.py", line 1657, in fetch_invite
    resolved = utils.resolve_invite(url)
               ^^^^^^^^^^^^^^^^^^^^^^^^^
  File "D:\pythonProject\Deadshot - ModMail\venv\Lib\site-packages\discord\utils.py", line 830, in resolve_invite
    m = re.match(rx, invite)
        ^^^^^^^^^^^^^^^^^^^^
  File "C:\Users\lucab\AppData\Local\Programs\Python\Python311\Lib\re\__init__.py", line 166, in match
    return _compile(pattern, flags).match(string)
           ^^^^^^^^^^^^^^^^^^^^^^^^^^^^^^^^^^^^^^
TypeError: expected string or bytes-like object, got 'list'
[2023-02-03 17:59:43] [ERROR   ] discord.client: Ignoring exception in on_message
Traceback (most recent call last):
  File "D:\pythonProject\Deadshot - ModMail\venv\Lib\site-packages\discord\client.py", line 409, in _run_event
    await coro(*args, **kwargs)
  File "D:\pythonProject\Deadshot - ModMail\cogs\ModMail.py", line 685, in on_message
    await invite_message(message, result, channel, self.bot)
  File "D:\pythonProject\Deadshot - ModMail\cogs\ModMail.py", line 129, in invite_message
    invite = await bot.fetch_invite(einladung)
             ^^^^^^^^^^^^^^^^^^^^^^^^^^^^^^^^^
  File "D:\pythonProject\Deadshot - ModMail\venv\Lib\site-packages\discord\client.py", line 1657, in fetch_invite
    resolved = utils.resolve_invite(url)
               ^^^^^^^^^^^^^^^^^^^^^^^^^
  File "D:\pythonProject\Deadshot - ModMail\venv\Lib\site-packages\discord\utils.py", line 830, in resolve_invite
    m = re.match(rx, invite)
        ^^^^^^^^^^^^^^^^^^^^
  File "C:\Users\lucab\AppData\Local\Programs\Python\Python311\Lib\re\__init__.py", line 166, in match
    return _compile(pattern, flags).match(string)
           ^^^^^^^^^^^^^^^^^^^^^^^^^^^^^^^^^^^^^^
TypeError: expected string or bytes-like object, got 'list'
[2023-02-03 18:01:09] [INFO    ] discord.gateway: Shard ID None has connected to Gateway (Session ID: a38a8e5ca3f8b7e772cb3ca8ef588378).
[2023-02-03 18:01:12] [ERROR   ] discord.client: Ignoring exception in on_message
Traceback (most recent call last):
  File "D:\pythonProject\Deadshot - ModMail\venv\Lib\site-packages\discord\client.py", line 409, in _run_event
    await coro(*args, **kwargs)
  File "D:\pythonProject\Deadshot - ModMail\cogs\ModMail.py", line 685, in on_message
    await invite_message(message, result, channel, self.bot)
  File "D:\pythonProject\Deadshot - ModMail\cogs\ModMail.py", line 129, in invite_message
    invite = await bot.fetch_invite(str(einladung))
             ^^^^^^^^^^^^^^^^^^^^^^^^^^^^^^^^^^^^^^
  File "D:\pythonProject\Deadshot - ModMail\venv\Lib\site-packages\discord\client.py", line 1664, in fetch_invite
    data = await self.http.get_invite(
           ^^^^^^^^^^^^^^^^^^^^^^^^^^^
  File "D:\pythonProject\Deadshot - ModMail\venv\Lib\site-packages\discord\http.py", line 740, in request
    raise NotFound(response, data)
discord.errors.NotFound: 404 Not Found (error code: 0): 404: Not Found
[2023-02-03 18:01:40] [INFO    ] discord: Reloaded 'ModMail' | Ausgeführt von Luca♛#7857
[2023-02-03 18:01:43] [ERROR   ] discord.client: Ignoring exception in on_message
Traceback (most recent call last):
  File "D:\pythonProject\Deadshot - ModMail\venv\Lib\site-packages\discord\client.py", line 409, in _run_event
    await coro(*args, **kwargs)
  File "D:\pythonProject\Deadshot - ModMail\cogs\ModMail.py", line 686, in on_message
    await invite_message(message, result, channel, self.bot)
  File "D:\pythonProject\Deadshot - ModMail\cogs\ModMail.py", line 129, in invite_message
    invite = await bot.fetch_invite(str(einladung))
             ^^^^^^^^^^^^^^^^^^^^^^^^^^^^^^^^^^^^^^
  File "D:\pythonProject\Deadshot - ModMail\venv\Lib\site-packages\discord\client.py", line 1664, in fetch_invite
    data = await self.http.get_invite(
           ^^^^^^^^^^^^^^^^^^^^^^^^^^^
  File "D:\pythonProject\Deadshot - ModMail\venv\Lib\site-packages\discord\http.py", line 740, in request
    raise NotFound(response, data)
discord.errors.NotFound: 404 Not Found (error code: 0): 404: Not Found
[2023-02-03 18:01:52] [INFO    ] discord.gateway: Shard ID None has connected to Gateway (Session ID: 3865e912694f742314d7f1691405db9e).
[2023-02-03 18:01:56] [ERROR   ] discord.client: Ignoring exception in on_message
Traceback (most recent call last):
  File "D:\pythonProject\Deadshot - ModMail\venv\Lib\site-packages\discord\client.py", line 409, in _run_event
    await coro(*args, **kwargs)
  File "D:\pythonProject\Deadshot - ModMail\cogs\ModMail.py", line 686, in on_message
    await invite_message(message, result, channel, self.bot)
  File "D:\pythonProject\Deadshot - ModMail\cogs\ModMail.py", line 129, in invite_message
    invite = await bot.fetch_invite(str(einladung))
             ^^^^^^^^^^^^^^^^^^^^^^^^^^^^^^^^^^^^^^
  File "D:\pythonProject\Deadshot - ModMail\venv\Lib\site-packages\discord\client.py", line 1664, in fetch_invite
    data = await self.http.get_invite(
           ^^^^^^^^^^^^^^^^^^^^^^^^^^^
  File "D:\pythonProject\Deadshot - ModMail\venv\Lib\site-packages\discord\http.py", line 740, in request
    raise NotFound(response, data)
discord.errors.NotFound: 404 Not Found (error code: 0): 404: Not Found
[2023-02-03 18:02:12] [INFO    ] discord.gateway: Shard ID None has connected to Gateway (Session ID: 2fb99c03abd220756502f1f2633b7d69).
[2023-02-03 18:02:15] [ERROR   ] discord.client: Ignoring exception in on_message
Traceback (most recent call last):
  File "D:\pythonProject\Deadshot - ModMail\venv\Lib\site-packages\discord\client.py", line 409, in _run_event
    await coro(*args, **kwargs)
  File "D:\pythonProject\Deadshot - ModMail\cogs\ModMail.py", line 686, in on_message
    await invite_message(message, result, channel, self.bot)
  File "D:\pythonProject\Deadshot - ModMail\cogs\ModMail.py", line 129, in invite_message
    invite = await bot.fetch_invite(str(einladung))
             ^^^^^^^^^^^^^^^^^^^^^^^^^^^^^^^^^^^^^^
  File "D:\pythonProject\Deadshot - ModMail\venv\Lib\site-packages\discord\client.py", line 1664, in fetch_invite
    data = await self.http.get_invite(
           ^^^^^^^^^^^^^^^^^^^^^^^^^^^
  File "D:\pythonProject\Deadshot - ModMail\venv\Lib\site-packages\discord\http.py", line 740, in request
    raise NotFound(response, data)
discord.errors.NotFound: 404 Not Found (error code: 0): 404: Not Found
[2023-02-03 18:03:34] [INFO    ] discord: Reloaded 'ModMail' | Ausgeführt von Luca♛#7857
[2023-02-03 18:05:33] [INFO    ] discord.gateway: Shard ID None has connected to Gateway (Session ID: d658b0e77c5d6301f8544b8ac697eb7f).
[2023-02-03 18:07:07] [INFO    ] discord.gateway: Shard ID None has connected to Gateway (Session ID: 6a19fe054a4d79845a632dfdcbbbf724).
[2023-02-03 18:08:02] [INFO    ] discord.gateway: Shard ID None has connected to Gateway (Session ID: 2f26454e0eb689c755f9eb4d70195bfb).
[2023-02-03 19:12:33] [ERROR   ] discord.client: Ignoring exception in on_guild_channel_delete
Traceback (most recent call last):
  File "D:\pythonProject\Deadshot - ModMail\venv\Lib\site-packages\discord\client.py", line 409, in _run_event
    await coro(*args, **kwargs)
  File "D:\pythonProject\Deadshot - ModMail\cogs\events.py", line 219, in on_guild_channel_delete
    await log_channel.send(embed=embed)
          ^^^^^^^^^^^^^^^^
AttributeError: 'NoneType' object has no attribute 'send'
[2023-02-03 19:49:05] [ERROR   ] discord.client: Ignoring exception in on_guild_channel_delete
Traceback (most recent call last):
  File "D:\pythonProject\Deadshot - ModMail\venv\Lib\site-packages\discord\client.py", line 409, in _run_event
    await coro(*args, **kwargs)
  File "D:\pythonProject\Deadshot - ModMail\cogs\events.py", line 219, in on_guild_channel_delete
    await log_channel.send(embed=embed)
          ^^^^^^^^^^^^^^^^
AttributeError: 'NoneType' object has no attribute 'send'
[2023-02-03 19:49:08] [ERROR   ] discord.client: Ignoring exception in on_guild_channel_delete
Traceback (most recent call last):
  File "D:\pythonProject\Deadshot - ModMail\venv\Lib\site-packages\discord\client.py", line 409, in _run_event
    await coro(*args, **kwargs)
  File "D:\pythonProject\Deadshot - ModMail\cogs\events.py", line 219, in on_guild_channel_delete
    await log_channel.send(embed=embed)
          ^^^^^^^^^^^^^^^^
AttributeError: 'NoneType' object has no attribute 'send'
[2023-02-03 21:08:12] [INFO    ] discord.gateway: Shard ID None has connected to Gateway (Session ID: 0fe514547e48295a18878885c5560d48).
[2023-02-03 21:08:49] [INFO    ] discord.gateway: Shard ID None session has been invalidated.
[2023-02-03 21:09:05] [INFO    ] discord.gateway: Shard ID None has connected to Gateway (Session ID: d54442823e522b04ec81123c420ec293).
[2023-02-03 21:39:46] [INFO    ] discord.gateway: Shard ID None has connected to Gateway (Session ID: c4306d9701dcb93690ff6edfb936af0f).
[2023-02-22 19:35:53] [INFO    ] discord.gateway: Shard ID None has connected to Gateway (Session ID: f0f4e74a924bd6ed75e8f0ceb7aabb92).
[2023-03-04 20:02:42] [INFO    ] discord.gateway: Shard ID None has connected to Gateway (Session ID: 1ec6e9f75e279398a9159d1a9f94e384).
[2023-03-04 20:55:57] [INFO    ] discord.gateway: Shard ID None has connected to Gateway (Session ID: 3739ec15947525f47c9869b1e0b6337d).
[2023-03-04 20:56:10] [ERROR   ] discord.ext.commands.bot: Ignoring exception in command ban
Traceback (most recent call last):
  File "D:\pythonProject\Deadshot - ModMail\venv\Lib\site-packages\discord\ext\commands\core.py", line 229, in wrapped
    ret = await coro(*args, **kwargs)
          ^^^^^^^^^^^^^^^^^^^^^^^^^^^
  File "D:\pythonProject\Deadshot - ModMail\cogs\test.py", line 19, in ban
    "memberID" : f"{member.id}",
                    ^^^^^^^^^
AttributeError: 'Context' object has no attribute 'id'

The above exception was the direct cause of the following exception:

Traceback (most recent call last):
  File "D:\pythonProject\Deadshot - ModMail\venv\Lib\site-packages\discord\ext\commands\bot.py", line 1349, in invoke
    await ctx.command.invoke(ctx)
  File "D:\pythonProject\Deadshot - ModMail\venv\Lib\site-packages\discord\ext\commands\core.py", line 1023, in invoke
    await injected(*ctx.args, **ctx.kwargs)  # type: ignore
    ^^^^^^^^^^^^^^^^^^^^^^^^^^^^^^^^^^^^^^^
  File "D:\pythonProject\Deadshot - ModMail\venv\Lib\site-packages\discord\ext\commands\core.py", line 238, in wrapped
    raise CommandInvokeError(exc) from exc
discord.ext.commands.errors.CommandInvokeError: Command raised an exception: AttributeError: 'Context' object has no attribute 'id'
[2023-03-04 20:56:29] [INFO    ] discord.gateway: Shard ID None has connected to Gateway (Session ID: c4a93e34a6b3fcbe3186e7365779ed6b).
[2023-03-04 20:56:32] [ERROR   ] discord.ext.commands.bot: Ignoring exception in command ban
Traceback (most recent call last):
  File "D:\pythonProject\Deadshot - ModMail\venv\Lib\site-packages\discord\ext\commands\core.py", line 229, in wrapped
    ret = await coro(*args, **kwargs)
          ^^^^^^^^^^^^^^^^^^^^^^^^^^^
  File "D:\pythonProject\Deadshot - ModMail\cogs\test.py", line 20, in ban
    "memberID" : f"{member.id}",
                    ^^^^^^^^^
AttributeError: 'Context' object has no attribute 'id'

The above exception was the direct cause of the following exception:

Traceback (most recent call last):
  File "D:\pythonProject\Deadshot - ModMail\venv\Lib\site-packages\discord\ext\commands\bot.py", line 1349, in invoke
    await ctx.command.invoke(ctx)
  File "D:\pythonProject\Deadshot - ModMail\venv\Lib\site-packages\discord\ext\commands\core.py", line 1023, in invoke
    await injected(*ctx.args, **ctx.kwargs)  # type: ignore
    ^^^^^^^^^^^^^^^^^^^^^^^^^^^^^^^^^^^^^^^
  File "D:\pythonProject\Deadshot - ModMail\venv\Lib\site-packages\discord\ext\commands\core.py", line 238, in wrapped
    raise CommandInvokeError(exc) from exc
discord.ext.commands.errors.CommandInvokeError: Command raised an exception: AttributeError: 'Context' object has no attribute 'id'
[2023-03-04 20:57:20] [ERROR   ] discord.ext.commands.bot: Ignoring exception in command ban
Traceback (most recent call last):
  File "D:\pythonProject\Deadshot - ModMail\venv\Lib\site-packages\discord\ext\commands\core.py", line 229, in wrapped
    ret = await coro(*args, **kwargs)
          ^^^^^^^^^^^^^^^^^^^^^^^^^^^
  File "D:\pythonProject\Deadshot - ModMail\cogs\test.py", line 20, in ban
    "memberID": f"{member.id}",
                    ^^^^^^^^^
AttributeError: 'Context' object has no attribute 'id'

The above exception was the direct cause of the following exception:

Traceback (most recent call last):
  File "D:\pythonProject\Deadshot - ModMail\venv\Lib\site-packages\discord\ext\commands\bot.py", line 1349, in invoke
    await ctx.command.invoke(ctx)
  File "D:\pythonProject\Deadshot - ModMail\venv\Lib\site-packages\discord\ext\commands\core.py", line 1023, in invoke
    await injected(*ctx.args, **ctx.kwargs)  # type: ignore
    ^^^^^^^^^^^^^^^^^^^^^^^^^^^^^^^^^^^^^^^
  File "D:\pythonProject\Deadshot - ModMail\venv\Lib\site-packages\discord\ext\commands\core.py", line 238, in wrapped
    raise CommandInvokeError(exc) from exc
discord.ext.commands.errors.CommandInvokeError: Command raised an exception: AttributeError: 'Context' object has no attribute 'id'
[2023-03-04 20:57:32] [ERROR   ] discord.ext.commands.bot: Ignoring exception in command ban
Traceback (most recent call last):
  File "D:\pythonProject\Deadshot - ModMail\venv\Lib\site-packages\discord\ext\commands\core.py", line 229, in wrapped
    ret = await coro(*args, **kwargs)
          ^^^^^^^^^^^^^^^^^^^^^^^^^^^
  File "D:\pythonProject\Deadshot - ModMail\cogs\test.py", line 20, in ban
    "memberID": f"{member.id}",
                    ^^^^^^^^^
AttributeError: 'Context' object has no attribute 'id'

The above exception was the direct cause of the following exception:

Traceback (most recent call last):
  File "D:\pythonProject\Deadshot - ModMail\venv\Lib\site-packages\discord\ext\commands\bot.py", line 1349, in invoke
    await ctx.command.invoke(ctx)
  File "D:\pythonProject\Deadshot - ModMail\venv\Lib\site-packages\discord\ext\commands\core.py", line 1023, in invoke
    await injected(*ctx.args, **ctx.kwargs)  # type: ignore
    ^^^^^^^^^^^^^^^^^^^^^^^^^^^^^^^^^^^^^^^
  File "D:\pythonProject\Deadshot - ModMail\venv\Lib\site-packages\discord\ext\commands\core.py", line 238, in wrapped
    raise CommandInvokeError(exc) from exc
discord.ext.commands.errors.CommandInvokeError: Command raised an exception: AttributeError: 'Context' object has no attribute 'id'
[2023-03-04 20:58:15] [INFO    ] discord.gateway: Shard ID None has connected to Gateway (Session ID: 3a30343fae3e7fa697438793cc36c792).
[2023-03-04 20:58:19] [ERROR   ] discord.ext.commands.bot: Ignoring exception in command ban
Traceback (most recent call last):
  File "D:\pythonProject\Deadshot - ModMail\venv\Lib\site-packages\discord\ext\commands\core.py", line 229, in wrapped
    ret = await coro(*args, **kwargs)
          ^^^^^^^^^^^^^^^^^^^^^^^^^^^
  File "D:\pythonProject\Deadshot - ModMail\cogs\test.py", line 20, in ban
    "memberID": f"{member.id}",
                   ^^^^^^^^^
AttributeError: 'Context' object has no attribute 'id'

The above exception was the direct cause of the following exception:

Traceback (most recent call last):
  File "D:\pythonProject\Deadshot - ModMail\venv\Lib\site-packages\discord\ext\commands\bot.py", line 1349, in invoke
    await ctx.command.invoke(ctx)
  File "D:\pythonProject\Deadshot - ModMail\venv\Lib\site-packages\discord\ext\commands\core.py", line 1023, in invoke
    await injected(*ctx.args, **ctx.kwargs)  # type: ignore
    ^^^^^^^^^^^^^^^^^^^^^^^^^^^^^^^^^^^^^^^
  File "D:\pythonProject\Deadshot - ModMail\venv\Lib\site-packages\discord\ext\commands\core.py", line 238, in wrapped
    raise CommandInvokeError(exc) from exc
discord.ext.commands.errors.CommandInvokeError: Command raised an exception: AttributeError: 'Context' object has no attribute 'id'
[2023-03-04 20:58:27] [ERROR   ] discord.ext.commands.bot: Ignoring exception in command ban
Traceback (most recent call last):
  File "D:\pythonProject\Deadshot - ModMail\venv\Lib\site-packages\discord\ext\commands\core.py", line 229, in wrapped
    ret = await coro(*args, **kwargs)
          ^^^^^^^^^^^^^^^^^^^^^^^^^^^
  File "D:\pythonProject\Deadshot - ModMail\cogs\test.py", line 20, in ban
    "memberID": f"{member.id}",
                   ^^^^^^^^^
AttributeError: 'Context' object has no attribute 'id'

The above exception was the direct cause of the following exception:

Traceback (most recent call last):
  File "D:\pythonProject\Deadshot - ModMail\venv\Lib\site-packages\discord\ext\commands\bot.py", line 1349, in invoke
    await ctx.command.invoke(ctx)
  File "D:\pythonProject\Deadshot - ModMail\venv\Lib\site-packages\discord\ext\commands\core.py", line 1023, in invoke
    await injected(*ctx.args, **ctx.kwargs)  # type: ignore
    ^^^^^^^^^^^^^^^^^^^^^^^^^^^^^^^^^^^^^^^
  File "D:\pythonProject\Deadshot - ModMail\venv\Lib\site-packages\discord\ext\commands\core.py", line 238, in wrapped
    raise CommandInvokeError(exc) from exc
discord.ext.commands.errors.CommandInvokeError: Command raised an exception: AttributeError: 'Context' object has no attribute 'id'
[2023-03-04 20:59:04] [INFO    ] discord.gateway: Shard ID None has connected to Gateway (Session ID: 8a451c823f828a34156bb5c037a784a8).
[2023-03-04 20:59:07] [ERROR   ] discord.ext.commands.bot: Ignoring exception in command ban
Traceback (most recent call last):
  File "D:\pythonProject\Deadshot - ModMail\venv\Lib\site-packages\discord\ext\commands\core.py", line 229, in wrapped
    ret = await coro(*args, **kwargs)
          ^^^^^^^^^^^^^^^^^^^^^^^^^^^
  File "D:\pythonProject\Deadshot - ModMail\cogs\test.py", line 20, in ban
    "memberID": f"{member.id}",
                   ^^^^^^^^^
AttributeError: 'Context' object has no attribute 'id'

The above exception was the direct cause of the following exception:

Traceback (most recent call last):
  File "D:\pythonProject\Deadshot - ModMail\venv\Lib\site-packages\discord\ext\commands\bot.py", line 1349, in invoke
    await ctx.command.invoke(ctx)
  File "D:\pythonProject\Deadshot - ModMail\venv\Lib\site-packages\discord\ext\commands\core.py", line 1023, in invoke
    await injected(*ctx.args, **ctx.kwargs)  # type: ignore
    ^^^^^^^^^^^^^^^^^^^^^^^^^^^^^^^^^^^^^^^
  File "D:\pythonProject\Deadshot - ModMail\venv\Lib\site-packages\discord\ext\commands\core.py", line 238, in wrapped
    raise CommandInvokeError(exc) from exc
discord.ext.commands.errors.CommandInvokeError: Command raised an exception: AttributeError: 'Context' object has no attribute 'id'
[2023-03-04 21:00:10] [INFO    ] discord.gateway: Shard ID None has connected to Gateway (Session ID: 521d1873a26e173399acff2645d6ff32).
[2023-03-04 21:00:13] [ERROR   ] discord.ext.commands.bot: Ignoring exception in command ban
Traceback (most recent call last):
  File "D:\pythonProject\Deadshot - ModMail\venv\Lib\site-packages\discord\ext\commands\core.py", line 229, in wrapped
    ret = await coro(*args, **kwargs)
          ^^^^^^^^^^^^^^^^^^^^^^^^^^^
  File "D:\pythonProject\Deadshot - ModMail\cogs\test.py", line 20, in ban
    "memberID": f"{member.id}",
                   ^^^^^^^^^
AttributeError: 'Context' object has no attribute 'id'

The above exception was the direct cause of the following exception:

Traceback (most recent call last):
  File "D:\pythonProject\Deadshot - ModMail\venv\Lib\site-packages\discord\ext\commands\bot.py", line 1349, in invoke
    await ctx.command.invoke(ctx)
  File "D:\pythonProject\Deadshot - ModMail\venv\Lib\site-packages\discord\ext\commands\core.py", line 1023, in invoke
    await injected(*ctx.args, **ctx.kwargs)  # type: ignore
    ^^^^^^^^^^^^^^^^^^^^^^^^^^^^^^^^^^^^^^^
  File "D:\pythonProject\Deadshot - ModMail\venv\Lib\site-packages\discord\ext\commands\core.py", line 238, in wrapped
    raise CommandInvokeError(exc) from exc
discord.ext.commands.errors.CommandInvokeError: Command raised an exception: AttributeError: 'Context' object has no attribute 'id'
[2023-03-04 21:00:23] [ERROR   ] discord.ext.commands.bot: Ignoring exception in command ban
Traceback (most recent call last):
  File "D:\pythonProject\Deadshot - ModMail\venv\Lib\site-packages\discord\ext\commands\core.py", line 229, in wrapped
    ret = await coro(*args, **kwargs)
          ^^^^^^^^^^^^^^^^^^^^^^^^^^^
  File "D:\pythonProject\Deadshot - ModMail\cogs\test.py", line 20, in ban
    "memberID": f"{member.id}",
                   ^^^^^^^^^
AttributeError: 'Context' object has no attribute 'id'

The above exception was the direct cause of the following exception:

Traceback (most recent call last):
  File "D:\pythonProject\Deadshot - ModMail\venv\Lib\site-packages\discord\ext\commands\bot.py", line 1349, in invoke
    await ctx.command.invoke(ctx)
  File "D:\pythonProject\Deadshot - ModMail\venv\Lib\site-packages\discord\ext\commands\core.py", line 1023, in invoke
    await injected(*ctx.args, **ctx.kwargs)  # type: ignore
    ^^^^^^^^^^^^^^^^^^^^^^^^^^^^^^^^^^^^^^^
  File "D:\pythonProject\Deadshot - ModMail\venv\Lib\site-packages\discord\ext\commands\core.py", line 238, in wrapped
    raise CommandInvokeError(exc) from exc
discord.ext.commands.errors.CommandInvokeError: Command raised an exception: AttributeError: 'Context' object has no attribute 'id'
[2023-03-04 21:01:17] [INFO    ] discord.gateway: Shard ID None has connected to Gateway (Session ID: 142656593dab158e93d23e107b346056).
[2023-03-04 21:01:20] [ERROR   ] discord.ext.commands.bot: Ignoring exception in command ban
Traceback (most recent call last):
  File "D:\pythonProject\Deadshot - ModMail\venv\Lib\site-packages\discord\ext\commands\core.py", line 229, in wrapped
    ret = await coro(*args, **kwargs)
          ^^^^^^^^^^^^^^^^^^^^^^^^^^^
  File "D:\pythonProject\Deadshot - ModMail\cogs\test.py", line 20, in ban
    "memberID": f"{member.id}",
                   ^^^^^^^^^
AttributeError: 'Context' object has no attribute 'id'

The above exception was the direct cause of the following exception:

Traceback (most recent call last):
  File "D:\pythonProject\Deadshot - ModMail\venv\Lib\site-packages\discord\ext\commands\bot.py", line 1349, in invoke
    await ctx.command.invoke(ctx)
  File "D:\pythonProject\Deadshot - ModMail\venv\Lib\site-packages\discord\ext\commands\core.py", line 1023, in invoke
    await injected(*ctx.args, **ctx.kwargs)  # type: ignore
    ^^^^^^^^^^^^^^^^^^^^^^^^^^^^^^^^^^^^^^^
  File "D:\pythonProject\Deadshot - ModMail\venv\Lib\site-packages\discord\ext\commands\core.py", line 238, in wrapped
    raise CommandInvokeError(exc) from exc
discord.ext.commands.errors.CommandInvokeError: Command raised an exception: AttributeError: 'Context' object has no attribute 'id'
[2023-03-04 21:02:22] [INFO    ] discord.gateway: Shard ID None has connected to Gateway (Session ID: 6031ae0a822ab9b28c1f8a3279b34c9f).
[2023-03-04 21:02:25] [ERROR   ] discord.ext.commands.bot: Ignoring exception in command ban
Traceback (most recent call last):
  File "D:\pythonProject\Deadshot - ModMail\venv\Lib\site-packages\discord\ext\commands\core.py", line 229, in wrapped
    ret = await coro(*args, **kwargs)
          ^^^^^^^^^^^^^^^^^^^^^^^^^^^
  File "D:\pythonProject\Deadshot - ModMail\cogs\test.py", line 20, in ban
    "memberID": f"{member.id}",
                   ^^^^^^^^^
AttributeError: 'Context' object has no attribute 'id'

The above exception was the direct cause of the following exception:

Traceback (most recent call last):
  File "D:\pythonProject\Deadshot - ModMail\venv\Lib\site-packages\discord\ext\commands\bot.py", line 1349, in invoke
    await ctx.command.invoke(ctx)
  File "D:\pythonProject\Deadshot - ModMail\venv\Lib\site-packages\discord\ext\commands\core.py", line 1023, in invoke
    await injected(*ctx.args, **ctx.kwargs)  # type: ignore
    ^^^^^^^^^^^^^^^^^^^^^^^^^^^^^^^^^^^^^^^
  File "D:\pythonProject\Deadshot - ModMail\venv\Lib\site-packages\discord\ext\commands\core.py", line 238, in wrapped
    raise CommandInvokeError(exc) from exc
discord.ext.commands.errors.CommandInvokeError: Command raised an exception: AttributeError: 'Context' object has no attribute 'id'
[2023-03-05 15:14:07] [INFO    ] discord.gateway: Shard ID None has connected to Gateway (Session ID: dc7b3b937516de776615aa3d30814e11).
[2023-03-05 15:33:12] [ERROR   ] discord.app_commands.tree: Ignoring exception in command 'bestenliste'
Traceback (most recent call last):
  File "D:\pythonProject\Deadshot - ModMail\venv\Lib\site-packages\discord\app_commands\commands.py", line 861, in _do_call
    return await self._callback(self.binding, interaction, **params)  # type: ignore
           ^^^^^^^^^^^^^^^^^^^^^^^^^^^^^^^^^^^^^^^^^^^^^^^^^^^^^^^^^
  File "D:\pythonProject\Deadshot - ModMail\cogs\info.py", line 727, in bestenliste
    data += f"{i}. {user.mention}  __Tickets__: `{daten[1]}`\n"
                    ^^^^^^^^^^^^
AttributeError: 'NoneType' object has no attribute 'mention'

The above exception was the direct cause of the following exception:

Traceback (most recent call last):
  File "D:\pythonProject\Deadshot - ModMail\venv\Lib\site-packages\discord\app_commands\tree.py", line 1242, in _call
    await command._invoke_with_namespace(interaction, namespace)
  File "D:\pythonProject\Deadshot - ModMail\venv\Lib\site-packages\discord\app_commands\commands.py", line 887, in _invoke_with_namespace
    return await self._do_call(interaction, transformed_values)
           ^^^^^^^^^^^^^^^^^^^^^^^^^^^^^^^^^^^^^^^^^^^^^^^^^^^^
  File "D:\pythonProject\Deadshot - ModMail\venv\Lib\site-packages\discord\app_commands\commands.py", line 880, in _do_call
    raise CommandInvokeError(self, e) from e
discord.app_commands.errors.CommandInvokeError: Command 'bestenliste' raised an exception: AttributeError: 'NoneType' object has no attribute 'mention'
[2023-03-05 15:33:16] [ERROR   ] discord.app_commands.tree: Ignoring exception in command 'bestenliste'
Traceback (most recent call last):
  File "D:\pythonProject\Deadshot - ModMail\venv\Lib\site-packages\discord\app_commands\commands.py", line 861, in _do_call
    return await self._callback(self.binding, interaction, **params)  # type: ignore
           ^^^^^^^^^^^^^^^^^^^^^^^^^^^^^^^^^^^^^^^^^^^^^^^^^^^^^^^^^
  File "D:\pythonProject\Deadshot - ModMail\cogs\info.py", line 738, in bestenliste
    data += f"{i}. {user.mention}  __Tickets__: `{daten[1]}`\n"
                    ^^^^^^^^^^^^
AttributeError: 'NoneType' object has no attribute 'mention'

The above exception was the direct cause of the following exception:

Traceback (most recent call last):
  File "D:\pythonProject\Deadshot - ModMail\venv\Lib\site-packages\discord\app_commands\tree.py", line 1242, in _call
    await command._invoke_with_namespace(interaction, namespace)
  File "D:\pythonProject\Deadshot - ModMail\venv\Lib\site-packages\discord\app_commands\commands.py", line 887, in _invoke_with_namespace
    return await self._do_call(interaction, transformed_values)
           ^^^^^^^^^^^^^^^^^^^^^^^^^^^^^^^^^^^^^^^^^^^^^^^^^^^^
  File "D:\pythonProject\Deadshot - ModMail\venv\Lib\site-packages\discord\app_commands\commands.py", line 880, in _do_call
    raise CommandInvokeError(self, e) from e
discord.app_commands.errors.CommandInvokeError: Command 'bestenliste' raised an exception: AttributeError: 'NoneType' object has no attribute 'mention'
[2023-03-05 15:33:48] [ERROR   ] discord.app_commands.tree: Ignoring exception in command 'bestenliste'
Traceback (most recent call last):
  File "D:\pythonProject\Deadshot - ModMail\venv\Lib\site-packages\discord\app_commands\commands.py", line 861, in _do_call
    return await self._callback(self.binding, interaction, **params)  # type: ignore
           ^^^^^^^^^^^^^^^^^^^^^^^^^^^^^^^^^^^^^^^^^^^^^^^^^^^^^^^^^
  File "D:\pythonProject\Deadshot - ModMail\cogs\info.py", line 727, in bestenliste
    data += f"{i}. {user.mention}  __Tickets__: `{daten[1]}`\n"
                    ^^^^^^^^^^^^
AttributeError: 'NoneType' object has no attribute 'mention'

The above exception was the direct cause of the following exception:

Traceback (most recent call last):
  File "D:\pythonProject\Deadshot - ModMail\venv\Lib\site-packages\discord\app_commands\tree.py", line 1242, in _call
    await command._invoke_with_namespace(interaction, namespace)
  File "D:\pythonProject\Deadshot - ModMail\venv\Lib\site-packages\discord\app_commands\commands.py", line 887, in _invoke_with_namespace
    return await self._do_call(interaction, transformed_values)
           ^^^^^^^^^^^^^^^^^^^^^^^^^^^^^^^^^^^^^^^^^^^^^^^^^^^^
  File "D:\pythonProject\Deadshot - ModMail\venv\Lib\site-packages\discord\app_commands\commands.py", line 880, in _do_call
    raise CommandInvokeError(self, e) from e
discord.app_commands.errors.CommandInvokeError: Command 'bestenliste' raised an exception: AttributeError: 'NoneType' object has no attribute 'mention'
[2023-03-05 15:33:53] [ERROR   ] discord.app_commands.tree: Ignoring exception in command 'bestenliste'
Traceback (most recent call last):
  File "D:\pythonProject\Deadshot - ModMail\venv\Lib\site-packages\discord\app_commands\commands.py", line 861, in _do_call
    return await self._callback(self.binding, interaction, **params)  # type: ignore
           ^^^^^^^^^^^^^^^^^^^^^^^^^^^^^^^^^^^^^^^^^^^^^^^^^^^^^^^^^
  File "D:\pythonProject\Deadshot - ModMail\cogs\info.py", line 727, in bestenliste
    data += f"{i}. {user.mention}  __Tickets__: `{daten[1]}`\n"
                    ^^^^^^^^^^^^
AttributeError: 'NoneType' object has no attribute 'mention'

The above exception was the direct cause of the following exception:

Traceback (most recent call last):
  File "D:\pythonProject\Deadshot - ModMail\venv\Lib\site-packages\discord\app_commands\tree.py", line 1242, in _call
    await command._invoke_with_namespace(interaction, namespace)
  File "D:\pythonProject\Deadshot - ModMail\venv\Lib\site-packages\discord\app_commands\commands.py", line 887, in _invoke_with_namespace
    return await self._do_call(interaction, transformed_values)
           ^^^^^^^^^^^^^^^^^^^^^^^^^^^^^^^^^^^^^^^^^^^^^^^^^^^^
  File "D:\pythonProject\Deadshot - ModMail\venv\Lib\site-packages\discord\app_commands\commands.py", line 880, in _do_call
    raise CommandInvokeError(self, e) from e
discord.app_commands.errors.CommandInvokeError: Command 'bestenliste' raised an exception: AttributeError: 'NoneType' object has no attribute 'mention'
[2023-03-05 15:34:20] [INFO    ] discord: Reloaded 'info' | Ausgeführt von Luca♛#7857
[2023-03-05 15:34:27] [ERROR   ] discord.app_commands.tree: Ignoring exception in command 'bestenliste'
Traceback (most recent call last):
  File "D:\pythonProject\Deadshot - ModMail\venv\Lib\site-packages\discord\app_commands\commands.py", line 861, in _do_call
    return await self._callback(self.binding, interaction, **params)  # type: ignore
           ^^^^^^^^^^^^^^^^^^^^^^^^^^^^^^^^^^^^^^^^^^^^^^^^^^^^^^^^^
  File "D:\pythonProject\Deadshot - ModMail\cogs\info.py", line 727, in bestenliste
    data += f"{i}. {user.mention}  __Tickets__: `{daten[1]}`\n"
                    ^^^^^^^^^^^^
AttributeError: 'NoneType' object has no attribute 'mention'

The above exception was the direct cause of the following exception:

Traceback (most recent call last):
  File "D:\pythonProject\Deadshot - ModMail\venv\Lib\site-packages\discord\app_commands\tree.py", line 1242, in _call
    await command._invoke_with_namespace(interaction, namespace)
  File "D:\pythonProject\Deadshot - ModMail\venv\Lib\site-packages\discord\app_commands\commands.py", line 887, in _invoke_with_namespace
    return await self._do_call(interaction, transformed_values)
           ^^^^^^^^^^^^^^^^^^^^^^^^^^^^^^^^^^^^^^^^^^^^^^^^^^^^
  File "D:\pythonProject\Deadshot - ModMail\venv\Lib\site-packages\discord\app_commands\commands.py", line 880, in _do_call
    raise CommandInvokeError(self, e) from e
discord.app_commands.errors.CommandInvokeError: Command 'bestenliste' raised an exception: AttributeError: 'NoneType' object has no attribute 'mention'
[2023-03-05 15:35:06] [INFO    ] discord: Reloaded 'info' | Ausgeführt von Luca♛#7857
[2023-03-05 15:35:08] [ERROR   ] discord.app_commands.tree: Ignoring exception in command 'bestenliste'
Traceback (most recent call last):
  File "D:\pythonProject\Deadshot - ModMail\venv\Lib\site-packages\discord\app_commands\commands.py", line 861, in _do_call
    return await self._callback(self.binding, interaction, **params)  # type: ignore
           ^^^^^^^^^^^^^^^^^^^^^^^^^^^^^^^^^^^^^^^^^^^^^^^^^^^^^^^^^
  File "D:\pythonProject\Deadshot - ModMail\cogs\info.py", line 729, in bestenliste
    data += f"{i}. {user.mention}  __Tickets__: `{daten[1]}`\n"
                    ^^^^^^^^^^^^
AttributeError: 'NoneType' object has no attribute 'mention'

The above exception was the direct cause of the following exception:

Traceback (most recent call last):
  File "D:\pythonProject\Deadshot - ModMail\venv\Lib\site-packages\discord\app_commands\tree.py", line 1242, in _call
    await command._invoke_with_namespace(interaction, namespace)
  File "D:\pythonProject\Deadshot - ModMail\venv\Lib\site-packages\discord\app_commands\commands.py", line 887, in _invoke_with_namespace
    return await self._do_call(interaction, transformed_values)
           ^^^^^^^^^^^^^^^^^^^^^^^^^^^^^^^^^^^^^^^^^^^^^^^^^^^^
  File "D:\pythonProject\Deadshot - ModMail\venv\Lib\site-packages\discord\app_commands\commands.py", line 880, in _do_call
    raise CommandInvokeError(self, e) from e
discord.app_commands.errors.CommandInvokeError: Command 'bestenliste' raised an exception: AttributeError: 'NoneType' object has no attribute 'mention'
[2023-03-05 15:35:24] [INFO    ] discord: Reloaded 'info' | Ausgeführt von Luca♛#7857
[2023-03-05 15:35:26] [ERROR   ] discord.app_commands.tree: Ignoring exception in command 'bestenliste'
Traceback (most recent call last):
  File "D:\pythonProject\Deadshot - ModMail\venv\Lib\site-packages\discord\app_commands\commands.py", line 861, in _do_call
    return await self._callback(self.binding, interaction, **params)  # type: ignore
           ^^^^^^^^^^^^^^^^^^^^^^^^^^^^^^^^^^^^^^^^^^^^^^^^^^^^^^^^^
  File "D:\pythonProject\Deadshot - ModMail\cogs\info.py", line 730, in bestenliste
    data += f"{i}. {user.mention}  __Tickets__: `{daten[1]}`\n"
                    ^^^^^^^^^^^^
AttributeError: 'NoneType' object has no attribute 'mention'

The above exception was the direct cause of the following exception:

Traceback (most recent call last):
  File "D:\pythonProject\Deadshot - ModMail\venv\Lib\site-packages\discord\app_commands\tree.py", line 1242, in _call
    await command._invoke_with_namespace(interaction, namespace)
  File "D:\pythonProject\Deadshot - ModMail\venv\Lib\site-packages\discord\app_commands\commands.py", line 887, in _invoke_with_namespace
    return await self._do_call(interaction, transformed_values)
           ^^^^^^^^^^^^^^^^^^^^^^^^^^^^^^^^^^^^^^^^^^^^^^^^^^^^
  File "D:\pythonProject\Deadshot - ModMail\venv\Lib\site-packages\discord\app_commands\commands.py", line 880, in _do_call
    raise CommandInvokeError(self, e) from e
discord.app_commands.errors.CommandInvokeError: Command 'bestenliste' raised an exception: AttributeError: 'NoneType' object has no attribute 'mention'
[2023-03-05 15:36:20] [INFO    ] discord: Reloaded 'info' | Ausgeführt von Luca♛#7857
[2023-03-05 15:36:23] [ERROR   ] discord.app_commands.tree: Ignoring exception in command 'bestenliste'
Traceback (most recent call last):
  File "D:\pythonProject\Deadshot - ModMail\venv\Lib\site-packages\discord\app_commands\commands.py", line 861, in _do_call
    return await self._callback(self.binding, interaction, **params)  # type: ignore
           ^^^^^^^^^^^^^^^^^^^^^^^^^^^^^^^^^^^^^^^^^^^^^^^^^^^^^^^^^
  File "D:\pythonProject\Deadshot - ModMail\cogs\info.py", line 733, in bestenliste
    data += f"{i}. {user.mention}  __Tickets__: `{daten[1]}`\n"
                    ^^^^^^^^^^^^
AttributeError: 'NoneType' object has no attribute 'mention'

The above exception was the direct cause of the following exception:

Traceback (most recent call last):
  File "D:\pythonProject\Deadshot - ModMail\venv\Lib\site-packages\discord\app_commands\tree.py", line 1242, in _call
    await command._invoke_with_namespace(interaction, namespace)
  File "D:\pythonProject\Deadshot - ModMail\venv\Lib\site-packages\discord\app_commands\commands.py", line 887, in _invoke_with_namespace
    return await self._do_call(interaction, transformed_values)
           ^^^^^^^^^^^^^^^^^^^^^^^^^^^^^^^^^^^^^^^^^^^^^^^^^^^^
  File "D:\pythonProject\Deadshot - ModMail\venv\Lib\site-packages\discord\app_commands\commands.py", line 880, in _do_call
    raise CommandInvokeError(self, e) from e
discord.app_commands.errors.CommandInvokeError: Command 'bestenliste' raised an exception: AttributeError: 'NoneType' object has no attribute 'mention'
[2023-03-05 15:37:13] [INFO    ] discord: Reloaded 'info' | Ausgeführt von Luca♛#7857
[2023-03-05 15:37:15] [ERROR   ] discord.app_commands.tree: Ignoring exception in command 'bestenliste'
Traceback (most recent call last):
  File "D:\pythonProject\Deadshot - ModMail\venv\Lib\site-packages\discord\app_commands\commands.py", line 861, in _do_call
    return await self._callback(self.binding, interaction, **params)  # type: ignore
           ^^^^^^^^^^^^^^^^^^^^^^^^^^^^^^^^^^^^^^^^^^^^^^^^^^^^^^^^^
  File "D:\pythonProject\Deadshot - ModMail\cogs\info.py", line 735, in bestenliste
    data += f"{i}. {user.mention}  __Tickets__: `{daten[1]}`\n"
                    ^^^^^^^^^^^^
AttributeError: 'NoneType' object has no attribute 'mention'

The above exception was the direct cause of the following exception:

Traceback (most recent call last):
  File "D:\pythonProject\Deadshot - ModMail\venv\Lib\site-packages\discord\app_commands\tree.py", line 1242, in _call
    await command._invoke_with_namespace(interaction, namespace)
  File "D:\pythonProject\Deadshot - ModMail\venv\Lib\site-packages\discord\app_commands\commands.py", line 887, in _invoke_with_namespace
    return await self._do_call(interaction, transformed_values)
           ^^^^^^^^^^^^^^^^^^^^^^^^^^^^^^^^^^^^^^^^^^^^^^^^^^^^
  File "D:\pythonProject\Deadshot - ModMail\venv\Lib\site-packages\discord\app_commands\commands.py", line 880, in _do_call
    raise CommandInvokeError(self, e) from e
discord.app_commands.errors.CommandInvokeError: Command 'bestenliste' raised an exception: AttributeError: 'NoneType' object has no attribute 'mention'
[2023-03-05 15:39:04] [ERROR   ] discord.app_commands.tree: Ignoring exception in command 'bestenliste'
Traceback (most recent call last):
  File "D:\pythonProject\Deadshot - ModMail\venv\Lib\site-packages\discord\app_commands\commands.py", line 861, in _do_call
    return await self._callback(self.binding, interaction, **params)  # type: ignore
           ^^^^^^^^^^^^^^^^^^^^^^^^^^^^^^^^^^^^^^^^^^^^^^^^^^^^^^^^^
  File "D:\pythonProject\Deadshot - ModMail\cogs\info.py", line 735, in bestenliste
    print(3)
             
AttributeError: 'NoneType' object has no attribute 'mention'

The above exception was the direct cause of the following exception:

Traceback (most recent call last):
  File "D:\pythonProject\Deadshot - ModMail\venv\Lib\site-packages\discord\app_commands\tree.py", line 1242, in _call
    await command._invoke_with_namespace(interaction, namespace)
  File "D:\pythonProject\Deadshot - ModMail\venv\Lib\site-packages\discord\app_commands\commands.py", line 887, in _invoke_with_namespace
    return await self._do_call(interaction, transformed_values)
           ^^^^^^^^^^^^^^^^^^^^^^^^^^^^^^^^^^^^^^^^^^^^^^^^^^^^
  File "D:\pythonProject\Deadshot - ModMail\venv\Lib\site-packages\discord\app_commands\commands.py", line 880, in _do_call
    raise CommandInvokeError(self, e) from e
discord.app_commands.errors.CommandInvokeError: Command 'bestenliste' raised an exception: AttributeError: 'NoneType' object has no attribute 'mention'
[2023-03-05 15:39:22] [INFO    ] discord: Reloaded 'info' | Ausgeführt von Luca♛#7857
[2023-03-05 15:39:25] [ERROR   ] discord.app_commands.tree: Ignoring exception in command 'bestenliste'
Traceback (most recent call last):
  File "D:\pythonProject\Deadshot - ModMail\venv\Lib\site-packages\discord\app_commands\commands.py", line 861, in _do_call
    return await self._callback(self.binding, interaction, **params)  # type: ignore
           ^^^^^^^^^^^^^^^^^^^^^^^^^^^^^^^^^^^^^^^^^^^^^^^^^^^^^^^^^
  File "D:\pythonProject\Deadshot - ModMail\cogs\info.py", line 734, in bestenliste
    data += f"{i}. {user.mention}  __Tickets__: `{daten[1]}`\n"
                    ^^^^^^^^^^^^
AttributeError: 'NoneType' object has no attribute 'mention'

The above exception was the direct cause of the following exception:

Traceback (most recent call last):
  File "D:\pythonProject\Deadshot - ModMail\venv\Lib\site-packages\discord\app_commands\tree.py", line 1242, in _call
    await command._invoke_with_namespace(interaction, namespace)
  File "D:\pythonProject\Deadshot - ModMail\venv\Lib\site-packages\discord\app_commands\commands.py", line 887, in _invoke_with_namespace
    return await self._do_call(interaction, transformed_values)
           ^^^^^^^^^^^^^^^^^^^^^^^^^^^^^^^^^^^^^^^^^^^^^^^^^^^^
  File "D:\pythonProject\Deadshot - ModMail\venv\Lib\site-packages\discord\app_commands\commands.py", line 880, in _do_call
    raise CommandInvokeError(self, e) from e
discord.app_commands.errors.CommandInvokeError: Command 'bestenliste' raised an exception: AttributeError: 'NoneType' object has no attribute 'mention'
[2023-03-05 15:39:50] [INFO    ] discord: Reloaded 'info' | Ausgeführt von Luca♛#7857
[2023-03-05 15:39:52] [ERROR   ] discord.app_commands.tree: Ignoring exception in command 'bestenliste'
Traceback (most recent call last):
  File "D:\pythonProject\Deadshot - ModMail\venv\Lib\site-packages\discord\app_commands\commands.py", line 861, in _do_call
    return await self._callback(self.binding, interaction, **params)  # type: ignore
           ^^^^^^^^^^^^^^^^^^^^^^^^^^^^^^^^^^^^^^^^^^^^^^^^^^^^^^^^^
  File "D:\pythonProject\Deadshot - ModMail\cogs\info.py", line 731, in bestenliste
    data += f"{i}. {user.mention}  __Tickets__: `{daten[1]}`\n"
                    ^^^^^^^^^^^^
AttributeError: 'NoneType' object has no attribute 'mention'

The above exception was the direct cause of the following exception:

Traceback (most recent call last):
  File "D:\pythonProject\Deadshot - ModMail\venv\Lib\site-packages\discord\app_commands\tree.py", line 1242, in _call
    await command._invoke_with_namespace(interaction, namespace)
  File "D:\pythonProject\Deadshot - ModMail\venv\Lib\site-packages\discord\app_commands\commands.py", line 887, in _invoke_with_namespace
    return await self._do_call(interaction, transformed_values)
           ^^^^^^^^^^^^^^^^^^^^^^^^^^^^^^^^^^^^^^^^^^^^^^^^^^^^
  File "D:\pythonProject\Deadshot - ModMail\venv\Lib\site-packages\discord\app_commands\commands.py", line 880, in _do_call
    raise CommandInvokeError(self, e) from e
discord.app_commands.errors.CommandInvokeError: Command 'bestenliste' raised an exception: AttributeError: 'NoneType' object has no attribute 'mention'
[2023-03-05 15:40:22] [INFO    ] discord: Reloaded 'info' | Ausgeführt von Luca♛#7857
[2023-03-05 15:40:51] [INFO    ] discord: Reloaded 'info' | Ausgeführt von Luca♛#7857
[2023-03-05 15:41:59] [ERROR   ] discord.client: Ignoring exception in on_message
Traceback (most recent call last):
  File "D:\pythonProject\Deadshot - ModMail\venv\Lib\site-packages\discord\client.py", line 409, in _run_event
    await coro(*args, **kwargs)
  File "D:\pythonProject\Deadshot - ModMail\cogs\ModMail.py", line 692, in on_message
    await invite_message(message, data, channel, self.bot)
  File "D:\pythonProject\Deadshot - ModMail\cogs\ModMail.py", line 129, in invite_message
    invite = await bot.fetch_invite(str(einladung))
             ^^^^^^^^^^^^^^^^^^^^^^^^^^^^^^^^^^^^^^
  File "D:\pythonProject\Deadshot - ModMail\venv\Lib\site-packages\discord\client.py", line 1664, in fetch_invite
    data = await self.http.get_invite(
           ^^^^^^^^^^^^^^^^^^^^^^^^^^^
  File "D:\pythonProject\Deadshot - ModMail\venv\Lib\site-packages\discord\http.py", line 740, in request
    raise NotFound(response, data)
discord.errors.NotFound: 404 Not Found (error code: 10006): Unknown Invite
[2023-03-05 15:43:26] [INFO    ] discord: Reloaded 'ModMail' | Ausgeführt von Luca♛#7857
[2023-03-05 15:45:12] [INFO    ] discord: Reloaded 'ModMail' | Ausgeführt von Luca♛#7857
[2023-03-05 15:45:17] [ERROR   ] discord.client: Ignoring exception in on_message
Traceback (most recent call last):
  File "D:\pythonProject\Deadshot - ModMail\venv\Lib\site-packages\discord\client.py", line 409, in _run_event
    await coro(*args, **kwargs)
  File "D:\pythonProject\Deadshot - ModMail\cogs\ModMail.py", line 693, in on_message
    await invite_message(message, data, channel, self.bot)
  File "D:\pythonProject\Deadshot - ModMail\cogs\ModMail.py", line 129, in invite_message
    invite = await bot.fetch_invite(str(einladung))
             ^^^^^^^^^^^^^^^^^^^^^^^^^^^^^^^^^^^^^^
  File "D:\pythonProject\Deadshot - ModMail\venv\Lib\site-packages\discord\client.py", line 1664, in fetch_invite
    data = await self.http.get_invite(
           ^^^^^^^^^^^^^^^^^^^^^^^^^^^
  File "D:\pythonProject\Deadshot - ModMail\venv\Lib\site-packages\discord\http.py", line 740, in request
    raise NotFound(response, data)
discord.errors.NotFound: 404 Not Found (error code: 10006): Unknown Invite
[2023-03-05 15:45:44] [INFO    ] discord: Reloaded 'ModMail' | Ausgeführt von Luca♛#7857
[2023-03-05 15:45:49] [ERROR   ] discord.client: Ignoring exception in on_message
Traceback (most recent call last):
  File "D:\pythonProject\Deadshot - ModMail\venv\Lib\site-packages\discord\client.py", line 409, in _run_event
    await coro(*args, **kwargs)
  File "D:\pythonProject\Deadshot - ModMail\cogs\ModMail.py", line 694, in on_message
    await invite_message(message, data, channel, self.bot)
  File "D:\pythonProject\Deadshot - ModMail\cogs\ModMail.py", line 130, in invite_message
    invite = await bot.fetch_invite(str(einladung))
             ^^^^^^^^^^^^^^^^^^^^^^^^^^^^^^^^^^^^^^
  File "D:\pythonProject\Deadshot - ModMail\venv\Lib\site-packages\discord\client.py", line 1664, in fetch_invite
    data = await self.http.get_invite(
           ^^^^^^^^^^^^^^^^^^^^^^^^^^^
  File "D:\pythonProject\Deadshot - ModMail\venv\Lib\site-packages\discord\http.py", line 740, in request
    raise NotFound(response, data)
discord.errors.NotFound: 404 Not Found (error code: 10006): Unknown Invite
[2023-03-05 15:47:38] [INFO    ] discord: Reloaded 'ModMail' | Ausgeführt von Luca♛#7857
[2023-03-05 15:51:03] [INFO    ] discord: Reloaded 'ModMail' | Ausgeführt von Luca♛#7857
[2023-03-05 15:51:09] [ERROR   ] discord.ui.view: Ignoring exception in view <Close_View timeout=None children=1> for item <Button style=<ButtonStyle.secondary: 2> url=None disabled=False label=None emoji=<PartialEmoji animated=False name='🔒' id=None> row=None>
Traceback (most recent call last):
  File "D:\pythonProject\Deadshot - ModMail\venv\Lib\site-packages\discord\ui\view.py", line 425, in _scheduled_task
    await item.callback(interaction)
  File "D:\pythonProject\Deadshot - ModMail\cogs\ModMail.py", line 403, in close_button
    await channel.edit(name=f"Closed ({interaction.user.id})", archived=True, locked=True)
    ^^^^^^^^^^^^^^^^^^^^^^^^^^^^^^^^^^^^^^^^^^^^^^^^^^^^^^^^^^^^^^^^^^^^
  File "D:\pythonProject\Deadshot - ModMail\venv\Lib\site-packages\discord\interactions.py", line 743, in send_message
    raise InteractionResponded(self._parent)
discord.errors.InteractionResponded: This interaction has already been responded to before
[2023-03-05 18:33:48] [INFO    ] discord.gateway: Shard ID None has successfully RESUMED session dc7b3b937516de776615aa3d30814e11.
[2023-03-05 20:20:54] [INFO    ] discord.gateway: Shard ID None has connected to Gateway (Session ID: 5b840d0aaccb0f6491e4323c892b30b6).
[2023-03-05 20:20:55] [ERROR   ] discord.app_commands.tree: Ignoring exception in command 'help'
Traceback (most recent call last):
  File "D:\pythonProject\Deadshot - ModMail\venv\Lib\site-packages\discord\app_commands\commands.py", line 861, in _do_call
    return await self._callback(self.binding, interaction, **params)  # type: ignore
           ^^^^^^^^^^^^^^^^^^^^^^^^^^^^^^^^^^^^^^^^^^^^^^^^^^^^^^^^^
  File "D:\pythonProject\Deadshot - ModMail\cogs\info.py", line 770, in help
    view.message = await interaction.original_response()
  File "D:\pythonProject\Deadshot - ModMail\venv\Lib\site-packages\discord\interactions.py", line 769, in send_message
    await adapter.create_interaction_response(
  File "D:\pythonProject\Deadshot - ModMail\venv\Lib\site-packages\discord\webhook\async_.py", line 218, in request
    raise NotFound(response, data)
discord.errors.NotFound: 404 Not Found (error code: 10062): Unknown interaction

The above exception was the direct cause of the following exception:

Traceback (most recent call last):
  File "D:\pythonProject\Deadshot - ModMail\venv\Lib\site-packages\discord\app_commands\tree.py", line 1242, in _call
    await command._invoke_with_namespace(interaction, namespace)
  File "D:\pythonProject\Deadshot - ModMail\venv\Lib\site-packages\discord\app_commands\commands.py", line 887, in _invoke_with_namespace
    return await self._do_call(interaction, transformed_values)
           ^^^^^^^^^^^^^^^^^^^^^^^^^^^^^^^^^^^^^^^^^^^^^^^^^^^^
  File "D:\pythonProject\Deadshot - ModMail\venv\Lib\site-packages\discord\app_commands\commands.py", line 880, in _do_call
    raise CommandInvokeError(self, e) from e
discord.app_commands.errors.CommandInvokeError: Command 'help' raised an exception: NotFound: 404 Not Found (error code: 10062): Unknown interaction
[2023-03-05 20:21:20] [ERROR   ] discord.client: Attempting a reconnect in 1.53s
Traceback (most recent call last):
  File "D:\pythonProject\Deadshot - ModMail\venv\Lib\site-packages\discord\client.py", line 627, in connect
    await self.ws.poll_event()
  File "D:\pythonProject\Deadshot - ModMail\venv\Lib\site-packages\discord\gateway.py", line 646, in poll_event
    raise ConnectionClosed(self.socket, shard_id=self.shard_id, code=code) from None
discord.errors.ConnectionClosed: Shard ID None WebSocket closed with 1000
[2023-03-05 20:21:22] [INFO    ] discord.gateway: Shard ID None has successfully RESUMED session dc7b3b937516de776615aa3d30814e11.
[2023-03-05 20:21:43] [ERROR   ] discord.app_commands.tree: Ignoring exception in command 'teaminfo'
Traceback (most recent call last):
  File "D:\pythonProject\Deadshot - ModMail\venv\Lib\site-packages\discord\app_commands\commands.py", line 861, in _do_call
    return await self._callback(self.binding, interaction, **params)  # type: ignore
           ^^^^^^^^^^^^^^^^^^^^^^^^^^^^^^^^^^^^^^^^^^^^^^^^^^^^^^^^^
  File "D:\pythonProject\Deadshot - ModMail\cogs\info.py", line 594, in teaminfo
    await interaction.response.send_message(embed=embed)
  File "D:\pythonProject\Deadshot - ModMail\venv\Lib\site-packages\discord\interactions.py", line 769, in send_message
    await adapter.create_interaction_response(
  File "D:\pythonProject\Deadshot - ModMail\venv\Lib\site-packages\discord\webhook\async_.py", line 218, in request
    raise NotFound(response, data)
discord.errors.NotFound: 404 Not Found (error code: 10062): Unknown interaction

The above exception was the direct cause of the following exception:

Traceback (most recent call last):
  File "D:\pythonProject\Deadshot - ModMail\venv\Lib\site-packages\discord\app_commands\tree.py", line 1242, in _call
    await command._invoke_with_namespace(interaction, namespace)
  File "D:\pythonProject\Deadshot - ModMail\venv\Lib\site-packages\discord\app_commands\commands.py", line 887, in _invoke_with_namespace
    return await self._do_call(interaction, transformed_values)
           ^^^^^^^^^^^^^^^^^^^^^^^^^^^^^^^^^^^^^^^^^^^^^^^^^^^^
  File "D:\pythonProject\Deadshot - ModMail\venv\Lib\site-packages\discord\app_commands\commands.py", line 880, in _do_call
    raise CommandInvokeError(self, e) from e
discord.app_commands.errors.CommandInvokeError: Command 'teaminfo' raised an exception: NotFound: 404 Not Found (error code: 10062): Unknown interaction
[2023-03-05 20:21:43] [ERROR   ] discord.app_commands.tree: Ignoring exception in command 'teaminfo'
Traceback (most recent call last):
  File "D:\pythonProject\Deadshot - ModMail\venv\Lib\site-packages\discord\app_commands\commands.py", line 861, in _do_call
    return await self._callback(self.binding, interaction, **params)  # type: ignore
           ^^^^^^^^^^^^^^^^^^^^^^^^^^^^^^^^^^^^^^^^^^^^^^^^^^^^^^^^^
  File "D:\pythonProject\Deadshot - ModMail\cogs\info.py", line 602, in teaminfo
    await interaction.response.send_message(embed=embed, ephemeral=True)
  File "D:\pythonProject\Deadshot - ModMail\venv\Lib\site-packages\discord\interactions.py", line 743, in send_message
    raise InteractionResponded(self._parent)
discord.errors.InteractionResponded: This interaction has already been responded to before

The above exception was the direct cause of the following exception:

Traceback (most recent call last):
  File "D:\pythonProject\Deadshot - ModMail\venv\Lib\site-packages\discord\app_commands\tree.py", line 1242, in _call
    await command._invoke_with_namespace(interaction, namespace)
  File "D:\pythonProject\Deadshot - ModMail\venv\Lib\site-packages\discord\app_commands\commands.py", line 887, in _invoke_with_namespace
    return await self._do_call(interaction, transformed_values)
           ^^^^^^^^^^^^^^^^^^^^^^^^^^^^^^^^^^^^^^^^^^^^^^^^^^^^
  File "D:\pythonProject\Deadshot - ModMail\venv\Lib\site-packages\discord\app_commands\commands.py", line 880, in _do_call
    raise CommandInvokeError(self, e) from e
discord.app_commands.errors.CommandInvokeError: Command 'teaminfo' raised an exception: InteractionResponded: This interaction has already been responded to before
[2023-03-05 20:21:54] [ERROR   ] discord.app_commands.tree: Ignoring exception in command 'add'
Traceback (most recent call last):
  File "D:\pythonProject\Deadshot - ModMail\venv\Lib\site-packages\discord\app_commands\commands.py", line 861, in _do_call
    return await self._callback(self.binding, interaction, **params)  # type: ignore
           ^^^^^^^^^^^^^^^^^^^^^^^^^^^^^^^^^^^^^^^^^^^^^^^^^^^^^^^^^
  File "D:\pythonProject\Deadshot - ModMail\cogs\team.py", line 106, in add
    await interaction.response.send_message(embed=embed)
  File "D:\pythonProject\Deadshot - ModMail\venv\Lib\site-packages\discord\interactions.py", line 769, in send_message
    await adapter.create_interaction_response(
  File "D:\pythonProject\Deadshot - ModMail\venv\Lib\site-packages\discord\webhook\async_.py", line 218, in request
    raise NotFound(response, data)
discord.errors.NotFound: 404 Not Found (error code: 10062): Unknown interaction

The above exception was the direct cause of the following exception:

Traceback (most recent call last):
  File "D:\pythonProject\Deadshot - ModMail\venv\Lib\site-packages\discord\app_commands\tree.py", line 1242, in _call
    await command._invoke_with_namespace(interaction, namespace)
  File "D:\pythonProject\Deadshot - ModMail\venv\Lib\site-packages\discord\app_commands\commands.py", line 887, in _invoke_with_namespace
    return await self._do_call(interaction, transformed_values)
           ^^^^^^^^^^^^^^^^^^^^^^^^^^^^^^^^^^^^^^^^^^^^^^^^^^^^
  File "D:\pythonProject\Deadshot - ModMail\venv\Lib\site-packages\discord\app_commands\commands.py", line 880, in _do_call
    raise CommandInvokeError(self, e) from e
discord.app_commands.errors.CommandInvokeError: Command 'add' raised an exception: NotFound: 404 Not Found (error code: 10062): Unknown interaction
[2023-03-05 20:21:58] [ERROR   ] discord.app_commands.tree: Ignoring exception in command 'teaminfo'
Traceback (most recent call last):
  File "D:\pythonProject\Deadshot - ModMail\venv\Lib\site-packages\discord\app_commands\commands.py", line 861, in _do_call
    return await self._callback(self.binding, interaction, **params)  # type: ignore
           ^^^^^^^^^^^^^^^^^^^^^^^^^^^^^^^^^^^^^^^^^^^^^^^^^^^^^^^^^
  File "D:\pythonProject\Deadshot - ModMail\cogs\info.py", line 594, in teaminfo
    await interaction.response.send_message(embed=embed)
  File "D:\pythonProject\Deadshot - ModMail\venv\Lib\site-packages\discord\interactions.py", line 769, in send_message
    await adapter.create_interaction_response(
  File "D:\pythonProject\Deadshot - ModMail\venv\Lib\site-packages\discord\webhook\async_.py", line 218, in request
    raise NotFound(response, data)
discord.errors.NotFound: 404 Not Found (error code: 10062): Unknown interaction

The above exception was the direct cause of the following exception:

Traceback (most recent call last):
  File "D:\pythonProject\Deadshot - ModMail\venv\Lib\site-packages\discord\app_commands\tree.py", line 1242, in _call
    await command._invoke_with_namespace(interaction, namespace)
  File "D:\pythonProject\Deadshot - ModMail\venv\Lib\site-packages\discord\app_commands\commands.py", line 887, in _invoke_with_namespace
    return await self._do_call(interaction, transformed_values)
           ^^^^^^^^^^^^^^^^^^^^^^^^^^^^^^^^^^^^^^^^^^^^^^^^^^^^
  File "D:\pythonProject\Deadshot - ModMail\venv\Lib\site-packages\discord\app_commands\commands.py", line 880, in _do_call
    raise CommandInvokeError(self, e) from e
discord.app_commands.errors.CommandInvokeError: Command 'teaminfo' raised an exception: NotFound: 404 Not Found (error code: 10062): Unknown interaction
[2023-03-05 20:21:58] [ERROR   ] discord.app_commands.tree: Ignoring exception in command 'teaminfo'
Traceback (most recent call last):
  File "D:\pythonProject\Deadshot - ModMail\venv\Lib\site-packages\discord\app_commands\commands.py", line 861, in _do_call
    return await self._callback(self.binding, interaction, **params)  # type: ignore
           ^^^^^^^^^^^^^^^^^^^^^^^^^^^^^^^^^^^^^^^^^^^^^^^^^^^^^^^^^
  File "D:\pythonProject\Deadshot - ModMail\cogs\info.py", line 568, in teaminfo
    db_lvl = daten3[1]
             ~~~~~~^^^
IndexError: tuple index out of range

The above exception was the direct cause of the following exception:

Traceback (most recent call last):
  File "D:\pythonProject\Deadshot - ModMail\venv\Lib\site-packages\discord\app_commands\tree.py", line 1242, in _call
    await command._invoke_with_namespace(interaction, namespace)
  File "D:\pythonProject\Deadshot - ModMail\venv\Lib\site-packages\discord\app_commands\commands.py", line 887, in _invoke_with_namespace
    return await self._do_call(interaction, transformed_values)
           ^^^^^^^^^^^^^^^^^^^^^^^^^^^^^^^^^^^^^^^^^^^^^^^^^^^^
  File "D:\pythonProject\Deadshot - ModMail\venv\Lib\site-packages\discord\app_commands\commands.py", line 880, in _do_call
    raise CommandInvokeError(self, e) from e
discord.app_commands.errors.CommandInvokeError: Command 'teaminfo' raised an exception: IndexError: tuple index out of range
[2023-03-05 20:22:09] [ERROR   ] discord.app_commands.tree: Ignoring exception in command 'add'
Traceback (most recent call last):
  File "D:\pythonProject\Deadshot - ModMail\venv\Lib\site-packages\discord\app_commands\commands.py", line 861, in _do_call
    return await self._callback(self.binding, interaction, **params)  # type: ignore
           ^^^^^^^^^^^^^^^^^^^^^^^^^^^^^^^^^^^^^^^^^^^^^^^^^^^^^^^^^
  File "D:\pythonProject\Deadshot - ModMail\cogs\team.py", line 74, in add
    color=discord.Colour.red(),
  File "D:\pythonProject\Deadshot - ModMail\venv\Lib\site-packages\discord\interactions.py", line 769, in send_message
    await adapter.create_interaction_response(
  File "D:\pythonProject\Deadshot - ModMail\venv\Lib\site-packages\discord\webhook\async_.py", line 218, in request
    raise NotFound(response, data)
discord.errors.NotFound: 404 Not Found (error code: 10062): Unknown interaction

The above exception was the direct cause of the following exception:

Traceback (most recent call last):
  File "D:\pythonProject\Deadshot - ModMail\venv\Lib\site-packages\discord\app_commands\tree.py", line 1242, in _call
    await command._invoke_with_namespace(interaction, namespace)
  File "D:\pythonProject\Deadshot - ModMail\venv\Lib\site-packages\discord\app_commands\commands.py", line 887, in _invoke_with_namespace
    return await self._do_call(interaction, transformed_values)
           ^^^^^^^^^^^^^^^^^^^^^^^^^^^^^^^^^^^^^^^^^^^^^^^^^^^^
  File "D:\pythonProject\Deadshot - ModMail\venv\Lib\site-packages\discord\app_commands\commands.py", line 880, in _do_call
    raise CommandInvokeError(self, e) from e
discord.app_commands.errors.CommandInvokeError: Command 'add' raised an exception: NotFound: 404 Not Found (error code: 10062): Unknown interaction
[2023-03-05 20:22:15] [ERROR   ] discord.app_commands.tree: Ignoring exception in command 'delete'
Traceback (most recent call last):
  File "D:\pythonProject\Deadshot - ModMail\venv\Lib\site-packages\discord\app_commands\commands.py", line 861, in _do_call
    return await self._callback(self.binding, interaction, **params)  # type: ignore
           ^^^^^^^^^^^^^^^^^^^^^^^^^^^^^^^^^^^^^^^^^^^^^^^^^^^^^^^^^
  File "D:\pythonProject\Deadshot - ModMail\cogs\team.py", line 182, in delete
    await interaction.response.send_message(embed=embed)
  File "D:\pythonProject\Deadshot - ModMail\venv\Lib\site-packages\discord\interactions.py", line 769, in send_message
    await adapter.create_interaction_response(
  File "D:\pythonProject\Deadshot - ModMail\venv\Lib\site-packages\discord\webhook\async_.py", line 218, in request
    raise NotFound(response, data)
discord.errors.NotFound: 404 Not Found (error code: 10062): Unknown interaction

The above exception was the direct cause of the following exception:

Traceback (most recent call last):
  File "D:\pythonProject\Deadshot - ModMail\venv\Lib\site-packages\discord\app_commands\tree.py", line 1242, in _call
    await command._invoke_with_namespace(interaction, namespace)
  File "D:\pythonProject\Deadshot - ModMail\venv\Lib\site-packages\discord\app_commands\commands.py", line 887, in _invoke_with_namespace
    return await self._do_call(interaction, transformed_values)
           ^^^^^^^^^^^^^^^^^^^^^^^^^^^^^^^^^^^^^^^^^^^^^^^^^^^^
  File "D:\pythonProject\Deadshot - ModMail\venv\Lib\site-packages\discord\app_commands\commands.py", line 880, in _do_call
    raise CommandInvokeError(self, e) from e
discord.app_commands.errors.CommandInvokeError: Command 'delete' raised an exception: NotFound: 404 Not Found (error code: 10062): Unknown interaction
[2023-03-05 20:22:18] [ERROR   ] discord.app_commands.tree: Ignoring exception in command 'teaminfo'
Traceback (most recent call last):
  File "D:\pythonProject\Deadshot - ModMail\venv\Lib\site-packages\discord\app_commands\commands.py", line 861, in _do_call
    return await self._callback(self.binding, interaction, **params)  # type: ignore
           ^^^^^^^^^^^^^^^^^^^^^^^^^^^^^^^^^^^^^^^^^^^^^^^^^^^^^^^^^
  File "D:\pythonProject\Deadshot - ModMail\cogs\info.py", line 594, in teaminfo
    await interaction.response.send_message(embed=embed)
  File "D:\pythonProject\Deadshot - ModMail\venv\Lib\site-packages\discord\interactions.py", line 769, in send_message
    await adapter.create_interaction_response(
  File "D:\pythonProject\Deadshot - ModMail\venv\Lib\site-packages\discord\webhook\async_.py", line 218, in request
    raise NotFound(response, data)
discord.errors.NotFound: 404 Not Found (error code: 10062): Unknown interaction

The above exception was the direct cause of the following exception:

Traceback (most recent call last):
  File "D:\pythonProject\Deadshot - ModMail\venv\Lib\site-packages\discord\app_commands\tree.py", line 1242, in _call
    await command._invoke_with_namespace(interaction, namespace)
  File "D:\pythonProject\Deadshot - ModMail\venv\Lib\site-packages\discord\app_commands\commands.py", line 887, in _invoke_with_namespace
    return await self._do_call(interaction, transformed_values)
           ^^^^^^^^^^^^^^^^^^^^^^^^^^^^^^^^^^^^^^^^^^^^^^^^^^^^
  File "D:\pythonProject\Deadshot - ModMail\venv\Lib\site-packages\discord\app_commands\commands.py", line 880, in _do_call
    raise CommandInvokeError(self, e) from e
discord.app_commands.errors.CommandInvokeError: Command 'teaminfo' raised an exception: NotFound: 404 Not Found (error code: 10062): Unknown interaction
[2023-03-05 20:22:18] [ERROR   ] discord.app_commands.tree: Ignoring exception in command 'teaminfo'
Traceback (most recent call last):
  File "D:\pythonProject\Deadshot - ModMail\venv\Lib\site-packages\discord\app_commands\commands.py", line 861, in _do_call
    return await self._callback(self.binding, interaction, **params)  # type: ignore
           ^^^^^^^^^^^^^^^^^^^^^^^^^^^^^^^^^^^^^^^^^^^^^^^^^^^^^^^^^
  File "D:\pythonProject\Deadshot - ModMail\cogs\info.py", line 602, in teaminfo
    await interaction.response.send_message(embed=embed, ephemeral=True)
  File "D:\pythonProject\Deadshot - ModMail\venv\Lib\site-packages\discord\interactions.py", line 743, in send_message
    raise InteractionResponded(self._parent)
discord.errors.InteractionResponded: This interaction has already been responded to before

The above exception was the direct cause of the following exception:

Traceback (most recent call last):
  File "D:\pythonProject\Deadshot - ModMail\venv\Lib\site-packages\discord\app_commands\tree.py", line 1242, in _call
    await command._invoke_with_namespace(interaction, namespace)
  File "D:\pythonProject\Deadshot - ModMail\venv\Lib\site-packages\discord\app_commands\commands.py", line 887, in _invoke_with_namespace
    return await self._do_call(interaction, transformed_values)
           ^^^^^^^^^^^^^^^^^^^^^^^^^^^^^^^^^^^^^^^^^^^^^^^^^^^^
  File "D:\pythonProject\Deadshot - ModMail\venv\Lib\site-packages\discord\app_commands\commands.py", line 880, in _do_call
    raise CommandInvokeError(self, e) from e
discord.app_commands.errors.CommandInvokeError: Command 'teaminfo' raised an exception: InteractionResponded: This interaction has already been responded to before
[2023-03-05 20:22:27] [ERROR   ] discord.app_commands.tree: Ignoring exception in command 'add'
Traceback (most recent call last):
  File "D:\pythonProject\Deadshot - ModMail\venv\Lib\site-packages\discord\app_commands\commands.py", line 861, in _do_call
    return await self._callback(self.binding, interaction, **params)  # type: ignore
           ^^^^^^^^^^^^^^^^^^^^^^^^^^^^^^^^^^^^^^^^^^^^^^^^^^^^^^^^^
  File "D:\pythonProject\Deadshot - ModMail\cogs\team.py", line 106, in add
    await interaction.response.send_message(embed=embed)
  File "D:\pythonProject\Deadshot - ModMail\venv\Lib\site-packages\discord\interactions.py", line 769, in send_message
    await adapter.create_interaction_response(
  File "D:\pythonProject\Deadshot - ModMail\venv\Lib\site-packages\discord\webhook\async_.py", line 218, in request
    raise NotFound(response, data)
discord.errors.NotFound: 404 Not Found (error code: 10062): Unknown interaction

The above exception was the direct cause of the following exception:

Traceback (most recent call last):
  File "D:\pythonProject\Deadshot - ModMail\venv\Lib\site-packages\discord\app_commands\tree.py", line 1242, in _call
    await command._invoke_with_namespace(interaction, namespace)
  File "D:\pythonProject\Deadshot - ModMail\venv\Lib\site-packages\discord\app_commands\commands.py", line 887, in _invoke_with_namespace
    return await self._do_call(interaction, transformed_values)
           ^^^^^^^^^^^^^^^^^^^^^^^^^^^^^^^^^^^^^^^^^^^^^^^^^^^^
  File "D:\pythonProject\Deadshot - ModMail\venv\Lib\site-packages\discord\app_commands\commands.py", line 880, in _do_call
    raise CommandInvokeError(self, e) from e
discord.app_commands.errors.CommandInvokeError: Command 'add' raised an exception: NotFound: 404 Not Found (error code: 10062): Unknown interaction
[2023-03-05 20:22:30] [ERROR   ] discord.app_commands.tree: Ignoring exception in command 'teaminfo'
Traceback (most recent call last):
  File "D:\pythonProject\Deadshot - ModMail\venv\Lib\site-packages\discord\app_commands\commands.py", line 861, in _do_call
    return await self._callback(self.binding, interaction, **params)  # type: ignore
           ^^^^^^^^^^^^^^^^^^^^^^^^^^^^^^^^^^^^^^^^^^^^^^^^^^^^^^^^^
  File "D:\pythonProject\Deadshot - ModMail\cogs\info.py", line 594, in teaminfo
    await interaction.response.send_message(embed=embed)
  File "D:\pythonProject\Deadshot - ModMail\venv\Lib\site-packages\discord\interactions.py", line 769, in send_message
    await adapter.create_interaction_response(
  File "D:\pythonProject\Deadshot - ModMail\venv\Lib\site-packages\discord\webhook\async_.py", line 218, in request
    raise NotFound(response, data)
discord.errors.NotFound: 404 Not Found (error code: 10062): Unknown interaction

The above exception was the direct cause of the following exception:

Traceback (most recent call last):
  File "D:\pythonProject\Deadshot - ModMail\venv\Lib\site-packages\discord\app_commands\tree.py", line 1242, in _call
    await command._invoke_with_namespace(interaction, namespace)
  File "D:\pythonProject\Deadshot - ModMail\venv\Lib\site-packages\discord\app_commands\commands.py", line 887, in _invoke_with_namespace
    return await self._do_call(interaction, transformed_values)
           ^^^^^^^^^^^^^^^^^^^^^^^^^^^^^^^^^^^^^^^^^^^^^^^^^^^^
  File "D:\pythonProject\Deadshot - ModMail\venv\Lib\site-packages\discord\app_commands\commands.py", line 880, in _do_call
    raise CommandInvokeError(self, e) from e
discord.app_commands.errors.CommandInvokeError: Command 'teaminfo' raised an exception: NotFound: 404 Not Found (error code: 10062): Unknown interaction
[2023-03-05 20:22:30] [ERROR   ] discord.app_commands.tree: Ignoring exception in command 'teaminfo'
Traceback (most recent call last):
  File "D:\pythonProject\Deadshot - ModMail\venv\Lib\site-packages\discord\app_commands\commands.py", line 861, in _do_call
    return await self._callback(self.binding, interaction, **params)  # type: ignore
           ^^^^^^^^^^^^^^^^^^^^^^^^^^^^^^^^^^^^^^^^^^^^^^^^^^^^^^^^^
  File "D:\pythonProject\Deadshot - ModMail\cogs\info.py", line 568, in teaminfo
    db_lvl = daten3[1]
             ~~~~~~^^^
IndexError: tuple index out of range

The above exception was the direct cause of the following exception:

Traceback (most recent call last):
  File "D:\pythonProject\Deadshot - ModMail\venv\Lib\site-packages\discord\app_commands\tree.py", line 1242, in _call
    await command._invoke_with_namespace(interaction, namespace)
  File "D:\pythonProject\Deadshot - ModMail\venv\Lib\site-packages\discord\app_commands\commands.py", line 887, in _invoke_with_namespace
    return await self._do_call(interaction, transformed_values)
           ^^^^^^^^^^^^^^^^^^^^^^^^^^^^^^^^^^^^^^^^^^^^^^^^^^^^
  File "D:\pythonProject\Deadshot - ModMail\venv\Lib\site-packages\discord\app_commands\commands.py", line 880, in _do_call
    raise CommandInvokeError(self, e) from e
discord.app_commands.errors.CommandInvokeError: Command 'teaminfo' raised an exception: IndexError: tuple index out of range
[2023-03-05 20:22:41] [ERROR   ] discord.app_commands.tree: Ignoring exception in command 'add'
Traceback (most recent call last):
  File "D:\pythonProject\Deadshot - ModMail\venv\Lib\site-packages\discord\app_commands\commands.py", line 861, in _do_call
    return await self._callback(self.binding, interaction, **params)  # type: ignore
           ^^^^^^^^^^^^^^^^^^^^^^^^^^^^^^^^^^^^^^^^^^^^^^^^^^^^^^^^^
  File "D:\pythonProject\Deadshot - ModMail\cogs\team.py", line 74, in add
    color=discord.Colour.red(),
  File "D:\pythonProject\Deadshot - ModMail\venv\Lib\site-packages\discord\interactions.py", line 769, in send_message
    await adapter.create_interaction_response(
  File "D:\pythonProject\Deadshot - ModMail\venv\Lib\site-packages\discord\webhook\async_.py", line 218, in request
    raise NotFound(response, data)
discord.errors.NotFound: 404 Not Found (error code: 10062): Unknown interaction

The above exception was the direct cause of the following exception:

Traceback (most recent call last):
  File "D:\pythonProject\Deadshot - ModMail\venv\Lib\site-packages\discord\app_commands\tree.py", line 1242, in _call
    await command._invoke_with_namespace(interaction, namespace)
  File "D:\pythonProject\Deadshot - ModMail\venv\Lib\site-packages\discord\app_commands\commands.py", line 887, in _invoke_with_namespace
    return await self._do_call(interaction, transformed_values)
           ^^^^^^^^^^^^^^^^^^^^^^^^^^^^^^^^^^^^^^^^^^^^^^^^^^^^
  File "D:\pythonProject\Deadshot - ModMail\venv\Lib\site-packages\discord\app_commands\commands.py", line 880, in _do_call
    raise CommandInvokeError(self, e) from e
discord.app_commands.errors.CommandInvokeError: Command 'add' raised an exception: NotFound: 404 Not Found (error code: 10062): Unknown interaction
[2023-03-05 20:22:50] [ERROR   ] discord.app_commands.tree: Ignoring exception in command 'delete'
Traceback (most recent call last):
  File "D:\pythonProject\Deadshot - ModMail\venv\Lib\site-packages\discord\app_commands\commands.py", line 861, in _do_call
    return await self._callback(self.binding, interaction, **params)  # type: ignore
           ^^^^^^^^^^^^^^^^^^^^^^^^^^^^^^^^^^^^^^^^^^^^^^^^^^^^^^^^^
  File "D:\pythonProject\Deadshot - ModMail\cogs\team.py", line 182, in delete
    await interaction.response.send_message(embed=embed)
  File "D:\pythonProject\Deadshot - ModMail\venv\Lib\site-packages\discord\interactions.py", line 769, in send_message
    await adapter.create_interaction_response(
  File "D:\pythonProject\Deadshot - ModMail\venv\Lib\site-packages\discord\webhook\async_.py", line 218, in request
    raise NotFound(response, data)
discord.errors.NotFound: 404 Not Found (error code: 10062): Unknown interaction

The above exception was the direct cause of the following exception:

Traceback (most recent call last):
  File "D:\pythonProject\Deadshot - ModMail\venv\Lib\site-packages\discord\app_commands\tree.py", line 1242, in _call
    await command._invoke_with_namespace(interaction, namespace)
  File "D:\pythonProject\Deadshot - ModMail\venv\Lib\site-packages\discord\app_commands\commands.py", line 887, in _invoke_with_namespace
    return await self._do_call(interaction, transformed_values)
           ^^^^^^^^^^^^^^^^^^^^^^^^^^^^^^^^^^^^^^^^^^^^^^^^^^^^
  File "D:\pythonProject\Deadshot - ModMail\venv\Lib\site-packages\discord\app_commands\commands.py", line 880, in _do_call
    raise CommandInvokeError(self, e) from e
discord.app_commands.errors.CommandInvokeError: Command 'delete' raised an exception: NotFound: 404 Not Found (error code: 10062): Unknown interaction
[2023-03-08 17:27:48] [INFO    ] discord.gateway: Shard ID None has connected to Gateway (Session ID: 91679878f4b33e05dbc54fcd16a44ea1).
[2023-03-08 17:29:24] [INFO    ] discord.gateway: Shard ID None has connected to Gateway (Session ID: 3e7c0b6f314b6d2900c14e8ab2f150c9).
[2023-03-08 17:33:07] [INFO    ] discord: Reloaded 'ModMail' | Ausgeführt von Luca♛#7857
[2023-03-08 20:51:58] [INFO    ] discord.gateway: Shard ID None has successfully RESUMED session 3e7c0b6f314b6d2900c14e8ab2f150c9.
[2023-03-12 16:43:53] [INFO    ] discord.gateway: Shard ID None has connected to Gateway (Session ID: 96354b6a5c935ca7abd7872a5c684ebd).
[2023-03-12 16:45:21] [ERROR   ] discord.ui.view: Ignoring exception in view <Close_View timeout=None children=1> for item <Button style=<ButtonStyle.secondary: 2> url=None disabled=False label=None emoji=<PartialEmoji animated=False name='🔒' id=None> row=None>
Traceback (most recent call last):
  File "D:\pythonProject\Deadshot - ModMail\venv\Lib\site-packages\discord\ui\view.py", line 425, in _scheduled_task
    await item.callback(interaction)
          ^^^^^^^^^^^^^^^^^^^^^^^^^^
  File "D:\pythonProject\Deadshot - ModMail\venv\Lib\site-packages\discord\ui\view.py", line 138, in __call__
    return self.callback(self.view, interaction, self.item)
           ^^^^^^^^^^^^^^^^^^^^^^^^^^^^^^^^^^^^^^^^^^^^^^^^
TypeError: Close_View.close_button() takes 2 positional arguments but 3 were given
[2023-03-12 16:46:20] [ERROR   ] discord.ui.view: Ignoring exception in view <Close_View timeout=None children=1> for item <Button style=<ButtonStyle.secondary: 2> url=None disabled=False label=None emoji=<PartialEmoji animated=False name='🔒' id=None> row=None>
Traceback (most recent call last):
  File "D:\pythonProject\Deadshot - ModMail\venv\Lib\site-packages\discord\ui\view.py", line 425, in _scheduled_task
    await item.callback(interaction)
          ^^^^^^^^^^^^^^^^^^^^^^^^^^
  File "D:\pythonProject\Deadshot - ModMail\venv\Lib\site-packages\discord\ui\view.py", line 138, in __call__
    return self.callback(self.view, interaction, self.item)
           ^^^^^^^^^^^^^^^^^^^^^^^^^^^^^^^^^^^^^^^^^^^^^^^^
TypeError: Close_View.close_button() takes 2 positional arguments but 3 were given
[2023-03-12 16:47:35] [INFO    ] discord: Reloaded 'ModMail' | Ausgeführt von Luca♛#7857
[2023-03-12 16:48:06] [ERROR   ] discord.ui.view: Ignoring exception in view <Close_View timeout=None children=1> for item <Button style=<ButtonStyle.secondary: 2> url=None disabled=False label=None emoji=<PartialEmoji animated=False name='🔒' id=None> row=None>
Traceback (most recent call last):
  File "D:\pythonProject\Deadshot - ModMail\venv\Lib\site-packages\discord\ui\view.py", line 425, in _scheduled_task
    await item.callback(interaction)
  File "D:\pythonProject\Deadshot - ModMail\cogs\ModMail.py", line 412, in close_button
    await interaction.response.send_message(embed=embed, ephemeral=True)
  File "D:\pythonProject\Deadshot - ModMail\venv\Lib\site-packages\discord\interactions.py", line 743, in send_message
    raise InteractionResponded(self._parent)
discord.errors.InteractionResponded: This interaction has already been responded to before
[2023-03-12 17:19:39] [INFO    ] discord: Reloaded 'info' | Ausgeführt von Luca♛#7857
[2023-03-12 17:19:58] [ERROR   ] discord.ext.commands.bot: Ignoring exception in command banlist
Traceback (most recent call last):
  File "D:\pythonProject\Deadshot - ModMail\venv\Lib\site-packages\discord\ext\commands\core.py", line 229, in wrapped
    ret = await coro(*args, **kwargs)
          ^^^^^^^^^^^^^^^^^^^^^^^^^^^
  File "D:\pythonProject\Deadshot - ModMail\cogs\info.py", line 487, in banlist
    bans = await ctx.guild.bans()
           ^^^^^^^^^^^^^^^^^^^^^^
TypeError: object async_generator can't be used in 'await' expression

The above exception was the direct cause of the following exception:

Traceback (most recent call last):
  File "D:\pythonProject\Deadshot - ModMail\venv\Lib\site-packages\discord\ext\commands\bot.py", line 1349, in invoke
    await ctx.command.invoke(ctx)
  File "D:\pythonProject\Deadshot - ModMail\venv\Lib\site-packages\discord\ext\commands\core.py", line 1023, in invoke
    await injected(*ctx.args, **ctx.kwargs)  # type: ignore
    ^^^^^^^^^^^^^^^^^^^^^^^^^^^^^^^^^^^^^^^
  File "D:\pythonProject\Deadshot - ModMail\venv\Lib\site-packages\discord\ext\commands\core.py", line 238, in wrapped
    raise CommandInvokeError(exc) from exc
discord.ext.commands.errors.CommandInvokeError: Command raised an exception: TypeError: object async_generator can't be used in 'await' expression
[2023-03-12 17:20:48] [INFO    ] discord: Reloaded 'info' | Ausgeführt von Luca♛#7857
[2023-03-12 17:20:48] [ERROR   ] discord.client: Attempting a reconnect in 0.49s
Traceback (most recent call last):
  File "D:\pythonProject\Deadshot - ModMail\venv\Lib\site-packages\discord\client.py", line 627, in connect
    await self.ws.poll_event()
  File "D:\pythonProject\Deadshot - ModMail\venv\Lib\site-packages\discord\gateway.py", line 646, in poll_event
    raise ConnectionClosed(self.socket, shard_id=self.shard_id, code=code) from None
discord.errors.ConnectionClosed: Shard ID None WebSocket closed with 1000
[2023-03-12 17:20:48] [ERROR   ] discord.app_commands.tree: Ignoring exception in command 'reload'
Traceback (most recent call last):
  File "D:\pythonProject\Deadshot - ModMail\venv\Lib\site-packages\discord\app_commands\commands.py", line 861, in _do_call
    return await self._callback(self.binding, interaction, **params)  # type: ignore
           ^^^^^^^^^^^^^^^^^^^^^^^^^^^^^^^^^^^^^^^^^^^^^^^^^^^^^^^^^
  File "D:\pythonProject\Deadshot - ModMail\cogs\developer.py", line 69, in reload
    await interaction.response.send_message(embed=embed, ephemeral=True)
  File "D:\pythonProject\Deadshot - ModMail\venv\Lib\site-packages\discord\interactions.py", line 769, in send_message
    await adapter.create_interaction_response(
  File "D:\pythonProject\Deadshot - ModMail\venv\Lib\site-packages\discord\webhook\async_.py", line 218, in request
    raise NotFound(response, data)
discord.errors.NotFound: 404 Not Found (error code: 10062): Unknown interaction

The above exception was the direct cause of the following exception:

Traceback (most recent call last):
  File "D:\pythonProject\Deadshot - ModMail\venv\Lib\site-packages\discord\app_commands\tree.py", line 1242, in _call
    await command._invoke_with_namespace(interaction, namespace)
  File "D:\pythonProject\Deadshot - ModMail\venv\Lib\site-packages\discord\app_commands\commands.py", line 887, in _invoke_with_namespace
    return await self._do_call(interaction, transformed_values)
           ^^^^^^^^^^^^^^^^^^^^^^^^^^^^^^^^^^^^^^^^^^^^^^^^^^^^
  File "D:\pythonProject\Deadshot - ModMail\venv\Lib\site-packages\discord\app_commands\commands.py", line 880, in _do_call
    raise CommandInvokeError(self, e) from e
discord.app_commands.errors.CommandInvokeError: Command 'reload' raised an exception: NotFound: 404 Not Found (error code: 10062): Unknown interaction
[2023-03-12 17:20:49] [INFO    ] discord.gateway: Shard ID None has successfully RESUMED session 96354b6a5c935ca7abd7872a5c684ebd.
[2023-03-12 17:20:49] [INFO    ] discord: Es wurden 16 Befehle synchronisiert. | Ausgeführt von Luca♛#7857
[2023-03-12 17:21:01] [INFO    ] discord.gateway: Shard ID None has connected to Gateway (Session ID: 8c2e05341360267b0a372292f0b6c7a0).
[2023-03-12 17:21:19] [ERROR   ] discord.app_commands.tree: Ignoring exception in command 'banlist'
Traceback (most recent call last):
  File "D:\pythonProject\Deadshot - ModMail\venv\Lib\site-packages\discord\app_commands\commands.py", line 861, in _do_call
    return await self._callback(self.binding, interaction, **params)  # type: ignore
           ^^^^^^^^^^^^^^^^^^^^^^^^^^^^^^^^^^^^^^^^^^^^^^^^^^^^^^^^^
  File "D:\pythonProject\Deadshot - ModMail\cogs\info.py", line 487, in banlist
    bans = await interaction.guild.bans()
           ^^^^^^^^^^^^^^^^^^^^^^^^^^^^^^
TypeError: object async_generator can't be used in 'await' expression

The above exception was the direct cause of the following exception:

Traceback (most recent call last):
  File "D:\pythonProject\Deadshot - ModMail\venv\Lib\site-packages\discord\app_commands\tree.py", line 1242, in _call
    await command._invoke_with_namespace(interaction, namespace)
  File "D:\pythonProject\Deadshot - ModMail\venv\Lib\site-packages\discord\app_commands\commands.py", line 887, in _invoke_with_namespace
    return await self._do_call(interaction, transformed_values)
           ^^^^^^^^^^^^^^^^^^^^^^^^^^^^^^^^^^^^^^^^^^^^^^^^^^^^
  File "D:\pythonProject\Deadshot - ModMail\venv\Lib\site-packages\discord\app_commands\commands.py", line 876, in _do_call
    raise CommandInvokeError(self, e) from e
discord.app_commands.errors.CommandInvokeError: Command 'banlist' raised an exception: TypeError: object async_generator can't be used in 'await' expression
[2023-03-12 17:21:43] [INFO    ] discord: Reloaded 'info' | Ausgeführt von Luca♛#7857
[2023-03-12 17:21:47] [ERROR   ] discord.app_commands.tree: Ignoring exception in command 'banlist'
Traceback (most recent call last):
  File "D:\pythonProject\Deadshot - ModMail\venv\Lib\site-packages\discord\app_commands\commands.py", line 861, in _do_call
    return await self._callback(self.binding, interaction, **params)  # type: ignore
           ^^^^^^^^^^^^^^^^^^^^^^^^^^^^^^^^^^^^^^^^^^^^^^^^^^^^^^^^^
  File "D:\pythonProject\Deadshot - ModMail\cogs\info.py", line 487, in banlist
    bans = await interaction.guild.bans()
           ^^^^^^^^^^^^^^^^^^^^^^^^^^^^^^
TypeError: object async_generator can't be used in 'await' expression

The above exception was the direct cause of the following exception:

Traceback (most recent call last):
  File "D:\pythonProject\Deadshot - ModMail\venv\Lib\site-packages\discord\app_commands\tree.py", line 1242, in _call
    await command._invoke_with_namespace(interaction, namespace)
  File "D:\pythonProject\Deadshot - ModMail\venv\Lib\site-packages\discord\app_commands\commands.py", line 887, in _invoke_with_namespace
    return await self._do_call(interaction, transformed_values)
           ^^^^^^^^^^^^^^^^^^^^^^^^^^^^^^^^^^^^^^^^^^^^^^^^^^^^
  File "D:\pythonProject\Deadshot - ModMail\venv\Lib\site-packages\discord\app_commands\commands.py", line 876, in _do_call
    raise CommandInvokeError(self, e) from e
discord.app_commands.errors.CommandInvokeError: Command 'banlist' raised an exception: TypeError: object async_generator can't be used in 'await' expression
[2023-03-12 17:21:49] [INFO    ] discord: Es wurden 16 Befehle synchronisiert. | Ausgeführt von Luca♛#7857
[2023-03-12 17:22:38] [INFO    ] discord: Reloaded 'info' | Ausgeführt von Luca♛#7857
[2023-03-12 17:22:47] [ERROR   ] discord.app_commands.tree: Ignoring exception in command 'banlist'
Traceback (most recent call last):
  File "D:\pythonProject\Deadshot - ModMail\venv\Lib\site-packages\discord\app_commands\commands.py", line 861, in _do_call
    return await self._callback(self.binding, interaction, **params)  # type: ignore
           ^^^^^^^^^^^^^^^^^^^^^^^^^^^^^^^^^^^^^^^^^^^^^^^^^^^^^^^^^
  File "D:\pythonProject\Deadshot - ModMail\cogs\info.py", line 487, in banlist
    bans = await self.bot.get_bans(interaction.guild.id)
                 ^^^^^^^^^^^^^^^^^
AttributeError: 'MainDatei' object has no attribute 'get_bans'

The above exception was the direct cause of the following exception:

Traceback (most recent call last):
  File "D:\pythonProject\Deadshot - ModMail\venv\Lib\site-packages\discord\app_commands\tree.py", line 1242, in _call
    await command._invoke_with_namespace(interaction, namespace)
  File "D:\pythonProject\Deadshot - ModMail\venv\Lib\site-packages\discord\app_commands\commands.py", line 887, in _invoke_with_namespace
    return await self._do_call(interaction, transformed_values)
           ^^^^^^^^^^^^^^^^^^^^^^^^^^^^^^^^^^^^^^^^^^^^^^^^^^^^
  File "D:\pythonProject\Deadshot - ModMail\venv\Lib\site-packages\discord\app_commands\commands.py", line 880, in _do_call
    raise CommandInvokeError(self, e) from e
discord.app_commands.errors.CommandInvokeError: Command 'banlist' raised an exception: AttributeError: 'MainDatei' object has no attribute 'get_bans'
[2023-03-12 17:23:22] [INFO    ] discord: Reloaded 'info' | Ausgeführt von Luca♛#7857
[2023-03-12 17:23:25] [ERROR   ] discord.app_commands.tree: Ignoring exception in command 'banlist'
Traceback (most recent call last):
  File "D:\pythonProject\Deadshot - ModMail\venv\Lib\site-packages\discord\app_commands\commands.py", line 861, in _do_call
    return await self._callback(self.binding, interaction, **params)  # type: ignore
           ^^^^^^^^^^^^^^^^^^^^^^^^^^^^^^^^^^^^^^^^^^^^^^^^^^^^^^^^^
  File "D:\pythonProject\Deadshot - ModMail\cogs\info.py", line 487, in banlist
    bans = await interaction.guild.bans()
           ^^^^^^^^^^^^^^^^^^^^^^^^^^^^^^
TypeError: object async_generator can't be used in 'await' expression

The above exception was the direct cause of the following exception:

Traceback (most recent call last):
  File "D:\pythonProject\Deadshot - ModMail\venv\Lib\site-packages\discord\app_commands\tree.py", line 1242, in _call
    await command._invoke_with_namespace(interaction, namespace)
  File "D:\pythonProject\Deadshot - ModMail\venv\Lib\site-packages\discord\app_commands\commands.py", line 887, in _invoke_with_namespace
    return await self._do_call(interaction, transformed_values)
           ^^^^^^^^^^^^^^^^^^^^^^^^^^^^^^^^^^^^^^^^^^^^^^^^^^^^
  File "D:\pythonProject\Deadshot - ModMail\venv\Lib\site-packages\discord\app_commands\commands.py", line 876, in _do_call
    raise CommandInvokeError(self, e) from e
discord.app_commands.errors.CommandInvokeError: Command 'banlist' raised an exception: TypeError: object async_generator can't be used in 'await' expression
[2023-03-12 17:24:44] [INFO    ] discord: Reloaded 'info' | Ausgeführt von Luca♛#7857
[2023-03-12 17:24:46] [ERROR   ] discord.app_commands.tree: Ignoring exception in command 'banlist'
Traceback (most recent call last):
  File "D:\pythonProject\Deadshot - ModMail\venv\Lib\site-packages\discord\app_commands\commands.py", line 861, in _do_call
    return await self._callback(self.binding, interaction, **params)  # type: ignore
           ^^^^^^^^^^^^^^^^^^^^^^^^^^^^^^^^^^^^^^^^^^^^^^^^^^^^^^^^^
  File "D:\pythonProject\Deadshot - ModMail\cogs\info.py", line 491, in banlist
    ban_list.append(f"{counter}. {ban.name} | {ban.id}")
                                  ^^^^^^^^
AttributeError: 'BanEntry' object has no attribute 'name'

The above exception was the direct cause of the following exception:

Traceback (most recent call last):
  File "D:\pythonProject\Deadshot - ModMail\venv\Lib\site-packages\discord\app_commands\tree.py", line 1242, in _call
    await command._invoke_with_namespace(interaction, namespace)
  File "D:\pythonProject\Deadshot - ModMail\venv\Lib\site-packages\discord\app_commands\commands.py", line 887, in _invoke_with_namespace
    return await self._do_call(interaction, transformed_values)
           ^^^^^^^^^^^^^^^^^^^^^^^^^^^^^^^^^^^^^^^^^^^^^^^^^^^^
  File "D:\pythonProject\Deadshot - ModMail\venv\Lib\site-packages\discord\app_commands\commands.py", line 880, in _do_call
    raise CommandInvokeError(self, e) from e
discord.app_commands.errors.CommandInvokeError: Command 'banlist' raised an exception: AttributeError: 'BanEntry' object has no attribute 'name'
[2023-03-12 17:25:04] [INFO    ] discord: Reloaded 'info' | Ausgeführt von Luca♛#7857
[2023-03-12 17:26:48] [INFO    ] discord: Reloaded 'info' | Ausgeführt von Luca♛#7857
[2023-03-12 17:26:59] [INFO    ] discord: Reloaded 'info' | Ausgeführt von Luca♛#7857
[2023-03-12 17:27:29] [INFO    ] discord: Reloaded 'info' | Ausgeführt von Luca♛#7857
[2023-03-12 17:27:58] [INFO    ] discord: Reloaded 'info' | Ausgeführt von Luca♛#7857
[2023-03-12 17:28:38] [INFO    ] discord: Reloaded 'info' | Ausgeführt von Luca♛#7857
[2023-03-12 17:31:27] [INFO    ] discord: Reloaded 'info' | Ausgeführt von Luca♛#7857
[2023-03-12 17:31:29] [INFO    ] discord: Es wurden 15 Befehle synchronisiert. | Ausgeführt von Luca♛#7857
[2023-03-12 17:49:49] [INFO    ] discord: Reloaded 'info' | Ausgeführt von Luca♛#7857
[2023-03-12 17:49:51] [INFO    ] discord: Es wurden 16 Befehle synchronisiert. | Ausgeführt von Luca♛#7857
[2023-03-12 17:50:23] [INFO    ] discord: Reloaded 'info' | Ausgeführt von Luca♛#7857
[2023-03-12 17:50:42] [INFO    ] discord: Reloaded 'info' | Ausgeführt von Luca♛#7857
[2023-03-12 17:51:04] [INFO    ] discord: Reloaded 'info' | Ausgeführt von Luca♛#7857
[2023-03-12 17:51:33] [INFO    ] discord: Reloaded 'info' | Ausgeführt von Luca♛#7857
[2023-03-12 17:51:37] [INFO    ] discord: Es wurden 16 Befehle synchronisiert. | Ausgeführt von Luca♛#7857
[2023-03-12 17:51:54] [INFO    ] discord: Reloaded 'info' | Ausgeführt von Luca♛#7857
[2023-03-12 17:52:24] [INFO    ] discord: Reloaded 'info' | Ausgeführt von Luca♛#7857
[2023-03-12 17:52:39] [INFO    ] discord: Reloaded 'info' | Ausgeführt von Luca♛#7857
[2023-03-12 17:52:53] [INFO    ] discord: Reloaded 'info' | Ausgeführt von Luca♛#7857
[2023-03-12 17:54:16] [INFO    ] discord: Reloaded 'info' | Ausgeführt von Luca♛#7857
[2023-03-12 17:54:29] [INFO    ] discord: Reloaded 'info' | Ausgeführt von Luca♛#7857
[2023-03-12 17:54:32] [ERROR   ] discord.app_commands.tree: Ignoring exception in command 'banlist'
Traceback (most recent call last):
  File "D:\pythonProject\Deadshot - ModMail\venv\Lib\site-packages\discord\app_commands\commands.py", line 861, in _do_call
    return await self._callback(self.binding, interaction, **params)  # type: ignore
           ^^^^^^^^^^^^^^^^^^^^^^^^^^^^^^^^^^^^^^^^^^^^^^^^^^^^^^^^^
  File "D:\pythonProject\Deadshot - ModMail\cogs\info.py", line 496, in banlist
    await interaction.response.send_message(f"The following users are banned on this server:\n\n {ban_list}")
  File "D:\pythonProject\Deadshot - ModMail\venv\Lib\site-packages\discord\interactions.py", line 769, in send_message
    await adapter.create_interaction_response(
  File "D:\pythonProject\Deadshot - ModMail\venv\Lib\site-packages\discord\webhook\async_.py", line 220, in request
    raise HTTPException(response, data)
discord.errors.HTTPException: 400 Bad Request (error code: 50035): Invalid Form Body
In data.content: Must be 2000 or fewer in length.

The above exception was the direct cause of the following exception:

Traceback (most recent call last):
  File "D:\pythonProject\Deadshot - ModMail\venv\Lib\site-packages\discord\app_commands\tree.py", line 1242, in _call
    await command._invoke_with_namespace(interaction, namespace)
  File "D:\pythonProject\Deadshot - ModMail\venv\Lib\site-packages\discord\app_commands\commands.py", line 887, in _invoke_with_namespace
    return await self._do_call(interaction, transformed_values)
           ^^^^^^^^^^^^^^^^^^^^^^^^^^^^^^^^^^^^^^^^^^^^^^^^^^^^
  File "D:\pythonProject\Deadshot - ModMail\venv\Lib\site-packages\discord\app_commands\commands.py", line 880, in _do_call
    raise CommandInvokeError(self, e) from e
discord.app_commands.errors.CommandInvokeError: Command 'banlist' raised an exception: HTTPException: 400 Bad Request (error code: 50035): Invalid Form Body
In data.content: Must be 2000 or fewer in length.
[2023-03-12 17:55:00] [INFO    ] discord: Reloaded 'info' | Ausgeführt von Luca♛#7857
[2023-03-12 17:55:29] [INFO    ] discord: Reloaded 'info' | Ausgeführt von Luca♛#7857
[2023-03-12 17:55:41] [INFO    ] discord: Reloaded 'info' | Ausgeführt von Luca♛#7857
[2023-03-12 17:55:47] [ERROR   ] discord.app_commands.tree: Ignoring exception in command 'banlist'
Traceback (most recent call last):
  File "D:\pythonProject\Deadshot - ModMail\venv\Lib\site-packages\discord\app_commands\commands.py", line 861, in _do_call
    return await self._callback(self.binding, interaction, **params)  # type: ignore
           ^^^^^^^^^^^^^^^^^^^^^^^^^^^^^^^^^^^^^^^^^^^^^^^^^^^^^^^^^
  File "D:\pythonProject\Deadshot - ModMail\cogs\info.py", line 496, in banlist
    await interaction.response.send_message(f"The following users are banned on this server:\n\n {ban_list}")
  File "D:\pythonProject\Deadshot - ModMail\venv\Lib\site-packages\discord\interactions.py", line 769, in send_message
    await adapter.create_interaction_response(
  File "D:\pythonProject\Deadshot - ModMail\venv\Lib\site-packages\discord\webhook\async_.py", line 220, in request
    raise HTTPException(response, data)
discord.errors.HTTPException: 400 Bad Request (error code: 50035): Invalid Form Body
In data.content: Must be 2000 or fewer in length.

The above exception was the direct cause of the following exception:

Traceback (most recent call last):
  File "D:\pythonProject\Deadshot - ModMail\venv\Lib\site-packages\discord\app_commands\tree.py", line 1242, in _call
    await command._invoke_with_namespace(interaction, namespace)
  File "D:\pythonProject\Deadshot - ModMail\venv\Lib\site-packages\discord\app_commands\commands.py", line 887, in _invoke_with_namespace
    return await self._do_call(interaction, transformed_values)
           ^^^^^^^^^^^^^^^^^^^^^^^^^^^^^^^^^^^^^^^^^^^^^^^^^^^^
  File "D:\pythonProject\Deadshot - ModMail\venv\Lib\site-packages\discord\app_commands\commands.py", line 880, in _do_call
    raise CommandInvokeError(self, e) from e
discord.app_commands.errors.CommandInvokeError: Command 'banlist' raised an exception: HTTPException: 400 Bad Request (error code: 50035): Invalid Form Body
In data.content: Must be 2000 or fewer in length.
[2023-03-12 18:18:14] [INFO    ] discord: Reloaded 'info' | Ausgeführt von Luca♛#7857
[2023-03-12 18:18:14] [ERROR   ] discord.app_commands.tree: Ignoring exception in command 'banlist'
Traceback (most recent call last):
  File "D:\pythonProject\Deadshot - ModMail\venv\Lib\site-packages\discord\app_commands\commands.py", line 861, in _do_call
    return await self._callback(self.binding, interaction, **params)  # type: ignore
           ^^^^^^^^^^^^^^^^^^^^^^^^^^^^^^^^^^^^^^^^^^^^^^^^^^^^^^^^^
  File "D:\pythonProject\Deadshot - ModMail\cogs\info.py", line 502, in banlist
    await ctx.response(embed=embed)
          ^^^^^^^^^^^^^^^^^^^^^^^^^
TypeError: 'InteractionResponse' object is not callable

The above exception was the direct cause of the following exception:

Traceback (most recent call last):
  File "D:\pythonProject\Deadshot - ModMail\venv\Lib\site-packages\discord\app_commands\tree.py", line 1242, in _call
    await command._invoke_with_namespace(interaction, namespace)
  File "D:\pythonProject\Deadshot - ModMail\venv\Lib\site-packages\discord\app_commands\commands.py", line 887, in _invoke_with_namespace
    return await self._do_call(interaction, transformed_values)
           ^^^^^^^^^^^^^^^^^^^^^^^^^^^^^^^^^^^^^^^^^^^^^^^^^^^^
  File "D:\pythonProject\Deadshot - ModMail\venv\Lib\site-packages\discord\app_commands\commands.py", line 876, in _do_call
    raise CommandInvokeError(self, e) from e
discord.app_commands.errors.CommandInvokeError: Command 'banlist' raised an exception: TypeError: 'InteractionResponse' object is not callable
[2023-03-12 18:18:24] [INFO    ] discord: Es wurden 16 Befehle synchronisiert. | Ausgeführt von Luca♛#7857
[2023-03-12 18:18:31] [INFO    ] discord.gateway: Shard ID None has connected to Gateway (Session ID: c97b50208fe952235ea772666214da11).
[2023-03-12 18:18:35] [WARNING ] discord.http: We are being rate limited. PUT https://discord.com/api/v10/applications/909496854734057514/commands responded with 429. Retrying in 19.00 seconds.
[2023-03-12 18:18:38] [ERROR   ] discord.app_commands.tree: Ignoring exception in command 'banlist'
Traceback (most recent call last):
  File "D:\pythonProject\Deadshot - ModMail\venv\Lib\site-packages\discord\app_commands\commands.py", line 861, in _do_call
    return await self._callback(self.binding, interaction, **params)  # type: ignore
           ^^^^^^^^^^^^^^^^^^^^^^^^^^^^^^^^^^^^^^^^^^^^^^^^^^^^^^^^^
  File "D:\pythonProject\Deadshot - ModMail\cogs\info.py", line 502, in banlist
    await ctx.response(embed=embed)
          ^^^^^^^^^^^^^^^^^^^^^^^^^
TypeError: 'InteractionResponse' object is not callable

The above exception was the direct cause of the following exception:

Traceback (most recent call last):
  File "D:\pythonProject\Deadshot - ModMail\venv\Lib\site-packages\discord\app_commands\tree.py", line 1242, in _call
    await command._invoke_with_namespace(interaction, namespace)
  File "D:\pythonProject\Deadshot - ModMail\venv\Lib\site-packages\discord\app_commands\commands.py", line 887, in _invoke_with_namespace
    return await self._do_call(interaction, transformed_values)
           ^^^^^^^^^^^^^^^^^^^^^^^^^^^^^^^^^^^^^^^^^^^^^^^^^^^^
  File "D:\pythonProject\Deadshot - ModMail\venv\Lib\site-packages\discord\app_commands\commands.py", line 876, in _do_call
    raise CommandInvokeError(self, e) from e
discord.app_commands.errors.CommandInvokeError: Command 'banlist' raised an exception: TypeError: 'InteractionResponse' object is not callable
[2023-03-12 18:18:38] [ERROR   ] discord.app_commands.tree: Ignoring exception in command 'banlist'
Traceback (most recent call last):
  File "D:\pythonProject\Deadshot - ModMail\venv\Lib\site-packages\discord\app_commands\commands.py", line 861, in _do_call
    return await self._callback(self.binding, interaction, **params)  # type: ignore
           ^^^^^^^^^^^^^^^^^^^^^^^^^^^^^^^^^^^^^^^^^^^^^^^^^^^^^^^^^
  File "D:\pythonProject\Deadshot - ModMail\cogs\info.py", line 502, in banlist
    await ctx.response(embed=embed)
          ^^^^^^^^^^^^^^^^^^^^^^^^^
TypeError: 'InteractionResponse' object is not callable

The above exception was the direct cause of the following exception:

Traceback (most recent call last):
  File "D:\pythonProject\Deadshot - ModMail\venv\Lib\site-packages\discord\app_commands\tree.py", line 1242, in _call
    await command._invoke_with_namespace(interaction, namespace)
  File "D:\pythonProject\Deadshot - ModMail\venv\Lib\site-packages\discord\app_commands\commands.py", line 887, in _invoke_with_namespace
    return await self._do_call(interaction, transformed_values)
           ^^^^^^^^^^^^^^^^^^^^^^^^^^^^^^^^^^^^^^^^^^^^^^^^^^^^
  File "D:\pythonProject\Deadshot - ModMail\venv\Lib\site-packages\discord\app_commands\commands.py", line 876, in _do_call
    raise CommandInvokeError(self, e) from e
discord.app_commands.errors.CommandInvokeError: Command 'banlist' raised an exception: TypeError: 'InteractionResponse' object is not callable
[2023-03-12 18:19:24] [INFO    ] discord: Es wurden 16 Befehle synchronisiert. | Ausgeführt von Luca♛#7857
[2023-03-12 18:30:13] [INFO    ] discord.gateway: Shard ID None has successfully RESUMED session 8c2e05341360267b0a372292f0b6c7a0.
[2023-03-12 18:35:11] [INFO    ] discord.gateway: Shard ID None has connected to Gateway (Session ID: ecc3414c83b7fddad81da0256b42632d).
[2023-03-12 18:51:01] [INFO    ] discord.gateway: Shard ID None has successfully RESUMED session 8c2e05341360267b0a372292f0b6c7a0.
[2023-03-12 20:04:31] [INFO    ] discord.gateway: Shard ID None has connected to Gateway (Session ID: b667a80a47c1407d36d44f142612d543).
[2023-03-12 20:04:38] [ERROR   ] discord.app_commands.tree: Ignoring exception in command 'serverinfo'
Traceback (most recent call last):
  File "D:\pythonProject\Deadshot - ModMail\venv\Lib\site-packages\discord\app_commands\commands.py", line 861, in _do_call
    return await self._callback(self.binding, interaction, **params)  # type: ignore
           ^^^^^^^^^^^^^^^^^^^^^^^^^^^^^^^^^^^^^^^^^^^^^^^^^^^^^^^^^
  File "D:\pythonProject\Deadshot - ModMail\cogs\info.py", line 693, in serverinfo
    entwickler = await self.bot.fetch_user(714361420409733171)
        ^^^^^^^^^^^^^^^^^^^^^^^^^^^^^^^^^^^^^^^^^^^^^^^^^^^^
  File "D:\pythonProject\Deadshot - ModMail\venv\Lib\site-packages\discord\interactions.py", line 769, in send_message
    await adapter.create_interaction_response(
  File "D:\pythonProject\Deadshot - ModMail\venv\Lib\site-packages\discord\webhook\async_.py", line 218, in request
    raise NotFound(response, data)
discord.errors.NotFound: 404 Not Found (error code: 10062): Unknown interaction

The above exception was the direct cause of the following exception:

Traceback (most recent call last):
  File "D:\pythonProject\Deadshot - ModMail\venv\Lib\site-packages\discord\app_commands\tree.py", line 1242, in _call
    await command._invoke_with_namespace(interaction, namespace)
  File "D:\pythonProject\Deadshot - ModMail\venv\Lib\site-packages\discord\app_commands\commands.py", line 887, in _invoke_with_namespace
    return await self._do_call(interaction, transformed_values)
           ^^^^^^^^^^^^^^^^^^^^^^^^^^^^^^^^^^^^^^^^^^^^^^^^^^^^
  File "D:\pythonProject\Deadshot - ModMail\venv\Lib\site-packages\discord\app_commands\commands.py", line 880, in _do_call
    raise CommandInvokeError(self, e) from e
discord.app_commands.errors.CommandInvokeError: Command 'serverinfo' raised an exception: NotFound: 404 Not Found (error code: 10062): Unknown interaction
[2023-03-12 20:35:59] [ERROR   ] discord.app_commands.tree: Ignoring exception in command 'teaminfo'
Traceback (most recent call last):
  File "D:\pythonProject\Deadshot - ModMail\venv\Lib\site-packages\discord\app_commands\commands.py", line 861, in _do_call
    return await self._callback(self.binding, interaction, **params)  # type: ignore
           ^^^^^^^^^^^^^^^^^^^^^^^^^^^^^^^^^^^^^^^^^^^^^^^^^^^^^^^^^
  File "D:\pythonProject\Deadshot - ModMail\cogs\info.py", line 591, in teaminfo
    embed.add_field(name="Member seit:", value=f"<t:{timestamp1}:D>", inline=False)
                 ^^^^^^^^^
IndexError: tuple index out of range

The above exception was the direct cause of the following exception:

Traceback (most recent call last):
  File "D:\pythonProject\Deadshot - ModMail\venv\Lib\site-packages\discord\app_commands\tree.py", line 1242, in _call
    await command._invoke_with_namespace(interaction, namespace)
  File "D:\pythonProject\Deadshot - ModMail\venv\Lib\site-packages\discord\app_commands\commands.py", line 887, in _invoke_with_namespace
    return await self._do_call(interaction, transformed_values)
           ^^^^^^^^^^^^^^^^^^^^^^^^^^^^^^^^^^^^^^^^^^^^^^^^^^^^
  File "D:\pythonProject\Deadshot - ModMail\venv\Lib\site-packages\discord\app_commands\commands.py", line 880, in _do_call
    raise CommandInvokeError(self, e) from e
discord.app_commands.errors.CommandInvokeError: Command 'teaminfo' raised an exception: IndexError: tuple index out of range
[2023-03-12 20:38:06] [ERROR   ] discord.app_commands.tree: Ignoring exception in command 'banlist'
Traceback (most recent call last):
  File "D:\pythonProject\Deadshot - ModMail\venv\Lib\site-packages\discord\app_commands\commands.py", line 861, in _do_call
    return await self._callback(self.binding, interaction, **params)  # type: ignore
           ^^^^^^^^^^^^^^^^^^^^^^^^^^^^^^^^^^^^^^^^^^^^^^^^^^^^^^^^^
  File "D:\pythonProject\Deadshot - ModMail\cogs\info.py", line 506, in banlist
    icon_url="https://cdn.discordapp.com/emojis/1034902940017774662.webp?size=96&quality=lossless")
    ^^^^^^^^^^^^^^^^^^^^^^^^^^^^^^^^^^^^^^^^^^^^^^^^^^^^^^^^^
TypeError: 'InteractionResponse' object is not callable

The above exception was the direct cause of the following exception:

Traceback (most recent call last):
  File "D:\pythonProject\Deadshot - ModMail\venv\Lib\site-packages\discord\app_commands\tree.py", line 1242, in _call
    await command._invoke_with_namespace(interaction, namespace)
  File "D:\pythonProject\Deadshot - ModMail\venv\Lib\site-packages\discord\app_commands\commands.py", line 887, in _invoke_with_namespace
    return await self._do_call(interaction, transformed_values)
           ^^^^^^^^^^^^^^^^^^^^^^^^^^^^^^^^^^^^^^^^^^^^^^^^^^^^
  File "D:\pythonProject\Deadshot - ModMail\venv\Lib\site-packages\discord\app_commands\commands.py", line 876, in _do_call
    raise CommandInvokeError(self, e) from e
discord.app_commands.errors.CommandInvokeError: Command 'banlist' raised an exception: TypeError: 'InteractionResponse' object is not callable
[2023-03-12 20:38:14] [INFO    ] discord: Es wurden 16 Befehle synchronisiert. | Ausgeführt von Luca♛#7857
[2023-03-12 20:38:18] [INFO    ] discord: Reloaded 'info' | Ausgeführt von Luca♛#7857
[2023-03-12 20:39:13] [INFO    ] discord: Es wurden 15 Befehle synchronisiert. | Ausgeführt von Luca♛#7857
[2023-03-12 20:41:22] [INFO    ] discord.gateway: Shard ID None has connected to Gateway (Session ID: 489717a7e5a0db49e2bcebe30bba741b).
[2023-03-12 20:41:23] [INFO    ] discord: Reloaded 'ModMail' | Ausgeführt von Luca♛#7857
[2023-03-12 20:41:24] [ERROR   ] discord.app_commands.tree: Ignoring exception in command 'close'
Traceback (most recent call last):
  File "D:\pythonProject\Deadshot - ModMail\venv\Lib\site-packages\discord\app_commands\commands.py", line 861, in _do_call
    return await self._callback(self.binding, interaction, **params)  # type: ignore
           ^^^^^^^^^^^^^^^^^^^^^^^^^^^^^^^^^^^^^^^^^^^^^^^^^^^^^^^^^
  File "D:\pythonProject\Deadshot - ModMail\cogs\ModMail.py", line 857, in close
    print(db_daten2)
OSError: [Errno 22] Invalid argument

The above exception was the direct cause of the following exception:

Traceback (most recent call last):
  File "D:\pythonProject\Deadshot - ModMail\venv\Lib\site-packages\discord\app_commands\tree.py", line 1242, in _call
    await command._invoke_with_namespace(interaction, namespace)
  File "D:\pythonProject\Deadshot - ModMail\venv\Lib\site-packages\discord\app_commands\commands.py", line 887, in _invoke_with_namespace
    return await self._do_call(interaction, transformed_values)
           ^^^^^^^^^^^^^^^^^^^^^^^^^^^^^^^^^^^^^^^^^^^^^^^^^^^^
  File "D:\pythonProject\Deadshot - ModMail\venv\Lib\site-packages\discord\app_commands\commands.py", line 880, in _do_call
    raise CommandInvokeError(self, e) from e
discord.app_commands.errors.CommandInvokeError: Command 'close' raised an exception: OSError: [Errno 22] Invalid argument
[2023-03-12 20:41:24] [ERROR   ] discord.app_commands.tree: Ignoring exception in command 'reload'
Traceback (most recent call last):
  File "D:\pythonProject\Deadshot - ModMail\venv\Lib\site-packages\discord\app_commands\commands.py", line 861, in _do_call
    return await self._callback(self.binding, interaction, **params)  # type: ignore
           ^^^^^^^^^^^^^^^^^^^^^^^^^^^^^^^^^^^^^^^^^^^^^^^^^^^^^^^^^
  File "D:\pythonProject\Deadshot - ModMail\cogs\developer.py", line 69, in reload
    await interaction.response.send_message(embed=embed, ephemeral=True)
  File "D:\pythonProject\Deadshot - ModMail\venv\Lib\site-packages\discord\interactions.py", line 769, in send_message
    await adapter.create_interaction_response(
  File "D:\pythonProject\Deadshot - ModMail\venv\Lib\site-packages\discord\webhook\async_.py", line 218, in request
    raise NotFound(response, data)
discord.errors.NotFound: 404 Not Found (error code: 10062): Unknown interaction

The above exception was the direct cause of the following exception:

Traceback (most recent call last):
  File "D:\pythonProject\Deadshot - ModMail\venv\Lib\site-packages\discord\app_commands\tree.py", line 1242, in _call
    await command._invoke_with_namespace(interaction, namespace)
  File "D:\pythonProject\Deadshot - ModMail\venv\Lib\site-packages\discord\app_commands\commands.py", line 887, in _invoke_with_namespace
    return await self._do_call(interaction, transformed_values)
           ^^^^^^^^^^^^^^^^^^^^^^^^^^^^^^^^^^^^^^^^^^^^^^^^^^^^
  File "D:\pythonProject\Deadshot - ModMail\venv\Lib\site-packages\discord\app_commands\commands.py", line 880, in _do_call
    raise CommandInvokeError(self, e) from e
discord.app_commands.errors.CommandInvokeError: Command 'reload' raised an exception: NotFound: 404 Not Found (error code: 10062): Unknown interaction
[2023-03-12 20:41:25] [ERROR   ] discord.app_commands.tree: Ignoring exception in command 'close'
Traceback (most recent call last):
  File "D:\pythonProject\Deadshot - ModMail\venv\Lib\site-packages\discord\app_commands\commands.py", line 861, in _do_call
    return await self._callback(self.binding, interaction, **params)  # type: ignore
           ^^^^^^^^^^^^^^^^^^^^^^^^^^^^^^^^^^^^^^^^^^^^^^^^^^^^^^^^^
  File "D:\pythonProject\Deadshot - ModMail\cogs\ModMail.py", line 857, in close
    print(db_daten2)
OSError: [Errno 22] Invalid argument

The above exception was the direct cause of the following exception:

Traceback (most recent call last):
  File "D:\pythonProject\Deadshot - ModMail\venv\Lib\site-packages\discord\app_commands\tree.py", line 1242, in _call
    await command._invoke_with_namespace(interaction, namespace)
  File "D:\pythonProject\Deadshot - ModMail\venv\Lib\site-packages\discord\app_commands\commands.py", line 887, in _invoke_with_namespace
    return await self._do_call(interaction, transformed_values)
           ^^^^^^^^^^^^^^^^^^^^^^^^^^^^^^^^^^^^^^^^^^^^^^^^^^^^
  File "D:\pythonProject\Deadshot - ModMail\venv\Lib\site-packages\discord\app_commands\commands.py", line 880, in _do_call
    raise CommandInvokeError(self, e) from e
discord.app_commands.errors.CommandInvokeError: Command 'close' raised an exception: OSError: [Errno 22] Invalid argument
[2023-03-12 20:41:47] [INFO    ] discord: Reloaded 'ModMail' | Ausgeführt von Luca♛#7857
[2023-03-12 20:41:47] [INFO    ] discord: Reloaded 'ModMail' | Ausgeführt von Luca♛#7857
[2023-03-12 20:41:47] [ERROR   ] discord.app_commands.tree: Ignoring exception in command 'reload'
Traceback (most recent call last):
  File "D:\pythonProject\Deadshot - ModMail\venv\Lib\site-packages\discord\app_commands\commands.py", line 861, in _do_call
    return await self._callback(self.binding, interaction, **params)  # type: ignore
           ^^^^^^^^^^^^^^^^^^^^^^^^^^^^^^^^^^^^^^^^^^^^^^^^^^^^^^^^^
  File "D:\pythonProject\Deadshot - ModMail\cogs\developer.py", line 69, in reload
    await interaction.response.send_message(embed=embed, ephemeral=True)
  File "D:\pythonProject\Deadshot - ModMail\venv\Lib\site-packages\discord\interactions.py", line 769, in send_message
    await adapter.create_interaction_response(
  File "D:\pythonProject\Deadshot - ModMail\venv\Lib\site-packages\discord\webhook\async_.py", line 218, in request
    raise NotFound(response, data)
discord.errors.NotFound: 404 Not Found (error code: 10062): Unknown interaction

The above exception was the direct cause of the following exception:

Traceback (most recent call last):
  File "D:\pythonProject\Deadshot - ModMail\venv\Lib\site-packages\discord\app_commands\tree.py", line 1242, in _call
    await command._invoke_with_namespace(interaction, namespace)
  File "D:\pythonProject\Deadshot - ModMail\venv\Lib\site-packages\discord\app_commands\commands.py", line 887, in _invoke_with_namespace
    return await self._do_call(interaction, transformed_values)
           ^^^^^^^^^^^^^^^^^^^^^^^^^^^^^^^^^^^^^^^^^^^^^^^^^^^^
  File "D:\pythonProject\Deadshot - ModMail\venv\Lib\site-packages\discord\app_commands\commands.py", line 880, in _do_call
    raise CommandInvokeError(self, e) from e
discord.app_commands.errors.CommandInvokeError: Command 'reload' raised an exception: NotFound: 404 Not Found (error code: 10062): Unknown interaction
[2023-03-12 20:41:50] [ERROR   ] discord.app_commands.tree: Ignoring exception in command 'close'
Traceback (most recent call last):
  File "D:\pythonProject\Deadshot - ModMail\venv\Lib\site-packages\discord\app_commands\commands.py", line 861, in _do_call
    return await self._callback(self.binding, interaction, **params)  # type: ignore
           ^^^^^^^^^^^^^^^^^^^^^^^^^^^^^^^^^^^^^^^^^^^^^^^^^^^^^^^^^
  File "D:\pythonProject\Deadshot - ModMail\cogs\ModMail.py", line 857, in close
    print(db_daten2)
OSError: [Errno 22] Invalid argument

The above exception was the direct cause of the following exception:

Traceback (most recent call last):
  File "D:\pythonProject\Deadshot - ModMail\venv\Lib\site-packages\discord\app_commands\tree.py", line 1242, in _call
    await command._invoke_with_namespace(interaction, namespace)
  File "D:\pythonProject\Deadshot - ModMail\venv\Lib\site-packages\discord\app_commands\commands.py", line 887, in _invoke_with_namespace
    return await self._do_call(interaction, transformed_values)
           ^^^^^^^^^^^^^^^^^^^^^^^^^^^^^^^^^^^^^^^^^^^^^^^^^^^^
  File "D:\pythonProject\Deadshot - ModMail\venv\Lib\site-packages\discord\app_commands\commands.py", line 880, in _do_call
    raise CommandInvokeError(self, e) from e
discord.app_commands.errors.CommandInvokeError: Command 'close' raised an exception: OSError: [Errno 22] Invalid argument
[2023-03-12 20:42:07] [INFO    ] discord: Reloaded 'ModMail' | Ausgeführt von Luca♛#7857
[2023-03-12 20:42:07] [INFO    ] discord: Reloaded 'ModMail' | Ausgeführt von Luca♛#7857
[2023-03-12 20:42:08] [ERROR   ] discord.app_commands.tree: Ignoring exception in command 'reload'
Traceback (most recent call last):
  File "D:\pythonProject\Deadshot - ModMail\venv\Lib\site-packages\discord\app_commands\commands.py", line 861, in _do_call
    return await self._callback(self.binding, interaction, **params)  # type: ignore
           ^^^^^^^^^^^^^^^^^^^^^^^^^^^^^^^^^^^^^^^^^^^^^^^^^^^^^^^^^
  File "D:\pythonProject\Deadshot - ModMail\cogs\developer.py", line 69, in reload
    await interaction.response.send_message(embed=embed, ephemeral=True)
  File "D:\pythonProject\Deadshot - ModMail\venv\Lib\site-packages\discord\interactions.py", line 769, in send_message
    await adapter.create_interaction_response(
  File "D:\pythonProject\Deadshot - ModMail\venv\Lib\site-packages\discord\webhook\async_.py", line 218, in request
    raise NotFound(response, data)
discord.errors.NotFound: 404 Not Found (error code: 10062): Unknown interaction

The above exception was the direct cause of the following exception:

Traceback (most recent call last):
  File "D:\pythonProject\Deadshot - ModMail\venv\Lib\site-packages\discord\app_commands\tree.py", line 1242, in _call
    await command._invoke_with_namespace(interaction, namespace)
  File "D:\pythonProject\Deadshot - ModMail\venv\Lib\site-packages\discord\app_commands\commands.py", line 887, in _invoke_with_namespace
    return await self._do_call(interaction, transformed_values)
           ^^^^^^^^^^^^^^^^^^^^^^^^^^^^^^^^^^^^^^^^^^^^^^^^^^^^
  File "D:\pythonProject\Deadshot - ModMail\venv\Lib\site-packages\discord\app_commands\commands.py", line 880, in _do_call
    raise CommandInvokeError(self, e) from e
discord.app_commands.errors.CommandInvokeError: Command 'reload' raised an exception: NotFound: 404 Not Found (error code: 10062): Unknown interaction
[2023-03-12 20:42:15] [ERROR   ] discord.app_commands.tree: Ignoring exception in command 'close'
Traceback (most recent call last):
  File "D:\pythonProject\Deadshot - ModMail\venv\Lib\site-packages\discord\app_commands\commands.py", line 861, in _do_call
    return await self._callback(self.binding, interaction, **params)  # type: ignore
           ^^^^^^^^^^^^^^^^^^^^^^^^^^^^^^^^^^^^^^^^^^^^^^^^^^^^^^^^^
  File "D:\pythonProject\Deadshot - ModMail\cogs\ModMail.py", line 857, in close
    print(db_daten2)
OSError: [Errno 22] Invalid argument

The above exception was the direct cause of the following exception:

Traceback (most recent call last):
  File "D:\pythonProject\Deadshot - ModMail\venv\Lib\site-packages\discord\app_commands\tree.py", line 1242, in _call
    await command._invoke_with_namespace(interaction, namespace)
  File "D:\pythonProject\Deadshot - ModMail\venv\Lib\site-packages\discord\app_commands\commands.py", line 887, in _invoke_with_namespace
    return await self._do_call(interaction, transformed_values)
           ^^^^^^^^^^^^^^^^^^^^^^^^^^^^^^^^^^^^^^^^^^^^^^^^^^^^
  File "D:\pythonProject\Deadshot - ModMail\venv\Lib\site-packages\discord\app_commands\commands.py", line 880, in _do_call
    raise CommandInvokeError(self, e) from e
discord.app_commands.errors.CommandInvokeError: Command 'close' raised an exception: OSError: [Errno 22] Invalid argument
[2023-03-12 20:42:26] [ERROR   ] discord.app_commands.tree: Ignoring exception in command 'close'
Traceback (most recent call last):
  File "D:\pythonProject\Deadshot - ModMail\venv\Lib\site-packages\discord\app_commands\commands.py", line 861, in _do_call
    return await self._callback(self.binding, interaction, **params)  # type: ignore
           ^^^^^^^^^^^^^^^^^^^^^^^^^^^^^^^^^^^^^^^^^^^^^^^^^^^^^^^^^
  File "D:\pythonProject\Deadshot - ModMail\cogs\ModMail.py", line 857, in close
    print(db_daten2)
OSError: [Errno 22] Invalid argument

The above exception was the direct cause of the following exception:

Traceback (most recent call last):
  File "D:\pythonProject\Deadshot - ModMail\venv\Lib\site-packages\discord\app_commands\tree.py", line 1242, in _call
    await command._invoke_with_namespace(interaction, namespace)
  File "D:\pythonProject\Deadshot - ModMail\venv\Lib\site-packages\discord\app_commands\commands.py", line 887, in _invoke_with_namespace
    return await self._do_call(interaction, transformed_values)
           ^^^^^^^^^^^^^^^^^^^^^^^^^^^^^^^^^^^^^^^^^^^^^^^^^^^^
  File "D:\pythonProject\Deadshot - ModMail\venv\Lib\site-packages\discord\app_commands\commands.py", line 880, in _do_call
    raise CommandInvokeError(self, e) from e
discord.app_commands.errors.CommandInvokeError: Command 'close' raised an exception: OSError: [Errno 22] Invalid argument
[2023-03-12 20:42:57] [INFO    ] discord: Reloaded 'ModMail' | Ausgeführt von Luca♛#7857
[2023-03-12 20:42:57] [INFO    ] discord: Reloaded 'ModMail' | Ausgeführt von Luca♛#7857
[2023-03-12 20:42:57] [ERROR   ] discord.app_commands.tree: Ignoring exception in command 'reload'
Traceback (most recent call last):
  File "D:\pythonProject\Deadshot - ModMail\venv\Lib\site-packages\discord\app_commands\commands.py", line 861, in _do_call
    return await self._callback(self.binding, interaction, **params)  # type: ignore
           ^^^^^^^^^^^^^^^^^^^^^^^^^^^^^^^^^^^^^^^^^^^^^^^^^^^^^^^^^
  File "D:\pythonProject\Deadshot - ModMail\cogs\developer.py", line 69, in reload
    await interaction.response.send_message(embed=embed, ephemeral=True)
  File "D:\pythonProject\Deadshot - ModMail\venv\Lib\site-packages\discord\interactions.py", line 769, in send_message
    await adapter.create_interaction_response(
  File "D:\pythonProject\Deadshot - ModMail\venv\Lib\site-packages\discord\webhook\async_.py", line 218, in request
    raise NotFound(response, data)
discord.errors.NotFound: 404 Not Found (error code: 10062): Unknown interaction

The above exception was the direct cause of the following exception:

Traceback (most recent call last):
  File "D:\pythonProject\Deadshot - ModMail\venv\Lib\site-packages\discord\app_commands\tree.py", line 1242, in _call
    await command._invoke_with_namespace(interaction, namespace)
  File "D:\pythonProject\Deadshot - ModMail\venv\Lib\site-packages\discord\app_commands\commands.py", line 887, in _invoke_with_namespace
    return await self._do_call(interaction, transformed_values)
           ^^^^^^^^^^^^^^^^^^^^^^^^^^^^^^^^^^^^^^^^^^^^^^^^^^^^
  File "D:\pythonProject\Deadshot - ModMail\venv\Lib\site-packages\discord\app_commands\commands.py", line 880, in _do_call
    raise CommandInvokeError(self, e) from e
discord.app_commands.errors.CommandInvokeError: Command 'reload' raised an exception: NotFound: 404 Not Found (error code: 10062): Unknown interaction
[2023-03-12 20:43:01] [ERROR   ] discord.app_commands.tree: Ignoring exception in command 'close'
Traceback (most recent call last):
  File "D:\pythonProject\Deadshot - ModMail\venv\Lib\site-packages\discord\app_commands\commands.py", line 861, in _do_call
    return await self._callback(self.binding, interaction, **params)  # type: ignore
           ^^^^^^^^^^^^^^^^^^^^^^^^^^^^^^^^^^^^^^^^^^^^^^^^^^^^^^^^^
  File "D:\pythonProject\Deadshot - ModMail\cogs\ModMail.py", line 857, in close
    print(db_daten2)
OSError: [Errno 22] Invalid argument

The above exception was the direct cause of the following exception:

Traceback (most recent call last):
  File "D:\pythonProject\Deadshot - ModMail\venv\Lib\site-packages\discord\app_commands\tree.py", line 1242, in _call
    await command._invoke_with_namespace(interaction, namespace)
  File "D:\pythonProject\Deadshot - ModMail\venv\Lib\site-packages\discord\app_commands\commands.py", line 887, in _invoke_with_namespace
    return await self._do_call(interaction, transformed_values)
           ^^^^^^^^^^^^^^^^^^^^^^^^^^^^^^^^^^^^^^^^^^^^^^^^^^^^
  File "D:\pythonProject\Deadshot - ModMail\venv\Lib\site-packages\discord\app_commands\commands.py", line 880, in _do_call
    raise CommandInvokeError(self, e) from e
discord.app_commands.errors.CommandInvokeError: Command 'close' raised an exception: OSError: [Errno 22] Invalid argument
[2023-03-12 20:43:13] [ERROR   ] discord.app_commands.tree: Ignoring exception in command 'close'
Traceback (most recent call last):
  File "D:\pythonProject\Deadshot - ModMail\venv\Lib\site-packages\discord\app_commands\commands.py", line 861, in _do_call
    return await self._callback(self.binding, interaction, **params)  # type: ignore
           ^^^^^^^^^^^^^^^^^^^^^^^^^^^^^^^^^^^^^^^^^^^^^^^^^^^^^^^^^
  File "D:\pythonProject\Deadshot - ModMail\cogs\ModMail.py", line 925, in close
    await interaction.response.send_message(embed=error_embed, ephemeral=True)
  File "D:\pythonProject\Deadshot - ModMail\venv\Lib\site-packages\discord\interactions.py", line 769, in send_message
    await adapter.create_interaction_response(
  File "D:\pythonProject\Deadshot - ModMail\venv\Lib\site-packages\discord\webhook\async_.py", line 218, in request
    raise NotFound(response, data)
discord.errors.NotFound: 404 Not Found (error code: 10062): Unknown interaction

The above exception was the direct cause of the following exception:

Traceback (most recent call last):
  File "D:\pythonProject\Deadshot - ModMail\venv\Lib\site-packages\discord\app_commands\tree.py", line 1242, in _call
    await command._invoke_with_namespace(interaction, namespace)
  File "D:\pythonProject\Deadshot - ModMail\venv\Lib\site-packages\discord\app_commands\commands.py", line 887, in _invoke_with_namespace
    return await self._do_call(interaction, transformed_values)
           ^^^^^^^^^^^^^^^^^^^^^^^^^^^^^^^^^^^^^^^^^^^^^^^^^^^^
  File "D:\pythonProject\Deadshot - ModMail\venv\Lib\site-packages\discord\app_commands\commands.py", line 880, in _do_call
    raise CommandInvokeError(self, e) from e
discord.app_commands.errors.CommandInvokeError: Command 'close' raised an exception: NotFound: 404 Not Found (error code: 10062): Unknown interaction
[2023-03-12 20:43:20] [ERROR   ] discord.app_commands.tree: Ignoring exception in command 'close'
Traceback (most recent call last):
  File "D:\pythonProject\Deadshot - ModMail\venv\Lib\site-packages\discord\app_commands\commands.py", line 861, in _do_call
    return await self._callback(self.binding, interaction, **params)  # type: ignore
           ^^^^^^^^^^^^^^^^^^^^^^^^^^^^^^^^^^^^^^^^^^^^^^^^^^^^^^^^^
  File "D:\pythonProject\Deadshot - ModMail\cogs\ModMail.py", line 857, in close
    print(db_daten2)
OSError: [Errno 22] Invalid argument

The above exception was the direct cause of the following exception:

Traceback (most recent call last):
  File "D:\pythonProject\Deadshot - ModMail\venv\Lib\site-packages\discord\app_commands\tree.py", line 1242, in _call
    await command._invoke_with_namespace(interaction, namespace)
  File "D:\pythonProject\Deadshot - ModMail\venv\Lib\site-packages\discord\app_commands\commands.py", line 887, in _invoke_with_namespace
    return await self._do_call(interaction, transformed_values)
           ^^^^^^^^^^^^^^^^^^^^^^^^^^^^^^^^^^^^^^^^^^^^^^^^^^^^
  File "D:\pythonProject\Deadshot - ModMail\venv\Lib\site-packages\discord\app_commands\commands.py", line 880, in _do_call
    raise CommandInvokeError(self, e) from e
discord.app_commands.errors.CommandInvokeError: Command 'close' raised an exception: OSError: [Errno 22] Invalid argument
[2023-03-12 20:43:36] [INFO    ] discord: Reloaded 'ModMail' | Ausgeführt von Luca♛#7857
[2023-03-12 20:43:36] [INFO    ] discord: Reloaded 'ModMail' | Ausgeführt von Luca♛#7857
[2023-03-12 20:43:36] [ERROR   ] discord.app_commands.tree: Ignoring exception in command 'reload'
Traceback (most recent call last):
  File "D:\pythonProject\Deadshot - ModMail\venv\Lib\site-packages\discord\app_commands\commands.py", line 861, in _do_call
    return await self._callback(self.binding, interaction, **params)  # type: ignore
           ^^^^^^^^^^^^^^^^^^^^^^^^^^^^^^^^^^^^^^^^^^^^^^^^^^^^^^^^^
  File "D:\pythonProject\Deadshot - ModMail\cogs\developer.py", line 69, in reload
    await interaction.response.send_message(embed=embed, ephemeral=True)
  File "D:\pythonProject\Deadshot - ModMail\venv\Lib\site-packages\discord\interactions.py", line 769, in send_message
    await adapter.create_interaction_response(
  File "D:\pythonProject\Deadshot - ModMail\venv\Lib\site-packages\discord\webhook\async_.py", line 218, in request
    raise NotFound(response, data)
discord.errors.NotFound: 404 Not Found (error code: 10062): Unknown interaction

The above exception was the direct cause of the following exception:

Traceback (most recent call last):
  File "D:\pythonProject\Deadshot - ModMail\venv\Lib\site-packages\discord\app_commands\tree.py", line 1242, in _call
    await command._invoke_with_namespace(interaction, namespace)
  File "D:\pythonProject\Deadshot - ModMail\venv\Lib\site-packages\discord\app_commands\commands.py", line 887, in _invoke_with_namespace
    return await self._do_call(interaction, transformed_values)
           ^^^^^^^^^^^^^^^^^^^^^^^^^^^^^^^^^^^^^^^^^^^^^^^^^^^^
  File "D:\pythonProject\Deadshot - ModMail\venv\Lib\site-packages\discord\app_commands\commands.py", line 880, in _do_call
    raise CommandInvokeError(self, e) from e
discord.app_commands.errors.CommandInvokeError: Command 'reload' raised an exception: NotFound: 404 Not Found (error code: 10062): Unknown interaction
[2023-03-12 20:43:39] [ERROR   ] discord.app_commands.tree: Ignoring exception in command 'close'
Traceback (most recent call last):
  File "D:\pythonProject\Deadshot - ModMail\venv\Lib\site-packages\discord\app_commands\commands.py", line 861, in _do_call
    return await self._callback(self.binding, interaction, **params)  # type: ignore
           ^^^^^^^^^^^^^^^^^^^^^^^^^^^^^^^^^^^^^^^^^^^^^^^^^^^^^^^^^
  File "D:\pythonProject\Deadshot - ModMail\cogs\ModMail.py", line 857, in close
    print(db_daten2)
OSError: [Errno 22] Invalid argument

The above exception was the direct cause of the following exception:

Traceback (most recent call last):
  File "D:\pythonProject\Deadshot - ModMail\venv\Lib\site-packages\discord\app_commands\tree.py", line 1242, in _call
    await command._invoke_with_namespace(interaction, namespace)
  File "D:\pythonProject\Deadshot - ModMail\venv\Lib\site-packages\discord\app_commands\commands.py", line 887, in _invoke_with_namespace
    return await self._do_call(interaction, transformed_values)
           ^^^^^^^^^^^^^^^^^^^^^^^^^^^^^^^^^^^^^^^^^^^^^^^^^^^^
  File "D:\pythonProject\Deadshot - ModMail\venv\Lib\site-packages\discord\app_commands\commands.py", line 880, in _do_call
    raise CommandInvokeError(self, e) from e
discord.app_commands.errors.CommandInvokeError: Command 'close' raised an exception: OSError: [Errno 22] Invalid argument
[2023-03-12 20:43:48] [ERROR   ] discord.app_commands.tree: Ignoring exception in command 'close'
Traceback (most recent call last):
  File "D:\pythonProject\Deadshot - ModMail\venv\Lib\site-packages\discord\app_commands\commands.py", line 861, in _do_call
    return await self._callback(self.binding, interaction, **params)  # type: ignore
           ^^^^^^^^^^^^^^^^^^^^^^^^^^^^^^^^^^^^^^^^^^^^^^^^^^^^^^^^^
  File "D:\pythonProject\Deadshot - ModMail\cogs\ModMail.py", line 925, in close
    await interaction.response.send_message(embed=error_embed, ephemeral=True)
  File "D:\pythonProject\Deadshot - ModMail\venv\Lib\site-packages\discord\interactions.py", line 769, in send_message
    await adapter.create_interaction_response(
  File "D:\pythonProject\Deadshot - ModMail\venv\Lib\site-packages\discord\webhook\async_.py", line 218, in request
    raise NotFound(response, data)
discord.errors.NotFound: 404 Not Found (error code: 10062): Unknown interaction

The above exception was the direct cause of the following exception:

Traceback (most recent call last):
  File "D:\pythonProject\Deadshot - ModMail\venv\Lib\site-packages\discord\app_commands\tree.py", line 1242, in _call
    await command._invoke_with_namespace(interaction, namespace)
  File "D:\pythonProject\Deadshot - ModMail\venv\Lib\site-packages\discord\app_commands\commands.py", line 887, in _invoke_with_namespace
    return await self._do_call(interaction, transformed_values)
           ^^^^^^^^^^^^^^^^^^^^^^^^^^^^^^^^^^^^^^^^^^^^^^^^^^^^
  File "D:\pythonProject\Deadshot - ModMail\venv\Lib\site-packages\discord\app_commands\commands.py", line 880, in _do_call
    raise CommandInvokeError(self, e) from e
discord.app_commands.errors.CommandInvokeError: Command 'close' raised an exception: NotFound: 404 Not Found (error code: 10062): Unknown interaction
[2023-03-12 20:44:24] [ERROR   ] discord.app_commands.tree: Ignoring exception in command 'add'
Traceback (most recent call last):
  File "D:\pythonProject\Deadshot - ModMail\venv\Lib\site-packages\discord\app_commands\commands.py", line 861, in _do_call
    return await self._callback(self.binding, interaction, **params)  # type: ignore
           ^^^^^^^^^^^^^^^^^^^^^^^^^^^^^^^^^^^^^^^^^^^^^^^^^^^^^^^^^
  File "D:\pythonProject\Deadshot - ModMail\cogs\team.py", line 78, in add
    await interaction.response.send_message(embed=embed, ephemeral=True)
  File "D:\pythonProject\Deadshot - ModMail\venv\Lib\site-packages\discord\interactions.py", line 769, in send_message
    await adapter.create_interaction_response(
  File "D:\pythonProject\Deadshot - ModMail\venv\Lib\site-packages\discord\webhook\async_.py", line 218, in request
    raise NotFound(response, data)
discord.errors.NotFound: 404 Not Found (error code: 10062): Unknown interaction

The above exception was the direct cause of the following exception:

Traceback (most recent call last):
  File "D:\pythonProject\Deadshot - ModMail\venv\Lib\site-packages\discord\app_commands\tree.py", line 1242, in _call
    await command._invoke_with_namespace(interaction, namespace)
  File "D:\pythonProject\Deadshot - ModMail\venv\Lib\site-packages\discord\app_commands\commands.py", line 887, in _invoke_with_namespace
    return await self._do_call(interaction, transformed_values)
           ^^^^^^^^^^^^^^^^^^^^^^^^^^^^^^^^^^^^^^^^^^^^^^^^^^^^
  File "D:\pythonProject\Deadshot - ModMail\venv\Lib\site-packages\discord\app_commands\commands.py", line 880, in _do_call
    raise CommandInvokeError(self, e) from e
discord.app_commands.errors.CommandInvokeError: Command 'add' raised an exception: NotFound: 404 Not Found (error code: 10062): Unknown interaction
[2023-03-12 20:44:39] [ERROR   ] discord.app_commands.tree: Ignoring exception in command 'add'
Traceback (most recent call last):
  File "D:\pythonProject\Deadshot - ModMail\venv\Lib\site-packages\discord\app_commands\commands.py", line 861, in _do_call
    return await self._callback(self.binding, interaction, **params)  # type: ignore
           ^^^^^^^^^^^^^^^^^^^^^^^^^^^^^^^^^^^^^^^^^^^^^^^^^^^^^^^^^
  File "D:\pythonProject\Deadshot - ModMail\cogs\snippets.py", line 97, in add
    await interaction.response.send_message(embed=snippet_addembed)
  File "D:\pythonProject\Deadshot - ModMail\venv\Lib\site-packages\discord\interactions.py", line 769, in send_message
    await adapter.create_interaction_response(
  File "D:\pythonProject\Deadshot - ModMail\venv\Lib\site-packages\discord\webhook\async_.py", line 218, in request
    raise NotFound(response, data)
discord.errors.NotFound: 404 Not Found (error code: 10062): Unknown interaction

The above exception was the direct cause of the following exception:

Traceback (most recent call last):
  File "D:\pythonProject\Deadshot - ModMail\venv\Lib\site-packages\discord\app_commands\tree.py", line 1242, in _call
    await command._invoke_with_namespace(interaction, namespace)
  File "D:\pythonProject\Deadshot - ModMail\venv\Lib\site-packages\discord\app_commands\commands.py", line 887, in _invoke_with_namespace
    return await self._do_call(interaction, transformed_values)
           ^^^^^^^^^^^^^^^^^^^^^^^^^^^^^^^^^^^^^^^^^^^^^^^^^^^^
  File "D:\pythonProject\Deadshot - ModMail\venv\Lib\site-packages\discord\app_commands\commands.py", line 880, in _do_call
    raise CommandInvokeError(self, e) from e
discord.app_commands.errors.CommandInvokeError: Command 'add' raised an exception: NotFound: 404 Not Found (error code: 10062): Unknown interaction
[2023-03-12 20:44:51] [ERROR   ] discord.app_commands.tree: Ignoring exception in command 'delete'
Traceback (most recent call last):
  File "D:\pythonProject\Deadshot - ModMail\venv\Lib\site-packages\discord\app_commands\commands.py", line 861, in _do_call
    return await self._callback(self.binding, interaction, **params)  # type: ignore
           ^^^^^^^^^^^^^^^^^^^^^^^^^^^^^^^^^^^^^^^^^^^^^^^^^^^^^^^^^
  File "D:\pythonProject\Deadshot - ModMail\cogs\snippets.py", line 211, in delete
    await interaction.response.send_message(embed=embed)
  File "D:\pythonProject\Deadshot - ModMail\venv\Lib\site-packages\discord\interactions.py", line 769, in send_message
    await adapter.create_interaction_response(
  File "D:\pythonProject\Deadshot - ModMail\venv\Lib\site-packages\discord\webhook\async_.py", line 218, in request
    raise NotFound(response, data)
discord.errors.NotFound: 404 Not Found (error code: 10062): Unknown interaction

The above exception was the direct cause of the following exception:

Traceback (most recent call last):
  File "D:\pythonProject\Deadshot - ModMail\venv\Lib\site-packages\discord\app_commands\tree.py", line 1242, in _call
    await command._invoke_with_namespace(interaction, namespace)
  File "D:\pythonProject\Deadshot - ModMail\venv\Lib\site-packages\discord\app_commands\commands.py", line 887, in _invoke_with_namespace
    return await self._do_call(interaction, transformed_values)
           ^^^^^^^^^^^^^^^^^^^^^^^^^^^^^^^^^^^^^^^^^^^^^^^^^^^^
  File "D:\pythonProject\Deadshot - ModMail\venv\Lib\site-packages\discord\app_commands\commands.py", line 880, in _do_call
    raise CommandInvokeError(self, e) from e
discord.app_commands.errors.CommandInvokeError: Command 'delete' raised an exception: NotFound: 404 Not Found (error code: 10062): Unknown interaction
[2023-03-12 20:47:48] [INFO    ] discord: Reloaded 'ModMail' | Ausgeführt von Luca♛#7857
[2023-03-12 20:47:48] [INFO    ] discord: Reloaded 'ModMail' | Ausgeführt von Luca♛#7857
[2023-03-12 20:47:48] [ERROR   ] discord.app_commands.tree: Ignoring exception in command 'reload'
Traceback (most recent call last):
  File "D:\pythonProject\Deadshot - ModMail\venv\Lib\site-packages\discord\app_commands\commands.py", line 861, in _do_call
    return await self._callback(self.binding, interaction, **params)  # type: ignore
           ^^^^^^^^^^^^^^^^^^^^^^^^^^^^^^^^^^^^^^^^^^^^^^^^^^^^^^^^^
  File "D:\pythonProject\Deadshot - ModMail\cogs\developer.py", line 69, in reload
    await interaction.response.send_message(embed=embed, ephemeral=True)
  File "D:\pythonProject\Deadshot - ModMail\venv\Lib\site-packages\discord\interactions.py", line 769, in send_message
    await adapter.create_interaction_response(
  File "D:\pythonProject\Deadshot - ModMail\venv\Lib\site-packages\discord\webhook\async_.py", line 218, in request
    raise NotFound(response, data)
discord.errors.NotFound: 404 Not Found (error code: 10062): Unknown interaction

The above exception was the direct cause of the following exception:

Traceback (most recent call last):
  File "D:\pythonProject\Deadshot - ModMail\venv\Lib\site-packages\discord\app_commands\tree.py", line 1242, in _call
    await command._invoke_with_namespace(interaction, namespace)
  File "D:\pythonProject\Deadshot - ModMail\venv\Lib\site-packages\discord\app_commands\commands.py", line 887, in _invoke_with_namespace
    return await self._do_call(interaction, transformed_values)
           ^^^^^^^^^^^^^^^^^^^^^^^^^^^^^^^^^^^^^^^^^^^^^^^^^^^^
  File "D:\pythonProject\Deadshot - ModMail\venv\Lib\site-packages\discord\app_commands\commands.py", line 880, in _do_call
    raise CommandInvokeError(self, e) from e
discord.app_commands.errors.CommandInvokeError: Command 'reload' raised an exception: NotFound: 404 Not Found (error code: 10062): Unknown interaction
[2023-03-12 20:47:51] [INFO    ] discord: Es wurden 16 Befehle synchronisiert. | Ausgeführt von Luca♛#7857
[2023-03-12 20:48:25] [INFO    ] discord: Reloaded 'ModMail' | Ausgeführt von Luca♛#7857
[2023-03-12 20:48:25] [INFO    ] discord: Reloaded 'ModMail' | Ausgeführt von Luca♛#7857
[2023-03-12 20:48:26] [ERROR   ] discord.app_commands.tree: Ignoring exception in command 'reload'
Traceback (most recent call last):
  File "D:\pythonProject\Deadshot - ModMail\venv\Lib\site-packages\discord\app_commands\commands.py", line 861, in _do_call
    return await self._callback(self.binding, interaction, **params)  # type: ignore
           ^^^^^^^^^^^^^^^^^^^^^^^^^^^^^^^^^^^^^^^^^^^^^^^^^^^^^^^^^
  File "D:\pythonProject\Deadshot - ModMail\cogs\developer.py", line 69, in reload
    await interaction.response.send_message(embed=embed, ephemeral=True)
  File "D:\pythonProject\Deadshot - ModMail\venv\Lib\site-packages\discord\interactions.py", line 769, in send_message
    await adapter.create_interaction_response(
  File "D:\pythonProject\Deadshot - ModMail\venv\Lib\site-packages\discord\webhook\async_.py", line 218, in request
    raise NotFound(response, data)
discord.errors.NotFound: 404 Not Found (error code: 10062): Unknown interaction

The above exception was the direct cause of the following exception:

Traceback (most recent call last):
  File "D:\pythonProject\Deadshot - ModMail\venv\Lib\site-packages\discord\app_commands\tree.py", line 1242, in _call
    await command._invoke_with_namespace(interaction, namespace)
  File "D:\pythonProject\Deadshot - ModMail\venv\Lib\site-packages\discord\app_commands\commands.py", line 887, in _invoke_with_namespace
    return await self._do_call(interaction, transformed_values)
           ^^^^^^^^^^^^^^^^^^^^^^^^^^^^^^^^^^^^^^^^^^^^^^^^^^^^
  File "D:\pythonProject\Deadshot - ModMail\venv\Lib\site-packages\discord\app_commands\commands.py", line 880, in _do_call
    raise CommandInvokeError(self, e) from e
discord.app_commands.errors.CommandInvokeError: Command 'reload' raised an exception: NotFound: 404 Not Found (error code: 10062): Unknown interaction
[2023-03-12 20:48:29] [ERROR   ] discord.app_commands.tree: Ignoring exception in command 'kontakt'
Traceback (most recent call last):
  File "D:\pythonProject\Deadshot - ModMail\venv\Lib\site-packages\discord\app_commands\commands.py", line 861, in _do_call
    return await self._callback(self.binding, interaction, **params)  # type: ignore
           ^^^^^^^^^^^^^^^^^^^^^^^^^^^^^^^^^^^^^^^^^^^^^^^^^^^^^^^^^
  File "D:\pythonProject\Deadshot - ModMail\cogs\ModMail.py", line 938, in kontakt
    await member.send(f"Ticket geöffnet von {interaction.user}")
  File "D:\pythonProject\Deadshot - ModMail\venv\Lib\site-packages\discord\abc.py", line 1494, in send
    channel = await self._get_channel()
              ^^^^^^^^^^^^^^^^^^^^^^^^^
  File "D:\pythonProject\Deadshot - ModMail\venv\Lib\site-packages\discord\member.py", line 429, in _get_channel
    ch = await self.create_dm()
         ^^^^^^^^^^^^^^^^^^^^^^
  File "D:\pythonProject\Deadshot - ModMail\venv\Lib\site-packages\discord\member.py", line 235, in general
    return await getattr(self._user, x)(*args, **kwargs)
                 ^^^^^^^^^^^^^^^^^^^^^^
AttributeError: 'ClientUser' object has no attribute 'create_dm'

The above exception was the direct cause of the following exception:

Traceback (most recent call last):
  File "D:\pythonProject\Deadshot - ModMail\venv\Lib\site-packages\discord\app_commands\tree.py", line 1242, in _call
    await command._invoke_with_namespace(interaction, namespace)
  File "D:\pythonProject\Deadshot - ModMail\venv\Lib\site-packages\discord\app_commands\commands.py", line 887, in _invoke_with_namespace
    return await self._do_call(interaction, transformed_values)
           ^^^^^^^^^^^^^^^^^^^^^^^^^^^^^^^^^^^^^^^^^^^^^^^^^^^^
  File "D:\pythonProject\Deadshot - ModMail\venv\Lib\site-packages\discord\app_commands\commands.py", line 880, in _do_call
    raise CommandInvokeError(self, e) from e
discord.app_commands.errors.CommandInvokeError: Command 'kontakt' raised an exception: AttributeError: 'ClientUser' object has no attribute 'create_dm'
[2023-03-12 20:48:29] [ERROR   ] discord.app_commands.tree: Ignoring exception in command 'kontakt'
Traceback (most recent call last):
  File "D:\pythonProject\Deadshot - ModMail\venv\Lib\site-packages\discord\app_commands\commands.py", line 861, in _do_call
    return await self._callback(self.binding, interaction, **params)  # type: ignore
           ^^^^^^^^^^^^^^^^^^^^^^^^^^^^^^^^^^^^^^^^^^^^^^^^^^^^^^^^^
  File "D:\pythonProject\Deadshot - ModMail\cogs\ModMail.py", line 938, in kontakt
    await member.send(f"Ticket geöffnet von {interaction.user}")
  File "D:\pythonProject\Deadshot - ModMail\venv\Lib\site-packages\discord\abc.py", line 1494, in send
    channel = await self._get_channel()
              ^^^^^^^^^^^^^^^^^^^^^^^^^
  File "D:\pythonProject\Deadshot - ModMail\venv\Lib\site-packages\discord\member.py", line 429, in _get_channel
    ch = await self.create_dm()
         ^^^^^^^^^^^^^^^^^^^^^^
  File "D:\pythonProject\Deadshot - ModMail\venv\Lib\site-packages\discord\member.py", line 235, in general
    return await getattr(self._user, x)(*args, **kwargs)
                 ^^^^^^^^^^^^^^^^^^^^^^
AttributeError: 'ClientUser' object has no attribute 'create_dm'

The above exception was the direct cause of the following exception:

Traceback (most recent call last):
  File "D:\pythonProject\Deadshot - ModMail\venv\Lib\site-packages\discord\app_commands\tree.py", line 1242, in _call
    await command._invoke_with_namespace(interaction, namespace)
  File "D:\pythonProject\Deadshot - ModMail\venv\Lib\site-packages\discord\app_commands\commands.py", line 887, in _invoke_with_namespace
    return await self._do_call(interaction, transformed_values)
           ^^^^^^^^^^^^^^^^^^^^^^^^^^^^^^^^^^^^^^^^^^^^^^^^^^^^
  File "D:\pythonProject\Deadshot - ModMail\venv\Lib\site-packages\discord\app_commands\commands.py", line 880, in _do_call
    raise CommandInvokeError(self, e) from e
discord.app_commands.errors.CommandInvokeError: Command 'kontakt' raised an exception: AttributeError: 'ClientUser' object has no attribute 'create_dm'
[2023-03-12 20:49:19] [ERROR   ] discord.client: Attempting a reconnect in 0.97s
Traceback (most recent call last):
  File "D:\pythonProject\Deadshot - ModMail\venv\Lib\site-packages\discord\client.py", line 627, in connect
    await self.ws.poll_event()
  File "D:\pythonProject\Deadshot - ModMail\venv\Lib\site-packages\discord\gateway.py", line 646, in poll_event
    raise ConnectionClosed(self.socket, shard_id=self.shard_id, code=code) from None
discord.errors.ConnectionClosed: Shard ID None WebSocket closed with 1000
[2023-03-12 20:49:19] [ERROR   ] discord.client: Attempting a reconnect in 0.38s
Traceback (most recent call last):
  File "D:\pythonProject\Deadshot - ModMail\venv\Lib\site-packages\discord\client.py", line 627, in connect
    await self.ws.poll_event()
  File "D:\pythonProject\Deadshot - ModMail\venv\Lib\site-packages\discord\gateway.py", line 646, in poll_event
    raise ConnectionClosed(self.socket, shard_id=self.shard_id, code=code) from None
discord.errors.ConnectionClosed: Shard ID None WebSocket closed with 1000
[2023-03-12 20:49:19] [INFO    ] discord: Reloaded 'ModMail' | Ausgeführt von Luca♛#7857
[2023-03-12 20:49:19] [INFO    ] discord: Reloaded 'ModMail' | Ausgeführt von Luca♛#7857
[2023-03-12 20:49:19] [ERROR   ] discord.app_commands.tree: Ignoring exception in command 'kontakt'
Traceback (most recent call last):
  File "D:\pythonProject\Deadshot - ModMail\venv\Lib\site-packages\discord\app_commands\commands.py", line 861, in _do_call
    return await self._callback(self.binding, interaction, **params)  # type: ignore
           ^^^^^^^^^^^^^^^^^^^^^^^^^^^^^^^^^^^^^^^^^^^^^^^^^^^^^^^^^
  File "D:\pythonProject\Deadshot - ModMail\cogs\ModMail.py", line 937, in kontakt
    print(1)
OSError: [Errno 22] Invalid argument

The above exception was the direct cause of the following exception:

Traceback (most recent call last):
  File "D:\pythonProject\Deadshot - ModMail\venv\Lib\site-packages\discord\app_commands\tree.py", line 1242, in _call
    await command._invoke_with_namespace(interaction, namespace)
  File "D:\pythonProject\Deadshot - ModMail\venv\Lib\site-packages\discord\app_commands\commands.py", line 887, in _invoke_with_namespace
    return await self._do_call(interaction, transformed_values)
           ^^^^^^^^^^^^^^^^^^^^^^^^^^^^^^^^^^^^^^^^^^^^^^^^^^^^
  File "D:\pythonProject\Deadshot - ModMail\venv\Lib\site-packages\discord\app_commands\commands.py", line 880, in _do_call
    raise CommandInvokeError(self, e) from e
discord.app_commands.errors.CommandInvokeError: Command 'kontakt' raised an exception: OSError: [Errno 22] Invalid argument
[2023-03-12 20:49:20] [ERROR   ] discord.app_commands.tree: Ignoring exception in command 'reload'
Traceback (most recent call last):
  File "D:\pythonProject\Deadshot - ModMail\venv\Lib\site-packages\discord\app_commands\commands.py", line 861, in _do_call
    return await self._callback(self.binding, interaction, **params)  # type: ignore
           ^^^^^^^^^^^^^^^^^^^^^^^^^^^^^^^^^^^^^^^^^^^^^^^^^^^^^^^^^
  File "D:\pythonProject\Deadshot - ModMail\cogs\developer.py", line 69, in reload
    await interaction.response.send_message(embed=embed, ephemeral=True)
  File "D:\pythonProject\Deadshot - ModMail\venv\Lib\site-packages\discord\interactions.py", line 769, in send_message
    await adapter.create_interaction_response(
  File "D:\pythonProject\Deadshot - ModMail\venv\Lib\site-packages\discord\webhook\async_.py", line 218, in request
    raise NotFound(response, data)
discord.errors.NotFound: 404 Not Found (error code: 10062): Unknown interaction

The above exception was the direct cause of the following exception:

Traceback (most recent call last):
  File "D:\pythonProject\Deadshot - ModMail\venv\Lib\site-packages\discord\app_commands\tree.py", line 1242, in _call
    await command._invoke_with_namespace(interaction, namespace)
  File "D:\pythonProject\Deadshot - ModMail\venv\Lib\site-packages\discord\app_commands\commands.py", line 887, in _invoke_with_namespace
    return await self._do_call(interaction, transformed_values)
           ^^^^^^^^^^^^^^^^^^^^^^^^^^^^^^^^^^^^^^^^^^^^^^^^^^^^
  File "D:\pythonProject\Deadshot - ModMail\venv\Lib\site-packages\discord\app_commands\commands.py", line 880, in _do_call
    raise CommandInvokeError(self, e) from e
discord.app_commands.errors.CommandInvokeError: Command 'reload' raised an exception: NotFound: 404 Not Found (error code: 10062): Unknown interaction
[2023-03-12 20:49:20] [ERROR   ] discord.app_commands.tree: Ignoring exception in command 'reload'
Traceback (most recent call last):
  File "D:\pythonProject\Deadshot - ModMail\venv\Lib\site-packages\discord\app_commands\commands.py", line 861, in _do_call
    return await self._callback(self.binding, interaction, **params)  # type: ignore
           ^^^^^^^^^^^^^^^^^^^^^^^^^^^^^^^^^^^^^^^^^^^^^^^^^^^^^^^^^
  File "D:\pythonProject\Deadshot - ModMail\cogs\developer.py", line 69, in reload
    await interaction.response.send_message(embed=embed, ephemeral=True)
  File "D:\pythonProject\Deadshot - ModMail\venv\Lib\site-packages\discord\interactions.py", line 769, in send_message
    await adapter.create_interaction_response(
  File "D:\pythonProject\Deadshot - ModMail\venv\Lib\site-packages\discord\webhook\async_.py", line 218, in request
    raise NotFound(response, data)
discord.errors.NotFound: 404 Not Found (error code: 10062): Unknown interaction

The above exception was the direct cause of the following exception:

Traceback (most recent call last):
  File "D:\pythonProject\Deadshot - ModMail\venv\Lib\site-packages\discord\app_commands\tree.py", line 1242, in _call
    await command._invoke_with_namespace(interaction, namespace)
  File "D:\pythonProject\Deadshot - ModMail\venv\Lib\site-packages\discord\app_commands\commands.py", line 887, in _invoke_with_namespace
    return await self._do_call(interaction, transformed_values)
           ^^^^^^^^^^^^^^^^^^^^^^^^^^^^^^^^^^^^^^^^^^^^^^^^^^^^
  File "D:\pythonProject\Deadshot - ModMail\venv\Lib\site-packages\discord\app_commands\commands.py", line 880, in _do_call
    raise CommandInvokeError(self, e) from e
discord.app_commands.errors.CommandInvokeError: Command 'reload' raised an exception: NotFound: 404 Not Found (error code: 10062): Unknown interaction
[2023-03-12 20:49:20] [INFO    ] discord: Es wurden 16 Befehle synchronisiert. | Ausgeführt von Luca♛#7857
[2023-03-12 20:49:20] [INFO    ] discord.gateway: Shard ID None has successfully RESUMED session 8c2e05341360267b0a372292f0b6c7a0.
[2023-03-12 20:49:21] [INFO    ] discord.gateway: Shard ID None has successfully RESUMED session 489717a7e5a0db49e2bcebe30bba741b.
[2023-03-12 20:49:29] [INFO    ] discord.gateway: Shard ID None has connected to Gateway (Session ID: 3ebd7f75ff816ad2b5804e1543b8d57c).
[2023-03-12 20:50:56] [INFO    ] discord: Reloaded 'ModMail' | Ausgeführt von Luca♛#7857
[2023-03-12 20:50:56] [INFO    ] discord: Reloaded 'ModMail' | Ausgeführt von Luca♛#7857
[2023-03-12 20:50:56] [ERROR   ] discord.app_commands.tree: Ignoring exception in command 'reload'
Traceback (most recent call last):
  File "D:\pythonProject\Deadshot - ModMail\venv\Lib\site-packages\discord\app_commands\commands.py", line 861, in _do_call
    return await self._callback(self.binding, interaction, **params)  # type: ignore
           ^^^^^^^^^^^^^^^^^^^^^^^^^^^^^^^^^^^^^^^^^^^^^^^^^^^^^^^^^
  File "D:\pythonProject\Deadshot - ModMail\cogs\developer.py", line 69, in reload
    await interaction.response.send_message(embed=embed, ephemeral=True)
  File "D:\pythonProject\Deadshot - ModMail\venv\Lib\site-packages\discord\interactions.py", line 769, in send_message
    await adapter.create_interaction_response(
  File "D:\pythonProject\Deadshot - ModMail\venv\Lib\site-packages\discord\webhook\async_.py", line 218, in request
    raise NotFound(response, data)
discord.errors.NotFound: 404 Not Found (error code: 10062): Unknown interaction

The above exception was the direct cause of the following exception:

Traceback (most recent call last):
  File "D:\pythonProject\Deadshot - ModMail\venv\Lib\site-packages\discord\app_commands\tree.py", line 1242, in _call
    await command._invoke_with_namespace(interaction, namespace)
  File "D:\pythonProject\Deadshot - ModMail\venv\Lib\site-packages\discord\app_commands\commands.py", line 887, in _invoke_with_namespace
    return await self._do_call(interaction, transformed_values)
           ^^^^^^^^^^^^^^^^^^^^^^^^^^^^^^^^^^^^^^^^^^^^^^^^^^^^
  File "D:\pythonProject\Deadshot - ModMail\venv\Lib\site-packages\discord\app_commands\commands.py", line 880, in _do_call
    raise CommandInvokeError(self, e) from e
discord.app_commands.errors.CommandInvokeError: Command 'reload' raised an exception: NotFound: 404 Not Found (error code: 10062): Unknown interaction
[2023-03-12 20:51:02] [ERROR   ] discord.app_commands.tree: Ignoring exception in command 'kontakt'
Traceback (most recent call last):
  File "D:\pythonProject\Deadshot - ModMail\venv\Lib\site-packages\discord\app_commands\commands.py", line 861, in _do_call
    return await self._callback(self.binding, interaction, **params)  # type: ignore
           ^^^^^^^^^^^^^^^^^^^^^^^^^^^^^^^^^^^^^^^^^^^^^^^^^^^^^^^^^
  File "D:\pythonProject\Deadshot - ModMail\cogs\ModMail.py", line 937, in kontakt
    print(1)
OSError: [Errno 22] Invalid argument

The above exception was the direct cause of the following exception:

Traceback (most recent call last):
  File "D:\pythonProject\Deadshot - ModMail\venv\Lib\site-packages\discord\app_commands\tree.py", line 1242, in _call
    await command._invoke_with_namespace(interaction, namespace)
  File "D:\pythonProject\Deadshot - ModMail\venv\Lib\site-packages\discord\app_commands\commands.py", line 887, in _invoke_with_namespace
    return await self._do_call(interaction, transformed_values)
           ^^^^^^^^^^^^^^^^^^^^^^^^^^^^^^^^^^^^^^^^^^^^^^^^^^^^
  File "D:\pythonProject\Deadshot - ModMail\venv\Lib\site-packages\discord\app_commands\commands.py", line 880, in _do_call
    raise CommandInvokeError(self, e) from e
discord.app_commands.errors.CommandInvokeError: Command 'kontakt' raised an exception: OSError: [Errno 22] Invalid argument
[2023-03-12 20:53:53] [INFO    ] discord: Reloaded 'ModMail' | Ausgeführt von Luca♛#7857
[2023-03-12 20:53:53] [INFO    ] discord: Reloaded 'ModMail' | Ausgeführt von Luca♛#7857
[2023-03-12 20:53:54] [ERROR   ] discord.app_commands.tree: Ignoring exception in command 'reload'
Traceback (most recent call last):
  File "D:\pythonProject\Deadshot - ModMail\venv\Lib\site-packages\discord\app_commands\commands.py", line 861, in _do_call
    return await self._callback(self.binding, interaction, **params)  # type: ignore
           ^^^^^^^^^^^^^^^^^^^^^^^^^^^^^^^^^^^^^^^^^^^^^^^^^^^^^^^^^
  File "D:\pythonProject\Deadshot - ModMail\cogs\developer.py", line 69, in reload
    await interaction.response.send_message(embed=embed, ephemeral=True)
  File "D:\pythonProject\Deadshot - ModMail\venv\Lib\site-packages\discord\interactions.py", line 769, in send_message
    await adapter.create_interaction_response(
  File "D:\pythonProject\Deadshot - ModMail\venv\Lib\site-packages\discord\webhook\async_.py", line 218, in request
    raise NotFound(response, data)
discord.errors.NotFound: 404 Not Found (error code: 10062): Unknown interaction

The above exception was the direct cause of the following exception:

Traceback (most recent call last):
  File "D:\pythonProject\Deadshot - ModMail\venv\Lib\site-packages\discord\app_commands\tree.py", line 1242, in _call
    await command._invoke_with_namespace(interaction, namespace)
  File "D:\pythonProject\Deadshot - ModMail\venv\Lib\site-packages\discord\app_commands\commands.py", line 887, in _invoke_with_namespace
    return await self._do_call(interaction, transformed_values)
           ^^^^^^^^^^^^^^^^^^^^^^^^^^^^^^^^^^^^^^^^^^^^^^^^^^^^
  File "D:\pythonProject\Deadshot - ModMail\venv\Lib\site-packages\discord\app_commands\commands.py", line 880, in _do_call
    raise CommandInvokeError(self, e) from e
discord.app_commands.errors.CommandInvokeError: Command 'reload' raised an exception: NotFound: 404 Not Found (error code: 10062): Unknown interaction
[2023-03-12 20:53:59] [ERROR   ] discord.app_commands.tree: Ignoring exception in command 'kontakt'
Traceback (most recent call last):
  File "D:\pythonProject\Deadshot - ModMail\venv\Lib\site-packages\discord\app_commands\commands.py", line 861, in _do_call
    return await self._callback(self.binding, interaction, **params)  # type: ignore
           ^^^^^^^^^^^^^^^^^^^^^^^^^^^^^^^^^^^^^^^^^^^^^^^^^^^^^^^^^
  File "D:\pythonProject\Deadshot - ModMail\cogs\ModMail.py", line 972, in kontakt
    await cur.execute("INSERT INTO tickets(guildID, ticketID, authorID, ticket_grund) VALUES(%s, %s, %s, %s)", (interaction.guild.id, ticket_channel.id, interaction.user.id, self.grund))
                                                                                                                                                                              ^^^^^^^^^^
AttributeError: 'ModMail' object has no attribute 'grund'

The above exception was the direct cause of the following exception:

Traceback (most recent call last):
  File "D:\pythonProject\Deadshot - ModMail\venv\Lib\site-packages\discord\app_commands\tree.py", line 1242, in _call
    await command._invoke_with_namespace(interaction, namespace)
  File "D:\pythonProject\Deadshot - ModMail\venv\Lib\site-packages\discord\app_commands\commands.py", line 887, in _invoke_with_namespace
    return await self._do_call(interaction, transformed_values)
           ^^^^^^^^^^^^^^^^^^^^^^^^^^^^^^^^^^^^^^^^^^^^^^^^^^^^
  File "D:\pythonProject\Deadshot - ModMail\venv\Lib\site-packages\discord\app_commands\commands.py", line 880, in _do_call
    raise CommandInvokeError(self, e) from e
discord.app_commands.errors.CommandInvokeError: Command 'kontakt' raised an exception: AttributeError: 'ModMail' object has no attribute 'grund'
[2023-03-12 20:53:59] [ERROR   ] discord.app_commands.tree: Ignoring exception in command 'kontakt'
Traceback (most recent call last):
  File "D:\pythonProject\Deadshot - ModMail\venv\Lib\site-packages\discord\app_commands\commands.py", line 861, in _do_call
    return await self._callback(self.binding, interaction, **params)  # type: ignore
           ^^^^^^^^^^^^^^^^^^^^^^^^^^^^^^^^^^^^^^^^^^^^^^^^^^^^^^^^^
  File "D:\pythonProject\Deadshot - ModMail\cogs\ModMail.py", line 972, in kontakt
    await cur.execute("INSERT INTO tickets(guildID, ticketID, authorID, ticket_grund) VALUES(%s, %s, %s, %s)", (interaction.guild.id, ticket_channel.id, interaction.user.id, self.grund))
                                                                                                                                                                              ^^^^^^^^^^
AttributeError: 'ModMail' object has no attribute 'grund'

The above exception was the direct cause of the following exception:

Traceback (most recent call last):
  File "D:\pythonProject\Deadshot - ModMail\venv\Lib\site-packages\discord\app_commands\tree.py", line 1242, in _call
    await command._invoke_with_namespace(interaction, namespace)
  File "D:\pythonProject\Deadshot - ModMail\venv\Lib\site-packages\discord\app_commands\commands.py", line 887, in _invoke_with_namespace
    return await self._do_call(interaction, transformed_values)
           ^^^^^^^^^^^^^^^^^^^^^^^^^^^^^^^^^^^^^^^^^^^^^^^^^^^^
  File "D:\pythonProject\Deadshot - ModMail\venv\Lib\site-packages\discord\app_commands\commands.py", line 880, in _do_call
    raise CommandInvokeError(self, e) from e
discord.app_commands.errors.CommandInvokeError: Command 'kontakt' raised an exception: AttributeError: 'ModMail' object has no attribute 'grund'
[2023-03-12 20:54:06] [ERROR   ] discord.client: Ignoring exception in on_message
Traceback (most recent call last):
  File "D:\pythonProject\Deadshot - ModMail\venv\Lib\site-packages\discord\client.py", line 409, in _run_event
    await coro(*args, **kwargs)
  File "D:\pythonProject\Deadshot - ModMail\cogs\ModMail.py", line 835, in on_message
    await send_message(message, None, member)
  File "D:\pythonProject\Deadshot - ModMail\cogs\ModMail.py", line 124, in send_message
    await message.delete()
  File "D:\pythonProject\Deadshot - ModMail\venv\Lib\site-packages\discord\message.py", line 805, in delete
    await self._state.http.delete_message(self.channel.id, self.id)
  File "D:\pythonProject\Deadshot - ModMail\venv\Lib\site-packages\discord\http.py", line 740, in request
    raise NotFound(response, data)
discord.errors.NotFound: 404 Not Found (error code: 10008): Unknown Message
[2023-03-12 20:54:31] [ERROR   ] discord.client: Attempting a reconnect in 2.22s
Traceback (most recent call last):
  File "D:\pythonProject\Deadshot - ModMail\venv\Lib\site-packages\discord\client.py", line 627, in connect
    await self.ws.poll_event()
  File "D:\pythonProject\Deadshot - ModMail\venv\Lib\site-packages\discord\gateway.py", line 646, in poll_event
    raise ConnectionClosed(self.socket, shard_id=self.shard_id, code=code) from None
discord.errors.ConnectionClosed: Shard ID None WebSocket closed with 1000
[2023-03-12 20:54:32] [ERROR   ] discord.client: Ignoring exception in on_message
Traceback (most recent call last):
  File "D:\pythonProject\Deadshot - ModMail\venv\Lib\site-packages\discord\client.py", line 409, in _run_event
    await coro(*args, **kwargs)
  File "D:\pythonProject\Deadshot - ModMail\cogs\ModMail.py", line 835, in on_message
    await send_message(message, None, member)
  File "D:\pythonProject\Deadshot - ModMail\cogs\ModMail.py", line 124, in send_message
    await message.delete()
  File "D:\pythonProject\Deadshot - ModMail\venv\Lib\site-packages\discord\message.py", line 805, in delete
    await self._state.http.delete_message(self.channel.id, self.id)
  File "D:\pythonProject\Deadshot - ModMail\venv\Lib\site-packages\discord\http.py", line 740, in request
    raise NotFound(response, data)
discord.errors.NotFound: 404 Not Found (error code: 10008): Unknown Message
[2023-03-12 20:54:34] [INFO    ] discord.gateway: Shard ID None has successfully RESUMED session 8c2e05341360267b0a372292f0b6c7a0.
[2023-03-12 20:54:43] [ERROR   ] discord.app_commands.tree: Ignoring exception in command 'close'
Traceback (most recent call last):
  File "D:\pythonProject\Deadshot - ModMail\venv\Lib\site-packages\discord\app_commands\commands.py", line 861, in _do_call
    return await self._callback(self.binding, interaction, **params)  # type: ignore
           ^^^^^^^^^^^^^^^^^^^^^^^^^^^^^^^^^^^^^^^^^^^^^^^^^^^^^^^^^
  File "D:\pythonProject\Deadshot - ModMail\cogs\ModMail.py", line 857, in close
    print(db_daten2)
OSError: [Errno 22] Invalid argument

The above exception was the direct cause of the following exception:

Traceback (most recent call last):
  File "D:\pythonProject\Deadshot - ModMail\venv\Lib\site-packages\discord\app_commands\tree.py", line 1242, in _call
    await command._invoke_with_namespace(interaction, namespace)
  File "D:\pythonProject\Deadshot - ModMail\venv\Lib\site-packages\discord\app_commands\commands.py", line 887, in _invoke_with_namespace
    return await self._do_call(interaction, transformed_values)
           ^^^^^^^^^^^^^^^^^^^^^^^^^^^^^^^^^^^^^^^^^^^^^^^^^^^^
  File "D:\pythonProject\Deadshot - ModMail\venv\Lib\site-packages\discord\app_commands\commands.py", line 880, in _do_call
    raise CommandInvokeError(self, e) from e
discord.app_commands.errors.CommandInvokeError: Command 'close' raised an exception: OSError: [Errno 22] Invalid argument
[2023-03-12 20:56:15] [ERROR   ] discord.ui.view: Ignoring exception in view <Close_View timeout=None children=1> for item <Button style=<ButtonStyle.secondary: 2> url=None disabled=False label=None emoji=<PartialEmoji animated=False name='🔒' id=None> row=None>
Traceback (most recent call last):
  File "D:\pythonProject\Deadshot - ModMail\venv\Lib\site-packages\discord\ui\view.py", line 425, in _scheduled_task
    await item.callback(interaction)
  File "D:\pythonProject\Deadshot - ModMail\cogs\ModMail.py", line 400, in close_button
    await interaction.response.edit_message(embed=embed, view=None)
  File "D:\pythonProject\Deadshot - ModMail\venv\Lib\site-packages\discord\interactions.py", line 874, in edit_message
    await adapter.create_interaction_response(
  File "D:\pythonProject\Deadshot - ModMail\venv\Lib\site-packages\discord\webhook\async_.py", line 218, in request
    raise NotFound(response, data)
discord.errors.NotFound: 404 Not Found (error code: 10062): Unknown interaction
[2023-03-12 20:56:15] [ERROR   ] discord.ui.view: Ignoring exception in view <Close_View timeout=None children=1> for item <Button style=<ButtonStyle.secondary: 2> url=None disabled=False label=None emoji=<PartialEmoji animated=False name='🔒' id=None> row=None>
Traceback (most recent call last):
  File "D:\pythonProject\Deadshot - ModMail\venv\Lib\site-packages\discord\ui\view.py", line 425, in _scheduled_task
    await item.callback(interaction)
  File "D:\pythonProject\Deadshot - ModMail\cogs\ModMail.py", line 412, in close_button
    await interaction.response.send_message(embed=embed, ephemeral=True)
  File "D:\pythonProject\Deadshot - ModMail\venv\Lib\site-packages\discord\interactions.py", line 743, in send_message
    raise InteractionResponded(self._parent)
discord.errors.InteractionResponded: This interaction has already been responded to before
[2023-03-12 20:56:28] [INFO    ] discord.gateway: Shard ID None has connected to Gateway (Session ID: fabecebbb59559b927a4abc8e29b49fd).
[2023-03-12 20:58:42] [INFO    ] discord: Reloaded 'ModMail' | Ausgeführt von Luca♛#7857
[2023-03-12 20:58:42] [INFO    ] discord: Reloaded 'ModMail' | Ausgeführt von Luca♛#7857
[2023-03-12 20:58:43] [ERROR   ] discord.app_commands.tree: Ignoring exception in command 'reload'
Traceback (most recent call last):
  File "D:\pythonProject\Deadshot - ModMail\venv\Lib\site-packages\discord\app_commands\commands.py", line 861, in _do_call
    return await self._callback(self.binding, interaction, **params)  # type: ignore
           ^^^^^^^^^^^^^^^^^^^^^^^^^^^^^^^^^^^^^^^^^^^^^^^^^^^^^^^^^
  File "D:\pythonProject\Deadshot - ModMail\cogs\developer.py", line 69, in reload
    await interaction.response.send_message(embed=embed, ephemeral=True)
  File "D:\pythonProject\Deadshot - ModMail\venv\Lib\site-packages\discord\interactions.py", line 769, in send_message
    await adapter.create_interaction_response(
  File "D:\pythonProject\Deadshot - ModMail\venv\Lib\site-packages\discord\webhook\async_.py", line 220, in request
    raise HTTPException(response, data)
discord.errors.HTTPException: 400 Bad Request (error code: 40060): Interaction has already been acknowledged.

The above exception was the direct cause of the following exception:

Traceback (most recent call last):
  File "D:\pythonProject\Deadshot - ModMail\venv\Lib\site-packages\discord\app_commands\tree.py", line 1242, in _call
    await command._invoke_with_namespace(interaction, namespace)
  File "D:\pythonProject\Deadshot - ModMail\venv\Lib\site-packages\discord\app_commands\commands.py", line 887, in _invoke_with_namespace
    return await self._do_call(interaction, transformed_values)
           ^^^^^^^^^^^^^^^^^^^^^^^^^^^^^^^^^^^^^^^^^^^^^^^^^^^^
  File "D:\pythonProject\Deadshot - ModMail\venv\Lib\site-packages\discord\app_commands\commands.py", line 880, in _do_call
    raise CommandInvokeError(self, e) from e
discord.app_commands.errors.CommandInvokeError: Command 'reload' raised an exception: HTTPException: 400 Bad Request (error code: 40060): Interaction has already been acknowledged.
[2023-03-12 20:58:48] [ERROR   ] discord.app_commands.tree: Ignoring exception in command 'kontakt'
Traceback (most recent call last):
  File "D:\pythonProject\Deadshot - ModMail\venv\Lib\site-packages\discord\app_commands\commands.py", line 861, in _do_call
    return await self._callback(self.binding, interaction, **params)  # type: ignore
           ^^^^^^^^^^^^^^^^^^^^^^^^^^^^^^^^^^^^^^^^^^^^^^^^^^^^^^^^^
  File "D:\pythonProject\Deadshot - ModMail\cogs\ModMail.py", line 975, in kontakt
    await interaction.response.send_message(f"› <:DeadShotHacken:1034554637845532692> | Ticket wurde erfolgreich geöffnet.")
  File "D:\pythonProject\Deadshot - ModMail\venv\Lib\site-packages\discord\interactions.py", line 769, in send_message
    await adapter.create_interaction_response(
  File "D:\pythonProject\Deadshot - ModMail\venv\Lib\site-packages\discord\webhook\async_.py", line 220, in request
    raise HTTPException(response, data)
discord.errors.HTTPException: 400 Bad Request (error code: 40060): Interaction has already been acknowledged.

The above exception was the direct cause of the following exception:

Traceback (most recent call last):
  File "D:\pythonProject\Deadshot - ModMail\venv\Lib\site-packages\discord\app_commands\tree.py", line 1242, in _call
    await command._invoke_with_namespace(interaction, namespace)
  File "D:\pythonProject\Deadshot - ModMail\venv\Lib\site-packages\discord\app_commands\commands.py", line 887, in _invoke_with_namespace
    return await self._do_call(interaction, transformed_values)
           ^^^^^^^^^^^^^^^^^^^^^^^^^^^^^^^^^^^^^^^^^^^^^^^^^^^^
  File "D:\pythonProject\Deadshot - ModMail\venv\Lib\site-packages\discord\app_commands\commands.py", line 880, in _do_call
    raise CommandInvokeError(self, e) from e
discord.app_commands.errors.CommandInvokeError: Command 'kontakt' raised an exception: HTTPException: 400 Bad Request (error code: 40060): Interaction has already been acknowledged.
[2023-03-12 20:58:52] [WARNING ] discord.http: We are being rate limited. PUT https://discord.com/api/v10/channels/909501269759127602/messages/1084566196411711588/reactions/%3ADeadShotHacken%3A1034554637845532692/@me responded with 429. Retrying in 0.30 seconds.
[2023-03-12 20:59:49] [ERROR   ] discord.app_commands.tree: Ignoring exception in command 'kontakt'
Traceback (most recent call last):
  File "D:\pythonProject\Deadshot - ModMail\venv\Lib\site-packages\discord\app_commands\commands.py", line 861, in _do_call
    return await self._callback(self.binding, interaction, **params)  # type: ignore
           ^^^^^^^^^^^^^^^^^^^^^^^^^^^^^^^^^^^^^^^^^^^^^^^^^^^^^^^^^
  File "D:\pythonProject\Deadshot - ModMail\cogs\ModMail.py", line 975, in kontakt
    await interaction.response.send_message(f"› <:DeadShotHacken:1034554637845532692> | Ticket wurde erfolgreich geöffnet.")
  File "D:\pythonProject\Deadshot - ModMail\venv\Lib\site-packages\discord\interactions.py", line 769, in send_message
    await adapter.create_interaction_response(
  File "D:\pythonProject\Deadshot - ModMail\venv\Lib\site-packages\discord\webhook\async_.py", line 220, in request
    raise HTTPException(response, data)
discord.errors.HTTPException: 400 Bad Request (error code: 40060): Interaction has already been acknowledged.

The above exception was the direct cause of the following exception:

Traceback (most recent call last):
  File "D:\pythonProject\Deadshot - ModMail\venv\Lib\site-packages\discord\app_commands\tree.py", line 1242, in _call
    await command._invoke_with_namespace(interaction, namespace)
  File "D:\pythonProject\Deadshot - ModMail\venv\Lib\site-packages\discord\app_commands\commands.py", line 887, in _invoke_with_namespace
    return await self._do_call(interaction, transformed_values)
           ^^^^^^^^^^^^^^^^^^^^^^^^^^^^^^^^^^^^^^^^^^^^^^^^^^^^
  File "D:\pythonProject\Deadshot - ModMail\venv\Lib\site-packages\discord\app_commands\commands.py", line 880, in _do_call
    raise CommandInvokeError(self, e) from e
discord.app_commands.errors.CommandInvokeError: Command 'kontakt' raised an exception: HTTPException: 400 Bad Request (error code: 40060): Interaction has already been acknowledged.
[2023-03-12 20:59:59] [ERROR   ] discord.app_commands.tree: Ignoring exception in command 'ticketinfo'
Traceback (most recent call last):
  File "D:\pythonProject\Deadshot - ModMail\venv\Lib\site-packages\discord\app_commands\commands.py", line 861, in _do_call
    return await self._callback(self.binding, interaction, **params)  # type: ignore
           ^^^^^^^^^^^^^^^^^^^^^^^^^^^^^^^^^^^^^^^^^^^^^^^^^^^^^^^^^
  File "D:\pythonProject\Deadshot - ModMail\cogs\info.py", line 538, in ticket_info
    await interaction.response.send_message(embed=embed)
  File "D:\pythonProject\Deadshot - ModMail\venv\Lib\site-packages\discord\interactions.py", line 769, in send_message
    await adapter.create_interaction_response(
  File "D:\pythonProject\Deadshot - ModMail\venv\Lib\site-packages\discord\webhook\async_.py", line 218, in request
    raise NotFound(response, data)
discord.errors.NotFound: 404 Not Found (error code: 10062): Unknown interaction

The above exception was the direct cause of the following exception:

Traceback (most recent call last):
  File "D:\pythonProject\Deadshot - ModMail\venv\Lib\site-packages\discord\app_commands\tree.py", line 1242, in _call
    await command._invoke_with_namespace(interaction, namespace)
  File "D:\pythonProject\Deadshot - ModMail\venv\Lib\site-packages\discord\app_commands\commands.py", line 887, in _invoke_with_namespace
    return await self._do_call(interaction, transformed_values)
           ^^^^^^^^^^^^^^^^^^^^^^^^^^^^^^^^^^^^^^^^^^^^^^^^^^^^
  File "D:\pythonProject\Deadshot - ModMail\venv\Lib\site-packages\discord\app_commands\commands.py", line 880, in _do_call
    raise CommandInvokeError(self, e) from e
discord.app_commands.errors.CommandInvokeError: Command 'ticketinfo' raised an exception: NotFound: 404 Not Found (error code: 10062): Unknown interaction
[2023-03-12 21:00:05] [WARNING ] discord.http: We are being rate limited. PUT https://discord.com/api/v10/channels/909501269759127602/messages/1084566505175384194/reactions/%3ADeadShotHacken%3A1034554637845532692/@me responded with 429. Retrying in 0.30 seconds.
[2023-03-12 21:00:14] [ERROR   ] discord.client: Ignoring exception in on_message
Traceback (most recent call last):
  File "D:\pythonProject\Deadshot - ModMail\venv\Lib\site-packages\discord\client.py", line 409, in _run_event
    await coro(*args, **kwargs)
  File "D:\pythonProject\Deadshot - ModMail\cogs\ModMail.py", line 835, in on_message
    await send_message(message, None, member)
  File "D:\pythonProject\Deadshot - ModMail\cogs\ModMail.py", line 124, in send_message
    await message.delete()
  File "D:\pythonProject\Deadshot - ModMail\venv\Lib\site-packages\discord\message.py", line 805, in delete
    await self._state.http.delete_message(self.channel.id, self.id)
  File "D:\pythonProject\Deadshot - ModMail\venv\Lib\site-packages\discord\http.py", line 740, in request
    raise NotFound(response, data)
discord.errors.NotFound: 404 Not Found (error code: 10008): Unknown Message
[2023-03-12 21:01:16] [INFO    ] discord: Reloaded 'ModMail' | Ausgeführt von Luca♛#7857
[2023-03-12 21:01:16] [INFO    ] discord: Reloaded 'ModMail' | Ausgeführt von Luca♛#7857
[2023-03-12 21:01:16] [ERROR   ] discord.app_commands.tree: Ignoring exception in command 'reload'
Traceback (most recent call last):
  File "D:\pythonProject\Deadshot - ModMail\venv\Lib\site-packages\discord\app_commands\commands.py", line 861, in _do_call
    return await self._callback(self.binding, interaction, **params)  # type: ignore
           ^^^^^^^^^^^^^^^^^^^^^^^^^^^^^^^^^^^^^^^^^^^^^^^^^^^^^^^^^
  File "D:\pythonProject\Deadshot - ModMail\cogs\developer.py", line 69, in reload
    await interaction.response.send_message(embed=embed, ephemeral=True)
  File "D:\pythonProject\Deadshot - ModMail\venv\Lib\site-packages\discord\interactions.py", line 769, in send_message
    await adapter.create_interaction_response(
  File "D:\pythonProject\Deadshot - ModMail\venv\Lib\site-packages\discord\webhook\async_.py", line 218, in request
    raise NotFound(response, data)
discord.errors.NotFound: 404 Not Found (error code: 10062): Unknown interaction

The above exception was the direct cause of the following exception:

Traceback (most recent call last):
  File "D:\pythonProject\Deadshot - ModMail\venv\Lib\site-packages\discord\app_commands\tree.py", line 1242, in _call
    await command._invoke_with_namespace(interaction, namespace)
  File "D:\pythonProject\Deadshot - ModMail\venv\Lib\site-packages\discord\app_commands\commands.py", line 887, in _invoke_with_namespace
    return await self._do_call(interaction, transformed_values)
           ^^^^^^^^^^^^^^^^^^^^^^^^^^^^^^^^^^^^^^^^^^^^^^^^^^^^
  File "D:\pythonProject\Deadshot - ModMail\venv\Lib\site-packages\discord\app_commands\commands.py", line 880, in _do_call
    raise CommandInvokeError(self, e) from e
discord.app_commands.errors.CommandInvokeError: Command 'reload' raised an exception: NotFound: 404 Not Found (error code: 10062): Unknown interaction
[2023-03-12 21:01:22] [ERROR   ] discord.app_commands.tree: Ignoring exception in command 'kontakt'
Traceback (most recent call last):
  File "D:\pythonProject\Deadshot - ModMail\venv\Lib\site-packages\discord\app_commands\commands.py", line 861, in _do_call
    return await self._callback(self.binding, interaction, **params)  # type: ignore
           ^^^^^^^^^^^^^^^^^^^^^^^^^^^^^^^^^^^^^^^^^^^^^^^^^^^^^^^^^
  File "D:\pythonProject\Deadshot - ModMail\cogs\ModMail.py", line 941, in kontakt
    await interaction.response.send_message("Bereits ein Ticket offen")
  File "D:\pythonProject\Deadshot - ModMail\venv\Lib\site-packages\discord\interactions.py", line 769, in send_message
    await adapter.create_interaction_response(
  File "D:\pythonProject\Deadshot - ModMail\venv\Lib\site-packages\discord\webhook\async_.py", line 218, in request
    raise NotFound(response, data)
discord.errors.NotFound: 404 Not Found (error code: 10062): Unknown interaction

The above exception was the direct cause of the following exception:

Traceback (most recent call last):
  File "D:\pythonProject\Deadshot - ModMail\venv\Lib\site-packages\discord\app_commands\tree.py", line 1242, in _call
    await command._invoke_with_namespace(interaction, namespace)
  File "D:\pythonProject\Deadshot - ModMail\venv\Lib\site-packages\discord\app_commands\commands.py", line 887, in _invoke_with_namespace
    return await self._do_call(interaction, transformed_values)
           ^^^^^^^^^^^^^^^^^^^^^^^^^^^^^^^^^^^^^^^^^^^^^^^^^^^^
  File "D:\pythonProject\Deadshot - ModMail\venv\Lib\site-packages\discord\app_commands\commands.py", line 880, in _do_call
    raise CommandInvokeError(self, e) from e
discord.app_commands.errors.CommandInvokeError: Command 'kontakt' raised an exception: NotFound: 404 Not Found (error code: 10062): Unknown interaction
[2023-03-12 21:01:28] [ERROR   ] discord.app_commands.tree: Ignoring exception in command 'close'
Traceback (most recent call last):
  File "D:\pythonProject\Deadshot - ModMail\venv\Lib\site-packages\discord\app_commands\commands.py", line 861, in _do_call
    return await self._callback(self.binding, interaction, **params)  # type: ignore
           ^^^^^^^^^^^^^^^^^^^^^^^^^^^^^^^^^^^^^^^^^^^^^^^^^^^^^^^^^
  File "D:\pythonProject\Deadshot - ModMail\cogs\ModMail.py", line 857, in close
    print(db_daten2)
OSError: [Errno 22] Invalid argument

The above exception was the direct cause of the following exception:

Traceback (most recent call last):
  File "D:\pythonProject\Deadshot - ModMail\venv\Lib\site-packages\discord\app_commands\tree.py", line 1242, in _call
    await command._invoke_with_namespace(interaction, namespace)
  File "D:\pythonProject\Deadshot - ModMail\venv\Lib\site-packages\discord\app_commands\commands.py", line 887, in _invoke_with_namespace
    return await self._do_call(interaction, transformed_values)
           ^^^^^^^^^^^^^^^^^^^^^^^^^^^^^^^^^^^^^^^^^^^^^^^^^^^^
  File "D:\pythonProject\Deadshot - ModMail\venv\Lib\site-packages\discord\app_commands\commands.py", line 880, in _do_call
    raise CommandInvokeError(self, e) from e
discord.app_commands.errors.CommandInvokeError: Command 'close' raised an exception: OSError: [Errno 22] Invalid argument
[2023-03-12 21:01:37] [ERROR   ] discord.app_commands.tree: Ignoring exception in command 'kontakt'
Traceback (most recent call last):
  File "D:\pythonProject\Deadshot - ModMail\venv\Lib\site-packages\discord\app_commands\commands.py", line 861, in _do_call
    return await self._callback(self.binding, interaction, **params)  # type: ignore
           ^^^^^^^^^^^^^^^^^^^^^^^^^^^^^^^^^^^^^^^^^^^^^^^^^^^^^^^^^
  File "D:\pythonProject\Deadshot - ModMail\cogs\ModMail.py", line 981, in kontakt
    await interaction.response.send_message(f"› <:DeadShotHacken:1034554637845532692> | Ticket wurde erfolgreich geöffnet.")
  File "D:\pythonProject\Deadshot - ModMail\venv\Lib\site-packages\discord\interactions.py", line 769, in send_message
    await adapter.create_interaction_response(
  File "D:\pythonProject\Deadshot - ModMail\venv\Lib\site-packages\discord\webhook\async_.py", line 218, in request
    raise NotFound(response, data)
discord.errors.NotFound: 404 Not Found (error code: 10062): Unknown interaction

The above exception was the direct cause of the following exception:

Traceback (most recent call last):
  File "D:\pythonProject\Deadshot - ModMail\venv\Lib\site-packages\discord\app_commands\tree.py", line 1242, in _call
    await command._invoke_with_namespace(interaction, namespace)
  File "D:\pythonProject\Deadshot - ModMail\venv\Lib\site-packages\discord\app_commands\commands.py", line 887, in _invoke_with_namespace
    return await self._do_call(interaction, transformed_values)
           ^^^^^^^^^^^^^^^^^^^^^^^^^^^^^^^^^^^^^^^^^^^^^^^^^^^^
  File "D:\pythonProject\Deadshot - ModMail\venv\Lib\site-packages\discord\app_commands\commands.py", line 880, in _do_call
    raise CommandInvokeError(self, e) from e
discord.app_commands.errors.CommandInvokeError: Command 'kontakt' raised an exception: NotFound: 404 Not Found (error code: 10062): Unknown interaction
[2023-03-12 21:01:48] [ERROR   ] discord.app_commands.tree: Ignoring exception in command 'kontakt'
Traceback (most recent call last):
  File "D:\pythonProject\Deadshot - ModMail\venv\Lib\site-packages\discord\app_commands\commands.py", line 861, in _do_call
    return await self._callback(self.binding, interaction, **params)  # type: ignore
           ^^^^^^^^^^^^^^^^^^^^^^^^^^^^^^^^^^^^^^^^^^^^^^^^^^^^^^^^^
  File "D:\pythonProject\Deadshot - ModMail\cogs\ModMail.py", line 941, in kontakt
    await interaction.response.send_message("Bereits ein Ticket offen")
  File "D:\pythonProject\Deadshot - ModMail\venv\Lib\site-packages\discord\interactions.py", line 769, in send_message
    await adapter.create_interaction_response(
  File "D:\pythonProject\Deadshot - ModMail\venv\Lib\site-packages\discord\webhook\async_.py", line 218, in request
    raise NotFound(response, data)
discord.errors.NotFound: 404 Not Found (error code: 10062): Unknown interaction

The above exception was the direct cause of the following exception:

Traceback (most recent call last):
  File "D:\pythonProject\Deadshot - ModMail\venv\Lib\site-packages\discord\app_commands\tree.py", line 1242, in _call
    await command._invoke_with_namespace(interaction, namespace)
  File "D:\pythonProject\Deadshot - ModMail\venv\Lib\site-packages\discord\app_commands\commands.py", line 887, in _invoke_with_namespace
    return await self._do_call(interaction, transformed_values)
           ^^^^^^^^^^^^^^^^^^^^^^^^^^^^^^^^^^^^^^^^^^^^^^^^^^^^
  File "D:\pythonProject\Deadshot - ModMail\venv\Lib\site-packages\discord\app_commands\commands.py", line 880, in _do_call
    raise CommandInvokeError(self, e) from e
discord.app_commands.errors.CommandInvokeError: Command 'kontakt' raised an exception: NotFound: 404 Not Found (error code: 10062): Unknown interaction
[2023-03-15 18:53:19] [INFO    ] discord.gateway: Shard ID None has connected to Gateway (Session ID: 9132b1c9fcebd91ed2771168f88d9cf3).
[2023-03-15 18:56:22] [ERROR   ] discord.app_commands.tree: Ignoring exception in command 'teaminfo'
Traceback (most recent call last):
  File "D:\pythonProject\Deadshot - ModMail\venv\Lib\site-packages\discord\app_commands\commands.py", line 861, in _do_call
    return await self._callback(self.binding, interaction, **params)  # type: ignore
           ^^^^^^^^^^^^^^^^^^^^^^^^^^^^^^^^^^^^^^^^^^^^^^^^^^^^^^^^^
  File "D:\pythonProject\Deadshot - ModMail\cogs\info.py", line 568, in teaminfo
    db_lvl = daten3[1]
             ~~~~~~^^^
IndexError: tuple index out of range

The above exception was the direct cause of the following exception:

Traceback (most recent call last):
  File "D:\pythonProject\Deadshot - ModMail\venv\Lib\site-packages\discord\app_commands\tree.py", line 1242, in _call
    await command._invoke_with_namespace(interaction, namespace)
  File "D:\pythonProject\Deadshot - ModMail\venv\Lib\site-packages\discord\app_commands\commands.py", line 887, in _invoke_with_namespace
    return await self._do_call(interaction, transformed_values)
           ^^^^^^^^^^^^^^^^^^^^^^^^^^^^^^^^^^^^^^^^^^^^^^^^^^^^
  File "D:\pythonProject\Deadshot - ModMail\venv\Lib\site-packages\discord\app_commands\commands.py", line 880, in _do_call
    raise CommandInvokeError(self, e) from e
discord.app_commands.errors.CommandInvokeError: Command 'teaminfo' raised an exception: IndexError: tuple index out of range
[2023-03-15 18:57:38] [INFO    ] discord.gateway: Shard ID None has successfully RESUMED session 9132b1c9fcebd91ed2771168f88d9cf3.
[2023-03-15 19:01:43] [INFO    ] discord.gateway: Shard ID None has connected to Gateway (Session ID: dfdbb87ca080b4793f32f8467e8859bf).
[2023-03-15 19:04:51] [INFO    ] discord: Reloaded 'info' | Ausgeführt von Luca♛#7857
[2023-03-15 19:05:54] [INFO    ] discord.gateway: Shard ID None has connected to Gateway (Session ID: 16dd7cf8792eae8540c0252d3ea758fc).
[2023-03-15 19:06:07] [INFO    ] discord: Es wurden 17 Befehle synchronisiert. | Ausgeführt von Luca♛#7857
[2023-03-15 19:08:41] [INFO    ] discord: Reloaded 'info' | Ausgeführt von Luca♛#7857
[2023-03-15 19:08:42] [ERROR   ] discord.app_commands.tree: Ignoring exception in command 'reload'
Traceback (most recent call last):
  File "D:\pythonProject\Deadshot - ModMail\venv\Lib\site-packages\discord\app_commands\commands.py", line 861, in _do_call
    return await self._callback(self.binding, interaction, **params)  # type: ignore
           ^^^^^^^^^^^^^^^^^^^^^^^^^^^^^^^^^^^^^^^^^^^^^^^^^^^^^^^^^
  File "D:\pythonProject\Deadshot - ModMail\cogs\developer.py", line 69, in reload
    await interaction.response.send_message(embed=embed, ephemeral=True)
  File "D:\pythonProject\Deadshot - ModMail\venv\Lib\site-packages\discord\interactions.py", line 769, in send_message
    await adapter.create_interaction_response(
  File "D:\pythonProject\Deadshot - ModMail\venv\Lib\site-packages\discord\webhook\async_.py", line 218, in request
    raise NotFound(response, data)
discord.errors.NotFound: 404 Not Found (error code: 10062): Unknown interaction

The above exception was the direct cause of the following exception:

Traceback (most recent call last):
  File "D:\pythonProject\Deadshot - ModMail\venv\Lib\site-packages\discord\app_commands\tree.py", line 1242, in _call
    await command._invoke_with_namespace(interaction, namespace)
  File "D:\pythonProject\Deadshot - ModMail\venv\Lib\site-packages\discord\app_commands\commands.py", line 887, in _invoke_with_namespace
    return await self._do_call(interaction, transformed_values)
           ^^^^^^^^^^^^^^^^^^^^^^^^^^^^^^^^^^^^^^^^^^^^^^^^^^^^
  File "D:\pythonProject\Deadshot - ModMail\venv\Lib\site-packages\discord\app_commands\commands.py", line 880, in _do_call
    raise CommandInvokeError(self, e) from e
discord.app_commands.errors.CommandInvokeError: Command 'reload' raised an exception: NotFound: 404 Not Found (error code: 10062): Unknown interaction
[2023-03-15 19:09:08] [ERROR   ] discord.app_commands.tree: Ignoring exception in command 'userinfo'
Traceback (most recent call last):
  File "D:\pythonProject\Deadshot - ModMail\venv\Lib\site-packages\discord\app_commands\commands.py", line 861, in _do_call
    return await self._callback(self.binding, interaction, **params)  # type: ignore
           ^^^^^^^^^^^^^^^^^^^^^^^^^^^^^^^^^^^^^^^^^^^^^^^^^^^^^^^^^
  File "D:\pythonProject\Deadshot - ModMail\cogs\info.py", line 781, in userinfo
    await interaction.response.send_message(f"{user.mention} ist gebannt.\n"
  File "D:\pythonProject\Deadshot - ModMail\venv\Lib\site-packages\discord\interactions.py", line 769, in send_message
    await adapter.create_interaction_response(
  File "D:\pythonProject\Deadshot - ModMail\venv\Lib\site-packages\discord\webhook\async_.py", line 218, in request
    raise NotFound(response, data)
discord.errors.NotFound: 404 Not Found (error code: 10062): Unknown interaction

The above exception was the direct cause of the following exception:

Traceback (most recent call last):
  File "D:\pythonProject\Deadshot - ModMail\venv\Lib\site-packages\discord\app_commands\tree.py", line 1242, in _call
    await command._invoke_with_namespace(interaction, namespace)
  File "D:\pythonProject\Deadshot - ModMail\venv\Lib\site-packages\discord\app_commands\commands.py", line 887, in _invoke_with_namespace
    return await self._do_call(interaction, transformed_values)
           ^^^^^^^^^^^^^^^^^^^^^^^^^^^^^^^^^^^^^^^^^^^^^^^^^^^^
  File "D:\pythonProject\Deadshot - ModMail\venv\Lib\site-packages\discord\app_commands\commands.py", line 880, in _do_call
    raise CommandInvokeError(self, e) from e
discord.app_commands.errors.CommandInvokeError: Command 'userinfo' raised an exception: NotFound: 404 Not Found (error code: 10062): Unknown interaction
[2023-03-15 19:10:05] [INFO    ] discord: Reloaded 'info' | Ausgeführt von Luca♛#7857
[2023-03-15 19:11:51] [ERROR   ] discord.ext.commands.bot: Ignoring exception in command global_ban
Traceback (most recent call last):
  File "D:\pythonProject\Deadshot - ModMail\venv\Lib\site-packages\discord\ext\commands\bot.py", line 1349, in invoke
    await ctx.command.invoke(ctx)
  File "D:\pythonProject\Deadshot - ModMail\venv\Lib\site-packages\discord\ext\commands\core.py", line 1015, in invoke
    await self.prepare(ctx)
  File "D:\pythonProject\Deadshot - ModMail\venv\Lib\site-packages\discord\ext\commands\core.py", line 932, in prepare
    await self._parse_arguments(ctx)
  File "D:\pythonProject\Deadshot - ModMail\venv\Lib\site-packages\discord\ext\commands\core.py", line 847, in _parse_arguments
    kwargs[name] = await self.transform(ctx, param, attachments)
                   ^^^^^^^^^^^^^^^^^^^^^^^^^^^^^^^^^^^^^^^^^^^^^
  File "D:\pythonProject\Deadshot - ModMail\venv\Lib\site-packages\discord\ext\commands\core.py", line 691, in transform
    raise MissingRequiredArgument(param)
discord.ext.commands.errors.MissingRequiredArgument: grund is a required argument that is missing.
[2023-03-15 19:12:05] [ERROR   ] discord.app_commands.tree: Ignoring exception in command 'userinfo'
Traceback (most recent call last):
  File "D:\pythonProject\Deadshot - ModMail\venv\Lib\site-packages\discord\app_commands\commands.py", line 861, in _do_call
    return await self._callback(self.binding, interaction, **params)  # type: ignore
           ^^^^^^^^^^^^^^^^^^^^^^^^^^^^^^^^^^^^^^^^^^^^^^^^^^^^^^^^^
  File "D:\pythonProject\Deadshot - ModMail\cogs\info.py", line 782, in userinfo
    f"Gebannt von: {await self.bot.fetch_user(db_daten[1]).mention}\n"
                          ^^^^^^^^^^^^^^^^^^^^^^^^^^^^^^^^^^^^^^^^
AttributeError: 'coroutine' object has no attribute 'mention'

The above exception was the direct cause of the following exception:

Traceback (most recent call last):
  File "D:\pythonProject\Deadshot - ModMail\venv\Lib\site-packages\discord\app_commands\tree.py", line 1242, in _call
    await command._invoke_with_namespace(interaction, namespace)
  File "D:\pythonProject\Deadshot - ModMail\venv\Lib\site-packages\discord\app_commands\commands.py", line 887, in _invoke_with_namespace
    return await self._do_call(interaction, transformed_values)
           ^^^^^^^^^^^^^^^^^^^^^^^^^^^^^^^^^^^^^^^^^^^^^^^^^^^^
  File "D:\pythonProject\Deadshot - ModMail\venv\Lib\site-packages\discord\app_commands\commands.py", line 880, in _do_call
    raise CommandInvokeError(self, e) from e
discord.app_commands.errors.CommandInvokeError: Command 'userinfo' raised an exception: AttributeError: 'coroutine' object has no attribute 'mention'
[2023-03-15 19:12:30] [ERROR   ] discord.client: Attempting a reconnect in 1.48s
Traceback (most recent call last):
  File "D:\pythonProject\Deadshot - ModMail\venv\Lib\site-packages\discord\client.py", line 627, in connect
    await self.ws.poll_event()
  File "D:\pythonProject\Deadshot - ModMail\venv\Lib\site-packages\discord\gateway.py", line 646, in poll_event
    raise ConnectionClosed(self.socket, shard_id=self.shard_id, code=code) from None
discord.errors.ConnectionClosed: Shard ID None WebSocket closed with 1000
[2023-03-15 19:12:34] [INFO    ] discord.gateway: Shard ID None has successfully RESUMED session 16dd7cf8792eae8540c0252d3ea758fc.
[2023-03-19 20:07:39] [INFO    ] discord.gateway: Shard ID None has connected to Gateway (Session ID: 8c10f4f088df2235811bfd3a0d2f01b2).
[2023-03-19 20:07:45] [INFO    ] discord: Es wurden 17 Befehle synchronisiert. | Ausgeführt von Luca♛#7857
[2023-03-19 20:08:34] [INFO    ] discord: Reloaded 'info' | Ausgeführt von Luca♛#7857
[2023-03-20 20:10:00] [INFO    ] discord.gateway: Shard ID None has connected to Gateway (Session ID: 8acf2c3d29bc8fe21c95cdf5536a651c).
[2023-03-20 20:10:03] [INFO    ] discord: Es wurden 18 Befehle synchronisiert. | Ausgeführt von Luca♛#7857
[2023-03-20 20:11:55] [INFO    ] discord: Reloaded 'info' | Ausgeführt von Luca♛#7857
[2023-03-20 20:12:00] [INFO    ] discord: Es wurden 18 Befehle synchronisiert. | Ausgeführt von Luca♛#7857
[2023-03-24 18:45:47] [INFO    ] discord.gateway: Shard ID None has connected to Gateway (Session ID: c317373e92f4490e807d6570209b3971).
[2023-03-24 18:51:26] [INFO    ] discord: Reloaded 'ModMail' | Ausgeführt von Luca♛#7857
[2023-03-29 19:01:26] [ERROR   ] discord.ext.tasks: Unhandled exception in internal background task 'status_task'.
Traceback (most recent call last):
  File "D:\pythonProject\Deadshot - ModMail\venv\Lib\site-packages\discord\ext\tasks\__init__.py", line 239, in _loop
    await self.coro(*args, **kwargs)
          ^^^^^^^^^^^^^^^^^^^^^^^^^^
TypeError: status_task() missing 1 required positional argument: 'self'
[2023-03-29 19:01:26] [INFO    ] discord.gateway: Shard ID None has connected to Gateway (Session ID: a84bf36a9378c6a95b06f6afd29b997c).
[2023-03-29 19:03:23] [ERROR   ] discord.ext.tasks: Unhandled exception in internal background task 'status_task'.
Traceback (most recent call last):
  File "D:\pythonProject\Deadshot - ModMail\venv\Lib\site-packages\discord\ext\tasks\__init__.py", line 239, in _loop
    await self.coro(*args, **kwargs)
  File "D:\pythonProject\Deadshot - ModMail\cogs\developer.py", line 19, in status_task
    async with self.bot.pool.acquire() as conn:
               ^^^^^^^^
AttributeError: 'MainDatei' object has no attribute 'bot'
[2023-03-29 19:03:23] [INFO    ] discord.gateway: Shard ID None has connected to Gateway (Session ID: 906c0d7e8f822ab485e318e5ed80b6ca).
[2023-03-29 19:03:40] [ERROR   ] discord.ext.tasks: Unhandled exception in internal background task 'status_task'.
Traceback (most recent call last):
  File "D:\pythonProject\Deadshot - ModMail\venv\Lib\site-packages\discord\ext\tasks\__init__.py", line 239, in _loop
    await self.coro(*args, **kwargs)
  File "D:\pythonProject\Deadshot - ModMail\cogs\developer.py", line 19, in status_task
    async with self.bot.pool.acquire() as conn:
               ^^^^^^^^
AttributeError: 'MainDatei' object has no attribute 'bot'
[2023-03-29 19:03:41] [INFO    ] discord.gateway: Shard ID None has connected to Gateway (Session ID: 07df721dc9d9104eaf5bd7435ba47fe2).
[2023-03-29 19:04:58] [INFO    ] discord.gateway: Shard ID None has connected to Gateway (Session ID: 475dbae89ed070b1e0541fdd630a17e7).
[2023-03-29 19:05:30] [INFO    ] discord.gateway: Shard ID None has connected to Gateway (Session ID: 64f0405542f08e73bcd23f2e46cc3ed4).
[2023-03-29 19:05:44] [INFO    ] discord.gateway: Shard ID None has connected to Gateway (Session ID: 6e5515e826502b83ec60818ce36d1ad4).
[2023-03-29 19:08:15] [ERROR   ] discord.ext.tasks: Unhandled exception in internal background task 'status_task'.
Traceback (most recent call last):
  File "D:\pythonProject\Deadshot - ModMail\venv\Lib\site-packages\discord\ext\tasks\__init__.py", line 239, in _loop
    await self.coro(*args, **kwargs)
  File "D:\pythonProject\Deadshot - ModMail\cogs\developer.py", line 19, in status_task
    @tasks.loop(minutes=10)
                   ^^^^^^^^
AttributeError: 'MainDatei' object has no attribute 'pool'
[2023-03-29 19:08:49] [ERROR   ] discord.ext.tasks: Unhandled exception in internal background task 'status_task'.
Traceback (most recent call last):
  File "D:\pythonProject\Deadshot - ModMail\venv\Lib\site-packages\discord\ext\tasks\__init__.py", line 239, in _loop
    await self.coro(*args, **kwargs)
  File "D:\pythonProject\Deadshot - ModMail\cogs\developer.py", line 21, in status_task
    async with bot.pool.acquire() as conn:
               ^^^^^^^^
AttributeError: 'MainDatei' object has no attribute 'pool'
[2023-03-29 19:08:50] [INFO    ] discord.gateway: Shard ID None has connected to Gateway (Session ID: b24fec95f905187a677901a7ddb2ecf9).
[2023-03-29 19:09:18] [INFO    ] discord.gateway: Shard ID None has connected to Gateway (Session ID: 807416b31da7eca3b49f7c0f02653c79).
[2023-03-29 19:09:27] [INFO    ] discord: Es wurden 17 Befehle synchronisiert. | Ausgeführt von Luca♛#7857
[2023-03-29 19:09:57] [INFO    ] discord.gateway: Shard ID None has connected to Gateway (Session ID: 8b3e9ea531836c51f558ec02685b66cf).
[2023-03-29 19:10:04] [INFO    ] discord: Es wurden 17 Befehle synchronisiert. | Ausgeführt von Luca♛#7857
[2023-03-29 19:10:04] [ERROR   ] discord.ext.tasks: Unhandled exception in internal background task 'status_task'.
Traceback (most recent call last):
  File "D:\pythonProject\Deadshot - ModMail\venv\Lib\site-packages\discord\ext\tasks\__init__.py", line 239, in _loop
    await self.coro(*args, **kwargs)
  File "D:\pythonProject\Deadshot - ModMail\cogs\developer.py", line 23, in status_task
    await cur.execute("SELECT FROM tickets")
  File "D:\pythonProject\Deadshot - ModMail\venv\Lib\site-packages\aiomysql\cursors.py", line 239, in execute
    await self._query(query)
  File "D:\pythonProject\Deadshot - ModMail\venv\Lib\site-packages\aiomysql\cursors.py", line 457, in _query
    await conn.query(q)
  File "D:\pythonProject\Deadshot - ModMail\venv\Lib\site-packages\aiomysql\connection.py", line 469, in query
    await self._read_query_result(unbuffered=unbuffered)
  File "D:\pythonProject\Deadshot - ModMail\venv\Lib\site-packages\aiomysql\connection.py", line 672, in _read_query_result
    await result.read()
  File "D:\pythonProject\Deadshot - ModMail\venv\Lib\site-packages\aiomysql\connection.py", line 1153, in read
    first_packet = await self.connection._read_packet()
                   ^^^^^^^^^^^^^^^^^^^^^^^^^^^^^^^^^^^^
  File "D:\pythonProject\Deadshot - ModMail\venv\Lib\site-packages\aiomysql\connection.py", line 641, in _read_packet
    packet.raise_for_error()
  File "D:\pythonProject\Deadshot - ModMail\venv\Lib\site-packages\pymysql\protocol.py", line 221, in raise_for_error
    err.raise_mysql_exception(self._data)
  File "D:\pythonProject\Deadshot - ModMail\venv\Lib\site-packages\pymysql\err.py", line 143, in raise_mysql_exception
    raise errorclass(errno, errval)
pymysql.err.ProgrammingError: (1064, "You have an error in your SQL syntax; check the manual that corresponds to your MariaDB server version for the right syntax to use near 'FROM tickets' at line 1")
[2023-03-29 19:10:45] [INFO    ] discord.gateway: Shard ID None has connected to Gateway (Session ID: f4e634b4b0dd2d46477fd1ec67e7f850).
[2023-03-29 19:11:00] [INFO    ] discord: Es wurden 17 Befehle synchronisiert. | Ausgeführt von Luca♛#7857
[2023-03-29 19:11:00] [ERROR   ] discord.ext.tasks: Unhandled exception in internal background task 'status_task'.
Traceback (most recent call last):
  File "D:\pythonProject\Deadshot - ModMail\venv\Lib\site-packages\discord\ext\tasks\__init__.py", line 239, in _loop
    await self.coro(*args, **kwargs)
  File "D:\pythonProject\Deadshot - ModMail\cogs\developer.py", line 23, in status_task
    await cur.execute("SELECT FROM tickets")
  File "D:\pythonProject\Deadshot - ModMail\venv\Lib\site-packages\aiomysql\cursors.py", line 239, in execute
    await self._query(query)
  File "D:\pythonProject\Deadshot - ModMail\venv\Lib\site-packages\aiomysql\cursors.py", line 457, in _query
    await conn.query(q)
  File "D:\pythonProject\Deadshot - ModMail\venv\Lib\site-packages\aiomysql\connection.py", line 469, in query
    await self._read_query_result(unbuffered=unbuffered)
  File "D:\pythonProject\Deadshot - ModMail\venv\Lib\site-packages\aiomysql\connection.py", line 672, in _read_query_result
    await result.read()
  File "D:\pythonProject\Deadshot - ModMail\venv\Lib\site-packages\aiomysql\connection.py", line 1153, in read
    first_packet = await self.connection._read_packet()
                   ^^^^^^^^^^^^^^^^^^^^^^^^^^^^^^^^^^^^
  File "D:\pythonProject\Deadshot - ModMail\venv\Lib\site-packages\aiomysql\connection.py", line 641, in _read_packet
    packet.raise_for_error()
  File "D:\pythonProject\Deadshot - ModMail\venv\Lib\site-packages\pymysql\protocol.py", line 221, in raise_for_error
    err.raise_mysql_exception(self._data)
  File "D:\pythonProject\Deadshot - ModMail\venv\Lib\site-packages\pymysql\err.py", line 143, in raise_mysql_exception
    raise errorclass(errno, errval)
pymysql.err.ProgrammingError: (1064, "You have an error in your SQL syntax; check the manual that corresponds to your MariaDB server version for the right syntax to use near 'FROM tickets' at line 1")
[2023-03-29 19:12:18] [INFO    ] discord.gateway: Shard ID None has connected to Gateway (Session ID: be7a0743c58469c09695c3fc0ca29e32).
[2023-03-29 19:12:26] [INFO    ] discord: Es wurden 17 Befehle synchronisiert. | Ausgeführt von Luca♛#7857
[2023-03-29 19:14:52] [INFO    ] discord.gateway: Shard ID None has connected to Gateway (Session ID: 72a1fc4d81605c4f6fdeb360132604a2).
[2023-03-29 19:14:59] [INFO    ] discord: Es wurden 17 Befehle synchronisiert. | Ausgeführt von Luca♛#7857
[2023-03-29 19:16:43] [INFO    ] discord.gateway: Shard ID None has connected to Gateway (Session ID: 6d53effcd0f31993b12d4c46be80ca55).
[2023-03-29 19:16:50] [INFO    ] discord: Es wurden 17 Befehle synchronisiert. | Ausgeführt von Luca♛#7857
[2023-03-29 19:18:01] [INFO    ] discord.gateway: Shard ID None has connected to Gateway (Session ID: 2d5f3049964fab913a0583deb66b7e21).
[2023-03-29 19:28:06] [INFO    ] discord: Es wurden 17 Befehle synchronisiert. | Ausgeführt von Luca♛#7857
[2023-03-29 19:29:00] [INFO    ] discord.gateway: Shard ID None has connected to Gateway (Session ID: c534cdec8df77c8feee6265aab111905).
[2023-03-29 19:29:49] [INFO    ] discord: Es wurden 17 Befehle synchronisiert. | Ausgeführt von Luca♛#7857
[2023-04-08 18:06:23] [INFO    ] discord.gateway: Shard ID None has connected to Gateway (Session ID: 6eb0cace4964001cf2b74f70cc483a2e).
[2023-04-08 18:06:31] [INFO    ] discord: Es wurden 17 Befehle synchronisiert. | Ausgeführt von Luca♛#7857
[2023-04-08 18:10:23] [INFO    ] discord.gateway: Shard ID None has connected to Gateway (Session ID: 8ffc986c7357c935108623eb22424352).
[2023-04-08 18:11:56] [INFO    ] discord: Reloaded 'events' | Ausgeführt von Luca♛#7857
[2023-04-08 18:12:36] [INFO    ] discord.gateway: Shard ID None has connected to Gateway (Session ID: 79c58424f5247b87a9898898320437bd).
[2023-04-08 18:13:09] [INFO    ] discord: Es wurden 17 Befehle synchronisiert. | Ausgeführt von Luca♛#7857
[2023-04-08 18:15:07] [INFO    ] discord.gateway: Shard ID None has connected to Gateway (Session ID: 58ce5226b7cbcfe78f1aa4b45abd0a5f).
[2023-04-08 18:15:47] [INFO    ] discord: Es wurden 17 Befehle synchronisiert. | Ausgeführt von Luca♛#7857
[2023-05-07 16:38:35] [INFO    ] discord.gateway: Shard ID None has connected to Gateway (Session ID: 388186d70fec72cc6ed51da72d27fd15).
[2023-05-07 16:38:49] [INFO    ] discord: Es wurden 17 Befehle synchronisiert. | Ausgeführt von Luca♛#7857
[2023-05-07 16:38:54] [ERROR   ] discord.app_commands.tree: Ignoring exception in command 'about'
Traceback (most recent call last):
  File "D:\pythonProject\Deadshot - ModMail\venv\Lib\site-packages\discord\app_commands\commands.py", line 861, in _do_call
    return await self._callback(self.binding, interaction, **params)  # type: ignore
           ^^^^^^^^^^^^^^^^^^^^^^^^^^^^^^^^^^^^^^^^^^^^^^^^^^^^^^^^^
  File "D:\pythonProject\Deadshot - ModMail\cogs\info.py", line 707, in about
    await interaction.response.send_message(file="https://cdn.discordapp.com/attachments/909501269759127602/912393127682252831/Regelwerk.jpg")
  File "D:\pythonProject\Deadshot - ModMail\venv\Lib\site-packages\discord\interactions.py", line 743, in send_message
    raise InteractionResponded(self._parent)
discord.errors.InteractionResponded: This interaction has already been responded to before

The above exception was the direct cause of the following exception:

Traceback (most recent call last):
  File "D:\pythonProject\Deadshot - ModMail\venv\Lib\site-packages\discord\app_commands\tree.py", line 1242, in _call
    await command._invoke_with_namespace(interaction, namespace)
  File "D:\pythonProject\Deadshot - ModMail\venv\Lib\site-packages\discord\app_commands\commands.py", line 887, in _invoke_with_namespace
    return await self._do_call(interaction, transformed_values)
           ^^^^^^^^^^^^^^^^^^^^^^^^^^^^^^^^^^^^^^^^^^^^^^^^^^^^
  File "D:\pythonProject\Deadshot - ModMail\venv\Lib\site-packages\discord\app_commands\commands.py", line 880, in _do_call
    raise CommandInvokeError(self, e) from e
discord.app_commands.errors.CommandInvokeError: Command 'about' raised an exception: InteractionResponded: This interaction has already been responded to before
[2023-05-07 16:39:24] [INFO    ] discord: Reloaded 'info' | Ausgeführt von Luca♛#7857
[2023-05-07 16:39:29] [ERROR   ] discord.app_commands.tree: Ignoring exception in command 'about'
Traceback (most recent call last):
  File "D:\pythonProject\Deadshot - ModMail\venv\Lib\site-packages\discord\app_commands\commands.py", line 861, in _do_call
    return await self._callback(self.binding, interaction, **params)  # type: ignore
           ^^^^^^^^^^^^^^^^^^^^^^^^^^^^^^^^^^^^^^^^^^^^^^^^^^^^^^^^^
  File "D:\pythonProject\Deadshot - ModMail\cogs\info.py", line 706, in about
    await interaction.response.send_message(embed=embed, file="https://cdn.discordapp.com/attachments/909501269759127602/912393127682252831/Regelwerk.jpg")
  File "D:\pythonProject\Deadshot - ModMail\venv\Lib\site-packages\discord\interactions.py", line 754, in send_message
    params = interaction_message_response_params(
             ^^^^^^^^^^^^^^^^^^^^^^^^^^^^^^^^^^^^
  File "D:\pythonProject\Deadshot - ModMail\venv\Lib\site-packages\discord\webhook\async_.py", line 605, in interaction_message_response_params
    attachments_payload.append(attachment.to_dict())
                               ^^^^^^^^^^^^^^^^^^
AttributeError: 'str' object has no attribute 'to_dict'

The above exception was the direct cause of the following exception:

Traceback (most recent call last):
  File "D:\pythonProject\Deadshot - ModMail\venv\Lib\site-packages\discord\app_commands\tree.py", line 1242, in _call
    await command._invoke_with_namespace(interaction, namespace)
  File "D:\pythonProject\Deadshot - ModMail\venv\Lib\site-packages\discord\app_commands\commands.py", line 887, in _invoke_with_namespace
    return await self._do_call(interaction, transformed_values)
           ^^^^^^^^^^^^^^^^^^^^^^^^^^^^^^^^^^^^^^^^^^^^^^^^^^^^
  File "D:\pythonProject\Deadshot - ModMail\venv\Lib\site-packages\discord\app_commands\commands.py", line 880, in _do_call
    raise CommandInvokeError(self, e) from e
discord.app_commands.errors.CommandInvokeError: Command 'about' raised an exception: AttributeError: 'str' object has no attribute 'to_dict'
[2023-05-07 16:40:01] [INFO    ] discord: Reloaded 'info' | Ausgeführt von Luca♛#7857
[2023-05-07 16:40:05] [ERROR   ] discord.app_commands.tree: Ignoring exception in command 'about'
Traceback (most recent call last):
  File "D:\pythonProject\Deadshot - ModMail\venv\Lib\site-packages\discord\app_commands\commands.py", line 861, in _do_call
    return await self._callback(self.binding, interaction, **params)  # type: ignore
           ^^^^^^^^^^^^^^^^^^^^^^^^^^^^^^^^^^^^^^^^^^^^^^^^^^^^^^^^^
  File "D:\pythonProject\Deadshot - ModMail\cogs\info.py", line 706, in about
    await interaction.response.send_message(embed=embed, files="https://cdn.discordapp.com/attachments/909501269759127602/912393127682252831/Regelwerk.jpg")
  File "D:\pythonProject\Deadshot - ModMail\venv\Lib\site-packages\discord\interactions.py", line 754, in send_message
    params = interaction_message_response_params(
             ^^^^^^^^^^^^^^^^^^^^^^^^^^^^^^^^^^^^
  File "D:\pythonProject\Deadshot - ModMail\venv\Lib\site-packages\discord\webhook\async_.py", line 605, in interaction_message_response_params
    attachments_payload.append(attachment.to_dict())
                               ^^^^^^^^^^^^^^^^^^
AttributeError: 'str' object has no attribute 'to_dict'

The above exception was the direct cause of the following exception:

Traceback (most recent call last):
  File "D:\pythonProject\Deadshot - ModMail\venv\Lib\site-packages\discord\app_commands\tree.py", line 1242, in _call
    await command._invoke_with_namespace(interaction, namespace)
  File "D:\pythonProject\Deadshot - ModMail\venv\Lib\site-packages\discord\app_commands\commands.py", line 887, in _invoke_with_namespace
    return await self._do_call(interaction, transformed_values)
           ^^^^^^^^^^^^^^^^^^^^^^^^^^^^^^^^^^^^^^^^^^^^^^^^^^^^
  File "D:\pythonProject\Deadshot - ModMail\venv\Lib\site-packages\discord\app_commands\commands.py", line 880, in _do_call
    raise CommandInvokeError(self, e) from e
discord.app_commands.errors.CommandInvokeError: Command 'about' raised an exception: AttributeError: 'str' object has no attribute 'to_dict'
[2023-05-07 16:40:29] [ERROR   ] discord.app_commands.tree: Ignoring exception in command 'reload'
Traceback (most recent call last):
  File "D:\pythonProject\Deadshot - ModMail\venv\Lib\site-packages\discord\ext\commands\bot.py", line 934, in _load_from_module_spec
    spec.loader.exec_module(lib)  # type: ignore
    ^^^^^^^^^^^^^^^^^^^^^^^^^^^^
  File "<frozen importlib._bootstrap_external>", line 936, in exec_module
  File "<frozen importlib._bootstrap_external>", line 1074, in get_code
  File "<frozen importlib._bootstrap_external>", line 1004, in source_to_code
  File "<frozen importlib._bootstrap>", line 241, in _call_with_frames_removed
  File "D:\pythonProject\Deadshot - ModMail\cogs\info.py", line 706
    await interaction.response.send_message(embed=embed, files=https://cdn.discordapp.com/attachments/909501269759127602/912393127682252831/Regelwerk.jpg)
                                                                    ^
SyntaxError: invalid syntax

The above exception was the direct cause of the following exception:

Traceback (most recent call last):
  File "D:\pythonProject\Deadshot - ModMail\cogs\developer.py", line 74, in reload
    await self.bot.reload_extension(f"cogs.{datei.value}")
  File "D:\pythonProject\Deadshot - ModMail\venv\Lib\site-packages\discord\ext\commands\bot.py", line 1116, in reload_extension
    await self.load_extension(name)
  File "D:\pythonProject\Deadshot - ModMail\venv\Lib\site-packages\discord\ext\commands\bot.py", line 1012, in load_extension
    await self._load_from_module_spec(spec, name)
  File "D:\pythonProject\Deadshot - ModMail\venv\Lib\site-packages\discord\ext\commands\bot.py", line 937, in _load_from_module_spec
    raise errors.ExtensionFailed(key, e) from e
discord.ext.commands.errors.ExtensionFailed: Extension 'cogs.info' raised an error: SyntaxError: invalid syntax (info.py, line 706)

During handling of the above exception, another exception occurred:

Traceback (most recent call last):
  File "D:\pythonProject\Deadshot - ModMail\venv\Lib\site-packages\discord\app_commands\commands.py", line 861, in _do_call
    return await self._callback(self.binding, interaction, **params)  # type: ignore
           ^^^^^^^^^^^^^^^^^^^^^^^^^^^^^^^^^^^^^^^^^^^^^^^^^^^^^^^^^
  File "D:\pythonProject\Deadshot - ModMail\cogs\developer.py", line 78, in reload
    await self.bot.load_extension(f"cogs.{datei.value}")
  File "D:\pythonProject\Deadshot - ModMail\venv\Lib\site-packages\discord\ext\commands\bot.py", line 1006, in load_extension
    raise errors.ExtensionAlreadyLoaded(name)
discord.ext.commands.errors.ExtensionAlreadyLoaded: Extension 'cogs.info' is already loaded.

The above exception was the direct cause of the following exception:

Traceback (most recent call last):
  File "D:\pythonProject\Deadshot - ModMail\venv\Lib\site-packages\discord\app_commands\tree.py", line 1242, in _call
    await command._invoke_with_namespace(interaction, namespace)
  File "D:\pythonProject\Deadshot - ModMail\venv\Lib\site-packages\discord\app_commands\commands.py", line 887, in _invoke_with_namespace
    return await self._do_call(interaction, transformed_values)
           ^^^^^^^^^^^^^^^^^^^^^^^^^^^^^^^^^^^^^^^^^^^^^^^^^^^^
  File "D:\pythonProject\Deadshot - ModMail\venv\Lib\site-packages\discord\app_commands\commands.py", line 880, in _do_call
    raise CommandInvokeError(self, e) from e
discord.app_commands.errors.CommandInvokeError: Command 'reload' raised an exception: ExtensionAlreadyLoaded: Extension 'cogs.info' is already loaded.
[2023-05-07 16:40:32] [ERROR   ] discord.app_commands.tree: Ignoring exception in command 'about'
Traceback (most recent call last):
  File "D:\pythonProject\Deadshot - ModMail\venv\Lib\site-packages\discord\app_commands\commands.py", line 861, in _do_call
    return await self._callback(self.binding, interaction, **params)  # type: ignore
           ^^^^^^^^^^^^^^^^^^^^^^^^^^^^^^^^^^^^^^^^^^^^^^^^^^^^^^^^^
  File "D:\pythonProject\Deadshot - ModMail\cogs\info.py", line 706, in about
    await interaction.response.send_message(embed=embed, files=https://cdn.discordapp.com/attachments/909501269759127602/912393127682252831/Regelwerk.jpg)
  File "D:\pythonProject\Deadshot - ModMail\venv\Lib\site-packages\discord\interactions.py", line 754, in send_message
    params = interaction_message_response_params(
             ^^^^^^^^^^^^^^^^^^^^^^^^^^^^^^^^^^^^
  File "D:\pythonProject\Deadshot - ModMail\venv\Lib\site-packages\discord\webhook\async_.py", line 605, in interaction_message_response_params
    attachments_payload.append(attachment.to_dict())
                               ^^^^^^^^^^^^^^^^^^
AttributeError: 'str' object has no attribute 'to_dict'

The above exception was the direct cause of the following exception:

Traceback (most recent call last):
  File "D:\pythonProject\Deadshot - ModMail\venv\Lib\site-packages\discord\app_commands\tree.py", line 1242, in _call
    await command._invoke_with_namespace(interaction, namespace)
  File "D:\pythonProject\Deadshot - ModMail\venv\Lib\site-packages\discord\app_commands\commands.py", line 887, in _invoke_with_namespace
    return await self._do_call(interaction, transformed_values)
           ^^^^^^^^^^^^^^^^^^^^^^^^^^^^^^^^^^^^^^^^^^^^^^^^^^^^
  File "D:\pythonProject\Deadshot - ModMail\venv\Lib\site-packages\discord\app_commands\commands.py", line 880, in _do_call
    raise CommandInvokeError(self, e) from e
discord.app_commands.errors.CommandInvokeError: Command 'about' raised an exception: AttributeError: 'str' object has no attribute 'to_dict'
[2023-05-07 16:42:34] [INFO    ] discord: Reloaded 'info' | Ausgeführt von Luca♛#7857
[2023-05-07 16:42:38] [ERROR   ] discord.app_commands.tree: Ignoring exception in command 'about'
Traceback (most recent call last):
  File "D:\pythonProject\Deadshot - ModMail\venv\Lib\site-packages\discord\app_commands\commands.py", line 861, in _do_call
    return await self._callback(self.binding, interaction, **params)  # type: ignore
           ^^^^^^^^^^^^^^^^^^^^^^^^^^^^^^^^^^^^^^^^^^^^^^^^^^^^^^^^^
  File "D:\pythonProject\Deadshot - ModMail\cogs\info.py", line 706, in about
    await interaction.response.send_message(embed=embed, file="avatar_spotify.png")
  File "D:\pythonProject\Deadshot - ModMail\venv\Lib\site-packages\discord\interactions.py", line 754, in send_message
    params = interaction_message_response_params(
             ^^^^^^^^^^^^^^^^^^^^^^^^^^^^^^^^^^^^
  File "D:\pythonProject\Deadshot - ModMail\venv\Lib\site-packages\discord\webhook\async_.py", line 605, in interaction_message_response_params
    attachments_payload.append(attachment.to_dict())
                               ^^^^^^^^^^^^^^^^^^
AttributeError: 'str' object has no attribute 'to_dict'

The above exception was the direct cause of the following exception:

Traceback (most recent call last):
  File "D:\pythonProject\Deadshot - ModMail\venv\Lib\site-packages\discord\app_commands\tree.py", line 1242, in _call
    await command._invoke_with_namespace(interaction, namespace)
  File "D:\pythonProject\Deadshot - ModMail\venv\Lib\site-packages\discord\app_commands\commands.py", line 887, in _invoke_with_namespace
    return await self._do_call(interaction, transformed_values)
           ^^^^^^^^^^^^^^^^^^^^^^^^^^^^^^^^^^^^^^^^^^^^^^^^^^^^
  File "D:\pythonProject\Deadshot - ModMail\venv\Lib\site-packages\discord\app_commands\commands.py", line 880, in _do_call
    raise CommandInvokeError(self, e) from e
discord.app_commands.errors.CommandInvokeError: Command 'about' raised an exception: AttributeError: 'str' object has no attribute 'to_dict'
[2023-05-07 16:43:29] [ERROR   ] discord.app_commands.tree: Ignoring exception in command 'reload'
Traceback (most recent call last):
  File "D:\pythonProject\Deadshot - ModMail\venv\Lib\site-packages\discord\ext\commands\bot.py", line 934, in _load_from_module_spec
    spec.loader.exec_module(lib)  # type: ignore
    ^^^^^^^^^^^^^^^^^^^^^^^^^^^^
  File "<frozen importlib._bootstrap_external>", line 936, in exec_module
  File "<frozen importlib._bootstrap_external>", line 1074, in get_code
  File "<frozen importlib._bootstrap_external>", line 1004, in source_to_code
  File "<frozen importlib._bootstrap>", line 241, in _call_with_frames_removed
  File "D:\pythonProject\Deadshot - ModMail\cogs\info.py", line 695
    file = "C:\Users\lucab\OneDrive\Bilder\hintergrundbilder\avatar_spotify.png"
                                                                                ^
SyntaxError: (unicode error) 'unicodeescape' codec can't decode bytes in position 2-3: truncated \UXXXXXXXX escape

The above exception was the direct cause of the following exception:

Traceback (most recent call last):
  File "D:\pythonProject\Deadshot - ModMail\cogs\developer.py", line 74, in reload
    await self.bot.reload_extension(f"cogs.{datei.value}")
  File "D:\pythonProject\Deadshot - ModMail\venv\Lib\site-packages\discord\ext\commands\bot.py", line 1116, in reload_extension
    await self.load_extension(name)
  File "D:\pythonProject\Deadshot - ModMail\venv\Lib\site-packages\discord\ext\commands\bot.py", line 1012, in load_extension
    await self._load_from_module_spec(spec, name)
  File "D:\pythonProject\Deadshot - ModMail\venv\Lib\site-packages\discord\ext\commands\bot.py", line 937, in _load_from_module_spec
    raise errors.ExtensionFailed(key, e) from e
discord.ext.commands.errors.ExtensionFailed: Extension 'cogs.info' raised an error: SyntaxError: (unicode error) 'unicodeescape' codec can't decode bytes in position 2-3: truncated \UXXXXXXXX escape (info.py, line 695)

During handling of the above exception, another exception occurred:

Traceback (most recent call last):
  File "D:\pythonProject\Deadshot - ModMail\venv\Lib\site-packages\discord\app_commands\commands.py", line 861, in _do_call
    return await self._callback(self.binding, interaction, **params)  # type: ignore
           ^^^^^^^^^^^^^^^^^^^^^^^^^^^^^^^^^^^^^^^^^^^^^^^^^^^^^^^^^
  File "D:\pythonProject\Deadshot - ModMail\cogs\developer.py", line 78, in reload
    await self.bot.load_extension(f"cogs.{datei.value}")
  File "D:\pythonProject\Deadshot - ModMail\venv\Lib\site-packages\discord\ext\commands\bot.py", line 1006, in load_extension
    raise errors.ExtensionAlreadyLoaded(name)
discord.ext.commands.errors.ExtensionAlreadyLoaded: Extension 'cogs.info' is already loaded.

The above exception was the direct cause of the following exception:

Traceback (most recent call last):
  File "D:\pythonProject\Deadshot - ModMail\venv\Lib\site-packages\discord\app_commands\tree.py", line 1242, in _call
    await command._invoke_with_namespace(interaction, namespace)
  File "D:\pythonProject\Deadshot - ModMail\venv\Lib\site-packages\discord\app_commands\commands.py", line 887, in _invoke_with_namespace
    return await self._do_call(interaction, transformed_values)
           ^^^^^^^^^^^^^^^^^^^^^^^^^^^^^^^^^^^^^^^^^^^^^^^^^^^^
  File "D:\pythonProject\Deadshot - ModMail\venv\Lib\site-packages\discord\app_commands\commands.py", line 880, in _do_call
    raise CommandInvokeError(self, e) from e
discord.app_commands.errors.CommandInvokeError: Command 'reload' raised an exception: ExtensionAlreadyLoaded: Extension 'cogs.info' is already loaded.
[2023-05-07 16:43:36] [ERROR   ] discord.app_commands.tree: Ignoring exception in command 'about'
Traceback (most recent call last):
  File "D:\pythonProject\Deadshot - ModMail\venv\Lib\site-packages\discord\app_commands\commands.py", line 861, in _do_call
    return await self._callback(self.binding, interaction, **params)  # type: ignore
           ^^^^^^^^^^^^^^^^^^^^^^^^^^^^^^^^^^^^^^^^^^^^^^^^^^^^^^^^^
  File "D:\pythonProject\Deadshot - ModMail\cogs\info.py", line 706, in about
    embed.add_field(name="Erstellt am", value=f"<t:{timestamp1}:D>", inline=False)
  File "D:\pythonProject\Deadshot - ModMail\venv\Lib\site-packages\discord\interactions.py", line 754, in send_message
    params = interaction_message_response_params(
             ^^^^^^^^^^^^^^^^^^^^^^^^^^^^^^^^^^^^
  File "D:\pythonProject\Deadshot - ModMail\venv\Lib\site-packages\discord\webhook\async_.py", line 605, in interaction_message_response_params
    attachments_payload.append(attachment.to_dict())
                               ^^^^^^^^^^^^^^^^^^
AttributeError: 'str' object has no attribute 'to_dict'

The above exception was the direct cause of the following exception:

Traceback (most recent call last):
  File "D:\pythonProject\Deadshot - ModMail\venv\Lib\site-packages\discord\app_commands\tree.py", line 1242, in _call
    await command._invoke_with_namespace(interaction, namespace)
  File "D:\pythonProject\Deadshot - ModMail\venv\Lib\site-packages\discord\app_commands\commands.py", line 887, in _invoke_with_namespace
    return await self._do_call(interaction, transformed_values)
           ^^^^^^^^^^^^^^^^^^^^^^^^^^^^^^^^^^^^^^^^^^^^^^^^^^^^
  File "D:\pythonProject\Deadshot - ModMail\venv\Lib\site-packages\discord\app_commands\commands.py", line 880, in _do_call
    raise CommandInvokeError(self, e) from e
discord.app_commands.errors.CommandInvokeError: Command 'about' raised an exception: AttributeError: 'str' object has no attribute 'to_dict'
[2023-07-28 13:13:32] [INFO    ] discord.gateway: Shard ID None has connected to Gateway (Session ID: 16d7bf2c11e9fd5ab0ffd22cf88b7496).
[2023-07-28 13:34:37] [INFO    ] discord.gateway: Shard ID None has successfully RESUMED session 16d7bf2c11e9fd5ab0ffd22cf88b7496.
[2023-07-28 14:59:04] [INFO    ] discord.gateway: Shard ID None has successfully RESUMED session 16d7bf2c11e9fd5ab0ffd22cf88b7496.
[2023-07-28 16:21:26] [INFO    ] discord.gateway: Shard ID None has successfully RESUMED session 16d7bf2c11e9fd5ab0ffd22cf88b7496.
[2023-07-28 17:10:20] [INFO    ] discord.gateway: Shard ID None has successfully RESUMED session 16d7bf2c11e9fd5ab0ffd22cf88b7496.
[2023-07-28 17:43:30] [INFO    ] discord.gateway: Shard ID None has successfully RESUMED session 16d7bf2c11e9fd5ab0ffd22cf88b7496.
[2023-07-28 18:15:36] [INFO    ] discord.gateway: Shard ID None has successfully RESUMED session 16d7bf2c11e9fd5ab0ffd22cf88b7496.
[2023-07-28 18:39:30] [INFO    ] discord.gateway: Shard ID None has successfully RESUMED session 16d7bf2c11e9fd5ab0ffd22cf88b7496.
[2023-07-29 06:41:11] [WARNING ] discord.gateway: Shard ID None has stopped responding to the gateway. Closing and restarting.
[2023-07-29 06:41:11] [INFO    ] discord.gateway: Shard ID None session has been invalidated.
[2023-07-29 06:41:17] [INFO    ] discord.gateway: Shard ID None has connected to Gateway (Session ID: 2e5b3590bb61c235d7dc9f00f7c99a89).
[2023-07-29 06:41:19] [ERROR   ] discord.client: Ignoring exception in on_ready
Traceback (most recent call last):
  File "D:\pythonProject\Deadshot - ModMail\venv\Lib\site-packages\discord\client.py", line 409, in _run_event
    await coro(*args, **kwargs)
  File "D:\pythonProject\Deadshot - ModMail\main.py", line 57, in on_ready
    print(f"-----------------------------------\n"
OSError: [Errno 22] Invalid argument
[2023-07-29 06:44:35] [INFO    ] discord.gateway: Shard ID None session has been invalidated.
[2023-07-29 06:44:40] [INFO    ] discord.gateway: Shard ID None has connected to Gateway (Session ID: cfc95696c8d19e106215bafe5d63336e).
[2023-07-29 06:44:42] [ERROR   ] discord.client: Ignoring exception in on_ready
Traceback (most recent call last):
  File "D:\pythonProject\Deadshot - ModMail\venv\Lib\site-packages\discord\client.py", line 409, in _run_event
    await coro(*args, **kwargs)
  File "D:\pythonProject\Deadshot - ModMail\main.py", line 57, in on_ready
    print(f"-----------------------------------\n"
OSError: [Errno 22] Invalid argument
[2026-01-28 08:47:43] [INFO    ] discord.gateway: Shard ID None has connected to Gateway (Session ID: ec84dff22f56e1867d97a9dc3c0ac5e9).
[2026-01-28 08:48:29] [INFO    ] discord.gateway: Shard ID None has connected to Gateway (Session ID: e2e2096472e9e1971669c02caf81bd32).
[2026-01-28 08:52:48] [ERROR   ] discord.app_commands.tree: Ignoring exception in command 'add'
Traceback (most recent call last):
  File "D:\pythonProject\Deadshot - ModMail\venv\Lib\site-packages\discord\app_commands\commands.py", line 861, in _do_call
    return await self._callback(self.binding, interaction, **params)  # type: ignore
           ^^^^^^^^^^^^^^^^^^^^^^^^^^^^^^^^^^^^^^^^^^^^^^^^^^^^^^^^^
  File "D:\pythonProject\Deadshot - ModMail\cogs\autotag.py", line 98, in add
    await interaction.response.send_message(embed=error_embed, ephemeral=True)
  File "D:\pythonProject\Deadshot - ModMail\venv\Lib\site-packages\discord\interactions.py", line 743, in send_message
    raise InteractionResponded(self._parent)
discord.errors.InteractionResponded: This interaction has already been responded to before

The above exception was the direct cause of the following exception:

Traceback (most recent call last):
  File "D:\pythonProject\Deadshot - ModMail\venv\Lib\site-packages\discord\app_commands\tree.py", line 1242, in _call
    await command._invoke_with_namespace(interaction, namespace)
  File "D:\pythonProject\Deadshot - ModMail\venv\Lib\site-packages\discord\app_commands\commands.py", line 887, in _invoke_with_namespace
    return await self._do_call(interaction, transformed_values)
           ^^^^^^^^^^^^^^^^^^^^^^^^^^^^^^^^^^^^^^^^^^^^^^^^^^^^
  File "D:\pythonProject\Deadshot - ModMail\venv\Lib\site-packages\discord\app_commands\commands.py", line 880, in _do_call
    raise CommandInvokeError(self, e) from e
discord.app_commands.errors.CommandInvokeError: Command 'add' raised an exception: InteractionResponded: This interaction has already been responded to before
[2026-01-28 08:56:24] [ERROR   ] discord.ext.commands.bot: Ignoring exception in command None
discord.ext.commands.errors.CommandNotFound: Command "hallo" is not found
[2026-01-28 08:59:08] [ERROR   ] discord.ui.view: Ignoring exception in view <Close_View timeout=None children=1> for item <Button style=<ButtonStyle.secondary: 2> url=None disabled=False label=None emoji=<PartialEmoji animated=False name='🔒' id=None> row=None>
Traceback (most recent call last):
  File "D:\pythonProject\Deadshot - ModMail\venv\Lib\site-packages\discord\ui\view.py", line 425, in _scheduled_task
    await item.callback(interaction)
  File "D:\pythonProject\Deadshot - ModMail\cogs\ModMail.py", line 412, in close_button
    await interaction.response.send_message(embed=embed, ephemeral=True)
  File "D:\pythonProject\Deadshot - ModMail\venv\Lib\site-packages\discord\interactions.py", line 743, in send_message
    raise InteractionResponded(self._parent)
discord.errors.InteractionResponded: This interaction has already been responded to before
[2026-01-28 09:01:21] [ERROR   ] discord.ext.commands.bot: Ignoring exception in command None
discord.ext.commands.errors.CommandNotFound: Command "close" is not found
